location,date,hour,day_of_week,total_slots,occupied_slots,available_slots,bookings,historical_occupancy,occupancy_rate,demand_level
Chennai Mall,2026-06-01,0,0,150,14,136,3,14.09,9.33,LOW
Chennai Mall,2026-06-01,1,0,150,10,140,4,11.21,6.67,LOW
Chennai Mall,2026-06-01,2,0,150,6,144,1,5.0,4.0,LOW
Chennai Mall,2026-06-01,3,0,150,5,145,1,15.84,3.33,LOW
Chennai Mall,2026-06-01,4,0,150,24,126,7,13.53,16.0,LOW
Chennai Mall,2026-06-01,5,0,150,18,132,7,17.11,12.0,LOW
Chennai Mall,2026-06-01,6,0,150,26,124,6,14.27,17.33,LOW
Chennai Mall,2026-06-01,7,0,150,7,143,2,11.04,4.67,LOW
Chennai Mall,2026-06-01,8,0,150,23,127,8,17.88,15.33,LOW
Chennai Mall,2026-06-01,9,0,150,7,143,3,7.63,4.67,LOW
Chennai Mall,2026-06-01,10,0,150,29,121,7,17.2,19.33,LOW
Chennai Mall,2026-06-01,11,0,150,38,112,18,28.8,25.33,LOW
Chennai Mall,2026-06-01,12,0,150,59,91,17,34.3,39.33,LOW
Chennai Mall,2026-06-01,13,0,150,85,65,31,56.32,56.67,MEDIUM
Chennai Mall,2026-06-01,14,0,150,68,82,28,47.96,45.33,LOW
Chennai Mall,2026-06-01,15,0,150,88,62,21,56.16,58.67,MEDIUM
Chennai Mall,2026-06-01,16,0,150,27,123,6,27.76,18.0,LOW
Chennai Mall,2026-06-01,17,0,150,114,36,44,67.66,76.0,MEDIUM
Chennai Mall,2026-06-01,18,0,150,123,27,51,85.03,82.0,HIGH
Chennai Mall,2026-06-01,19,0,150,130,20,45,84.19,86.67,HIGH
Chennai Mall,2026-06-01,20,0,150,114,36,26,76.72,76.0,MEDIUM
Chennai Mall,2026-06-01,21,0,150,92,58,33,70.94,61.33,MEDIUM
Chennai Mall,2026-06-01,22,0,150,55,95,23,30.68,36.67,LOW
Chennai Mall,2026-06-01,23,0,150,36,114,9,22.44,24.0,LOW
T Nagar Commercial Hub,2026-06-01,0,0,120,25,95,11,24.74,20.83,LOW
T Nagar Commercial Hub,2026-06-01,1,0,120,25,95,12,17.93,20.83,LOW
T Nagar Commercial Hub,2026-06-01,2,0,120,11,109,4,7.93,9.17,LOW
T Nagar Commercial Hub,2026-06-01,3,0,120,11,109,3,19.0,9.17,LOW
T Nagar Commercial Hub,2026-06-01,4,0,120,10,110,3,5.97,8.33,LOW
T Nagar Commercial Hub,2026-06-01,5,0,120,12,108,6,19.8,10.0,LOW
T Nagar Commercial Hub,2026-06-01,6,0,120,23,97,7,11.07,19.17,LOW
T Nagar Commercial Hub,2026-06-01,7,0,120,11,109,4,7.11,9.17,LOW
T Nagar Commercial Hub,2026-06-01,8,0,120,9,111,2,5.0,7.5,LOW
T Nagar Commercial Hub,2026-06-01,9,0,120,10,110,3,7.14,8.33,LOW
T Nagar Commercial Hub,2026-06-01,10,0,120,89,31,37,80.67,74.17,MEDIUM
T Nagar Commercial Hub,2026-06-01,11,0,120,88,32,32,76.16,73.33,MEDIUM
T Nagar Commercial Hub,2026-06-01,12,0,120,73,47,19,66.87,60.83,MEDIUM
T Nagar Commercial Hub,2026-06-01,13,0,120,79,41,16,65.39,65.83,MEDIUM
T Nagar Commercial Hub,2026-06-01,14,0,120,90,30,23,66.69,75.0,MEDIUM
T Nagar Commercial Hub,2026-06-01,15,0,120,95,25,23,76.47,79.17,MEDIUM
T Nagar Commercial Hub,2026-06-01,16,0,120,81,39,32,71.31,67.5,MEDIUM
T Nagar Commercial Hub,2026-06-01,17,0,120,101,19,28,93.13,84.17,HIGH
T Nagar Commercial Hub,2026-06-01,18,0,120,70,50,21,68.28,58.33,MEDIUM
T Nagar Commercial Hub,2026-06-01,19,0,120,96,24,22,84.23,80.0,HIGH
T Nagar Commercial Hub,2026-06-01,20,0,120,48,72,10,43.28,40.0,LOW
T Nagar Commercial Hub,2026-06-01,21,0,120,46,74,19,31.45,38.33,LOW
T Nagar Commercial Hub,2026-06-01,22,0,120,64,56,17,46.53,53.33,MEDIUM
T Nagar Commercial Hub,2026-06-01,23,0,120,15,105,7,16.22,12.5,LOW
Velachery Metro Station,2026-06-01,0,0,200,25,175,8,15.59,12.5,LOW
Velachery Metro Station,2026-06-01,1,0,200,23,177,9,7.78,11.5,LOW
Velachery Metro Station,2026-06-01,2,0,200,50,150,17,17.39,25.0,LOW
Velachery Metro Station,2026-06-01,3,0,200,10,190,2,12.81,5.0,LOW
Velachery Metro Station,2026-06-01,4,0,200,29,171,14,18.38,14.5,LOW
Velachery Metro Station,2026-06-01,5,0,200,36,164,11,23.34,18.0,LOW
Velachery Metro Station,2026-06-01,6,0,200,30,170,11,15.2,15.0,LOW
Velachery Metro Station,2026-06-01,7,0,200,197,3,45,98.0,98.5,HIGH
Velachery Metro Station,2026-06-01,8,0,200,188,12,80,91.33,94.0,HIGH
Velachery Metro Station,2026-06-01,9,0,200,179,21,52,98.0,89.5,HIGH
Velachery Metro Station,2026-06-01,10,0,200,191,9,91,95.85,95.5,HIGH
Velachery Metro Station,2026-06-01,11,0,200,167,33,66,79.24,83.5,HIGH
Velachery Metro Station,2026-06-01,12,0,200,167,33,50,83.52,83.5,HIGH
Velachery Metro Station,2026-06-01,13,0,200,155,45,33,72.48,77.5,MEDIUM
Velachery Metro Station,2026-06-01,14,0,200,146,54,55,80.17,73.0,MEDIUM
Velachery Metro Station,2026-06-01,15,0,200,136,64,48,68.87,68.0,MEDIUM
Velachery Metro Station,2026-06-01,16,0,200,171,29,39,77.51,85.5,HIGH
Velachery Metro Station,2026-06-01,17,0,200,186,14,73,94.94,93.0,HIGH
Velachery Metro Station,2026-06-01,18,0,200,190,10,57,97.38,95.0,HIGH
Velachery Metro Station,2026-06-01,19,0,200,190,10,42,87.79,95.0,HIGH
Velachery Metro Station,2026-06-01,20,0,200,166,34,42,93.66,83.0,HIGH
Velachery Metro Station,2026-06-01,21,0,200,70,130,29,25.85,35.0,LOW
Velachery Metro Station,2026-06-01,22,0,200,95,105,37,54.76,47.5,LOW
Velachery Metro Station,2026-06-01,23,0,200,77,123,33,34.09,38.5,LOW
OMR IT Park,2026-06-01,0,0,300,6,294,1,11.48,2.0,LOW
OMR IT Park,2026-06-01,1,0,300,6,294,2,5.41,2.0,LOW
OMR IT Park,2026-06-01,2,0,300,29,271,6,11.8,9.67,LOW
OMR IT Park,2026-06-01,3,0,300,16,284,7,16.74,5.33,LOW
OMR IT Park,2026-06-01,4,0,300,20,280,8,7.57,6.67,LOW
OMR IT Park,2026-06-01,5,0,300,11,289,5,15.92,3.67,LOW
OMR IT Park,2026-06-01,6,0,300,23,277,7,6.02,7.67,LOW
OMR IT Park,2026-06-01,7,0,300,25,275,7,10.73,8.33,LOW
OMR IT Park,2026-06-01,8,0,300,268,32,110,89.34,89.33,HIGH
OMR IT Park,2026-06-01,9,0,300,260,40,115,88.63,86.67,HIGH
OMR IT Park,2026-06-01,10,0,300,236,64,104,73.5,78.67,MEDIUM
OMR IT Park,2026-06-01,11,0,300,277,23,120,91.73,92.33,HIGH
OMR IT Park,2026-06-01,12,0,300,272,28,116,83.94,90.67,HIGH
OMR IT Park,2026-06-01,13,0,300,246,54,110,86.51,82.0,HIGH
OMR IT Park,2026-06-01,14,0,300,255,45,52,90.03,85.0,HIGH
OMR IT Park,2026-06-01,15,0,300,286,14,139,93.23,95.33,HIGH
OMR IT Park,2026-06-01,16,0,300,300,0,100,98.0,100.0,HIGH
OMR IT Park,2026-06-01,17,0,300,183,117,78,51.35,61.0,MEDIUM
OMR IT Park,2026-06-01,18,0,300,203,97,74,69.75,67.67,MEDIUM
OMR IT Park,2026-06-01,19,0,300,180,120,42,65.06,60.0,MEDIUM
OMR IT Park,2026-06-01,20,0,300,59,241,14,24.65,19.67,LOW
OMR IT Park,2026-06-01,21,0,300,46,254,21,17.7,15.33,LOW
OMR IT Park,2026-06-01,22,0,300,98,202,47,26.74,32.67,LOW
OMR IT Park,2026-06-01,23,0,300,24,276,5,16.69,8.0,LOW
Anna Nagar Center,2026-06-01,0,0,100,14,86,7,28.39,14.0,LOW
Anna Nagar Center,2026-06-01,1,0,100,6,94,2,7.2,6.0,LOW
Anna Nagar Center,2026-06-01,2,0,100,10,90,4,9.98,10.0,LOW
Anna Nagar Center,2026-06-01,3,0,100,20,80,9,20.02,20.0,LOW
Anna Nagar Center,2026-06-01,4,0,100,10,90,5,14.39,10.0,LOW
Anna Nagar Center,2026-06-01,5,0,100,8,92,3,6.75,8.0,LOW
Anna Nagar Center,2026-06-01,6,0,100,16,84,6,26.89,16.0,LOW
Anna Nagar Center,2026-06-01,7,0,100,16,84,6,21.57,16.0,LOW
Anna Nagar Center,2026-06-01,8,0,100,46,54,14,40.16,46.0,LOW
Anna Nagar Center,2026-06-01,9,0,100,49,51,22,56.4,49.0,LOW
Anna Nagar Center,2026-06-01,10,0,100,59,41,19,64.5,59.0,MEDIUM
Anna Nagar Center,2026-06-01,11,0,100,63,37,28,61.91,63.0,MEDIUM
Anna Nagar Center,2026-06-01,12,0,100,89,11,28,82.22,89.0,HIGH
Anna Nagar Center,2026-06-01,13,0,100,88,12,30,88.7,88.0,HIGH
Anna Nagar Center,2026-06-01,14,0,100,74,26,34,74.26,74.0,MEDIUM
Anna Nagar Center,2026-06-01,15,0,100,88,12,43,85.26,88.0,HIGH
Anna Nagar Center,2026-06-01,16,0,100,60,40,14,53.25,60.0,MEDIUM
Anna Nagar Center,2026-06-01,17,0,100,60,40,24,66.53,60.0,MEDIUM
Anna Nagar Center,2026-06-01,18,0,100,77,23,31,77.7,77.0,MEDIUM
Anna Nagar Center,2026-06-01,19,0,100,77,23,35,84.72,77.0,MEDIUM
Anna Nagar Center,2026-06-01,20,0,100,81,19,26,78.52,81.0,HIGH
Anna Nagar Center,2026-06-01,21,0,100,73,27,19,72.47,73.0,MEDIUM
Anna Nagar Center,2026-06-01,22,0,100,3,97,1,14.95,3.0,LOW
Anna Nagar Center,2026-06-01,23,0,100,24,76,10,12.23,24.0,LOW
Guindy Corporate Park,2026-06-01,0,0,180,15,165,7,6.83,8.33,LOW
Guindy Corporate Park,2026-06-01,1,0,180,6,174,2,7.16,3.33,LOW
Guindy Corporate Park,2026-06-01,2,0,180,10,170,3,7.69,5.56,LOW
Guindy Corporate Park,2026-06-01,3,0,180,12,168,3,6.69,6.67,LOW
Guindy Corporate Park,2026-06-01,4,0,180,4,176,1,5.46,2.22,LOW
Guindy Corporate Park,2026-06-01,5,0,180,28,152,7,7.58,15.56,LOW
Guindy Corporate Park,2026-06-01,6,0,180,4,176,1,5.0,2.22,LOW
Guindy Corporate Park,2026-06-01,7,0,180,4,176,1,5.0,2.22,LOW
Guindy Corporate Park,2026-06-01,8,0,180,148,32,65,82.8,82.22,HIGH
Guindy Corporate Park,2026-06-01,9,0,180,159,21,67,82.6,88.33,HIGH
Guindy Corporate Park,2026-06-01,10,0,180,131,49,45,68.47,72.78,MEDIUM
Guindy Corporate Park,2026-06-01,11,0,180,161,19,68,80.17,89.44,HIGH
Guindy Corporate Park,2026-06-01,12,0,180,150,30,70,75.72,83.33,HIGH
Guindy Corporate Park,2026-06-01,13,0,180,155,25,52,89.61,86.11,HIGH
Guindy Corporate Park,2026-06-01,14,0,180,157,23,49,85.06,87.22,HIGH
Guindy Corporate Park,2026-06-01,15,0,180,139,41,41,77.09,77.22,MEDIUM
Guindy Corporate Park,2026-06-01,16,0,180,149,31,60,86.71,82.78,HIGH
Guindy Corporate Park,2026-06-01,17,0,180,121,59,44,69.71,67.22,MEDIUM
Guindy Corporate Park,2026-06-01,18,0,180,114,66,27,72.58,63.33,MEDIUM
Guindy Corporate Park,2026-06-01,19,0,180,110,70,41,50.55,61.11,MEDIUM
Guindy Corporate Park,2026-06-01,20,0,180,40,140,11,22.76,22.22,LOW
Guindy Corporate Park,2026-06-01,21,0,180,28,152,7,13.91,15.56,LOW
Guindy Corporate Park,2026-06-01,22,0,180,29,151,14,16.01,16.11,LOW
Guindy Corporate Park,2026-06-01,23,0,180,4,176,2,6.07,2.22,LOW
Chennai Mall,2026-06-02,0,1,150,13,137,6,6.82,8.67,LOW
Chennai Mall,2026-06-02,1,1,150,29,121,12,18.68,19.33,LOW
Chennai Mall,2026-06-02,2,1,150,45,105,13,31.69,30.0,LOW
Chennai Mall,2026-06-02,3,1,150,28,122,9,15.38,18.67,LOW
Chennai Mall,2026-06-02,4,1,150,21,129,8,13.62,14.0,LOW
Chennai Mall,2026-06-02,5,1,150,11,139,4,12.11,7.33,LOW
Chennai Mall,2026-06-02,6,1,150,23,127,5,13.61,15.33,LOW
Chennai Mall,2026-06-02,7,1,150,7,143,3,10.07,4.67,LOW
Chennai Mall,2026-06-02,8,1,150,27,123,9,32.37,18.0,LOW
Chennai Mall,2026-06-02,9,1,150,19,131,5,12.42,12.67,LOW
Chennai Mall,2026-06-02,10,1,150,12,138,5,14.23,8.0,LOW
Chennai Mall,2026-06-02,11,1,150,9,141,2,10.74,6.0,LOW
Chennai Mall,2026-06-02,12,1,150,69,81,24,49.28,46.0,LOW
Chennai Mall,2026-06-02,13,1,150,72,78,32,53.71,48.0,LOW
Chennai Mall,2026-06-02,14,1,150,73,77,21,39.83,48.67,LOW
Chennai Mall,2026-06-02,15,1,150,81,69,38,58.77,54.0,MEDIUM
Chennai Mall,2026-06-02,16,1,150,23,127,9,13.16,15.33,LOW
Chennai Mall,2026-06-02,17,1,150,102,48,31,70.53,68.0,MEDIUM
Chennai Mall,2026-06-02,18,1,150,105,45,38,74.44,70.0,MEDIUM
Chennai Mall,2026-06-02,19,1,150,126,24,37,87.58,84.0,HIGH
Chennai Mall,2026-06-02,20,1,150,113,37,52,72.73,75.33,MEDIUM
Chennai Mall,2026-06-02,21,1,150,115,35,28,70.64,76.67,MEDIUM
Chennai Mall,2026-06-02,22,1,150,41,109,16,29.45,27.33,LOW
Chennai Mall,2026-06-02,23,1,150,43,107,13,35.28,28.67,LOW
T Nagar Commercial Hub,2026-06-02,0,1,120,10,110,3,11.9,8.33,LOW
T Nagar Commercial Hub,2026-06-02,1,1,120,15,105,6,25.15,12.5,LOW
T Nagar Commercial Hub,2026-06-02,2,1,120,13,107,6,8.22,10.83,LOW
T Nagar Commercial Hub,2026-06-02,3,1,120,20,100,7,9.91,16.67,LOW
T Nagar Commercial Hub,2026-06-02,4,1,120,14,106,7,11.86,11.67,LOW
T Nagar Commercial Hub,2026-06-02,5,1,120,23,97,7,14.38,19.17,LOW
T Nagar Commercial Hub,2026-06-02,6,1,120,11,109,2,5.0,9.17,LOW
T Nagar Commercial Hub,2026-06-02,7,1,120,15,105,7,5.0,12.5,LOW
T Nagar Commercial Hub,2026-06-02,8,1,120,17,103,6,6.1,14.17,LOW
T Nagar Commercial Hub,2026-06-02,9,1,120,6,114,2,7.62,5.0,LOW
T Nagar Commercial Hub,2026-06-02,10,1,120,90,30,28,71.67,75.0,MEDIUM
T Nagar Commercial Hub,2026-06-02,11,1,120,86,34,42,77.1,71.67,MEDIUM
T Nagar Commercial Hub,2026-06-02,12,1,120,74,46,37,62.89,61.67,MEDIUM
T Nagar Commercial Hub,2026-06-02,13,1,120,85,35,36,73.3,70.83,MEDIUM
T Nagar Commercial Hub,2026-06-02,14,1,120,78,42,20,66.02,65.0,MEDIUM
T Nagar Commercial Hub,2026-06-02,15,1,120,82,38,18,55.38,68.33,MEDIUM
T Nagar Commercial Hub,2026-06-02,16,1,120,100,20,33,66.09,83.33,HIGH
T Nagar Commercial Hub,2026-06-02,17,1,120,80,40,20,71.04,66.67,MEDIUM
T Nagar Commercial Hub,2026-06-02,18,1,120,97,23,27,84.18,80.83,HIGH
T Nagar Commercial Hub,2026-06-02,19,1,120,90,30,22,75.75,75.0,MEDIUM
T Nagar Commercial Hub,2026-06-02,20,1,120,63,57,17,53.05,52.5,MEDIUM
T Nagar Commercial Hub,2026-06-02,21,1,120,49,71,12,40.13,40.83,LOW
T Nagar Commercial Hub,2026-06-02,22,1,120,60,60,16,50.17,50.0,MEDIUM
T Nagar Commercial Hub,2026-06-02,23,1,120,20,100,6,17.1,16.67,LOW
Velachery Metro Station,2026-06-02,0,1,200,26,174,12,10.33,13.0,LOW
Velachery Metro Station,2026-06-02,1,1,200,4,196,2,14.02,2.0,LOW
Velachery Metro Station,2026-06-02,2,1,200,27,173,8,13.18,13.5,LOW
Velachery Metro Station,2026-06-02,3,1,200,32,168,10,6.79,16.0,LOW
Velachery Metro Station,2026-06-02,4,1,200,16,184,8,10.56,8.0,LOW
Velachery Metro Station,2026-06-02,5,1,200,39,161,17,16.3,19.5,LOW
Velachery Metro Station,2026-06-02,6,1,200,36,164,10,14.74,18.0,LOW
Velachery Metro Station,2026-06-02,7,1,200,157,43,44,83.01,78.5,MEDIUM
Velachery Metro Station,2026-06-02,8,1,200,151,49,55,83.09,75.5,MEDIUM
Velachery Metro Station,2026-06-02,9,1,200,181,19,37,94.36,90.5,HIGH
Velachery Metro Station,2026-06-02,10,1,200,175,25,70,90.32,87.5,HIGH
Velachery Metro Station,2026-06-02,11,1,200,145,55,46,77.19,72.5,MEDIUM
Velachery Metro Station,2026-06-02,12,1,200,157,43,60,80.33,78.5,MEDIUM
Velachery Metro Station,2026-06-02,13,1,200,140,60,43,70.42,70.0,MEDIUM
Velachery Metro Station,2026-06-02,14,1,200,169,31,58,74.17,84.5,HIGH
Velachery Metro Station,2026-06-02,15,1,200,164,36,43,82.84,82.0,HIGH
Velachery Metro Station,2026-06-02,16,1,200,145,55,31,62.97,72.5,MEDIUM
Velachery Metro Station,2026-06-02,17,1,200,174,26,75,96.88,87.0,HIGH
Velachery Metro Station,2026-06-02,18,1,200,174,26,61,84.82,87.0,HIGH
Velachery Metro Station,2026-06-02,19,1,200,180,20,80,92.64,90.0,HIGH
Velachery Metro Station,2026-06-02,20,1,200,186,14,70,98.0,93.0,HIGH
Velachery Metro Station,2026-06-02,21,1,200,70,130,25,37.89,35.0,LOW
Velachery Metro Station,2026-06-02,22,1,200,109,91,43,54.92,54.5,MEDIUM
Velachery Metro Station,2026-06-02,23,1,200,92,108,32,50.47,46.0,LOW
OMR IT Park,2026-06-02,0,1,300,19,281,4,5.0,6.33,LOW
OMR IT Park,2026-06-02,1,1,300,27,273,13,6.51,9.0,LOW
OMR IT Park,2026-06-02,2,1,300,39,261,18,9.15,13.0,LOW
OMR IT Park,2026-06-02,3,1,300,6,294,1,7.06,2.0,LOW
OMR IT Park,2026-06-02,4,1,300,6,294,3,9.01,2.0,LOW
OMR IT Park,2026-06-02,5,1,300,11,289,5,5.0,3.67,LOW
OMR IT Park,2026-06-02,6,1,300,21,279,8,5.97,7.0,LOW
OMR IT Park,2026-06-02,7,1,300,18,282,8,5.0,6.0,LOW
OMR IT Park,2026-06-02,8,1,300,296,4,95,91.53,98.67,HIGH
OMR IT Park,2026-06-02,9,1,300,254,46,126,83.57,84.67,HIGH
OMR IT Park,2026-06-02,10,1,300,252,48,106,80.41,84.0,HIGH
OMR IT Park,2026-06-02,11,1,300,250,50,72,80.27,83.33,HIGH
OMR IT Park,2026-06-02,12,1,300,239,61,96,79.3,79.67,MEDIUM
OMR IT Park,2026-06-02,13,1,300,250,50,116,79.8,83.33,HIGH
OMR IT Park,2026-06-02,14,1,300,300,0,75,93.69,100.0,HIGH
OMR IT Park,2026-06-02,15,1,300,300,0,106,98.0,100.0,HIGH
OMR IT Park,2026-06-02,16,1,300,248,52,63,81.16,82.67,HIGH
OMR IT Park,2026-06-02,17,1,300,204,96,100,68.65,68.0,MEDIUM
OMR IT Park,2026-06-02,18,1,300,213,87,91,66.23,71.0,MEDIUM
OMR IT Park,2026-06-02,19,1,300,205,95,55,65.52,68.33,MEDIUM
OMR IT Park,2026-06-02,20,1,300,80,220,30,24.17,26.67,LOW
OMR IT Park,2026-06-02,21,1,300,47,253,11,19.75,15.67,LOW
OMR IT Park,2026-06-02,22,1,300,103,197,38,38.19,34.33,LOW
OMR IT Park,2026-06-02,23,1,300,6,294,2,5.0,2.0,LOW
Anna Nagar Center,2026-06-02,0,1,100,17,83,5,19.43,17.0,LOW
Anna Nagar Center,2026-06-02,1,1,100,8,92,3,14.31,8.0,LOW
Anna Nagar Center,2026-06-02,2,1,100,25,75,9,15.83,25.0,LOW
Anna Nagar Center,2026-06-02,3,1,100,11,89,4,11.87,11.0,LOW
Anna Nagar Center,2026-06-02,4,1,100,23,77,10,25.59,23.0,LOW
Anna Nagar Center,2026-06-02,5,1,100,22,78,9,26.61,22.0,LOW
Anna Nagar Center,2026-06-02,6,1,100,7,93,3,5.0,7.0,LOW
Anna Nagar Center,2026-06-02,7,1,100,9,91,3,10.22,9.0,LOW
Anna Nagar Center,2026-06-02,8,1,100,43,57,21,32.71,43.0,LOW
Anna Nagar Center,2026-06-02,9,1,100,58,42,21,49.04,58.0,MEDIUM
Anna Nagar Center,2026-06-02,10,1,100,60,40,22,57.49,60.0,MEDIUM
Anna Nagar Center,2026-06-02,11,1,100,68,32,32,56.87,68.0,MEDIUM
Anna Nagar Center,2026-06-02,12,1,100,68,32,15,69.4,68.0,MEDIUM
Anna Nagar Center,2026-06-02,13,1,100,71,29,27,72.8,71.0,MEDIUM
Anna Nagar Center,2026-06-02,14,1,100,72,28,33,73.59,72.0,MEDIUM
Anna Nagar Center,2026-06-02,15,1,100,88,12,18,84.76,88.0,HIGH
Anna Nagar Center,2026-06-02,16,1,100,40,60,17,30.38,40.0,LOW
Anna Nagar Center,2026-06-02,17,1,100,52,48,26,55.05,52.0,MEDIUM
Anna Nagar Center,2026-06-02,18,1,100,71,29,31,73.91,71.0,MEDIUM
Anna Nagar Center,2026-06-02,19,1,100,84,16,24,87.51,84.0,HIGH
Anna Nagar Center,2026-06-02,20,1,100,86,14,42,81.14,86.0,HIGH
Anna Nagar Center,2026-06-02,21,1,100,71,29,20,82.95,71.0,MEDIUM
Anna Nagar Center,2026-06-02,22,1,100,27,73,7,23.65,27.0,LOW
Anna Nagar Center,2026-06-02,23,1,100,9,91,3,8.12,9.0,LOW
Guindy Corporate Park,2026-06-02,0,1,180,19,161,5,8.77,10.56,LOW
Guindy Corporate Park,2026-06-02,1,1,180,20,160,9,12.56,11.11,LOW
Guindy Corporate Park,2026-06-02,2,1,180,9,171,2,9.7,5.0,LOW
Guindy Corporate Park,2026-06-02,3,1,180,24,156,8,11.82,13.33,LOW
Guindy Corporate Park,2026-06-02,4,1,180,7,173,2,5.0,3.89,LOW
Guindy Corporate Park,2026-06-02,5,1,180,4,176,1,5.0,2.22,LOW
Guindy Corporate Park,2026-06-02,6,1,180,4,176,1,9.13,2.22,LOW
Guindy Corporate Park,2026-06-02,7,1,180,4,176,1,5.0,2.22,LOW
Guindy Corporate Park,2026-06-02,8,1,180,159,21,73,79.53,88.33,HIGH
Guindy Corporate Park,2026-06-02,9,1,180,161,19,37,86.64,89.44,HIGH
Guindy Corporate Park,2026-06-02,10,1,180,150,30,62,75.94,83.33,HIGH
Guindy Corporate Park,2026-06-02,11,1,180,157,23,48,90.26,87.22,HIGH
Guindy Corporate Park,2026-06-02,12,1,180,144,36,35,76.94,80.0,HIGH
Guindy Corporate Park,2026-06-02,13,1,180,168,12,44,93.33,93.33,HIGH
Guindy Corporate Park,2026-06-02,14,1,180,151,29,62,79.02,83.89,HIGH
Guindy Corporate Park,2026-06-02,15,1,180,155,25,71,82.36,86.11,HIGH
Guindy Corporate Park,2026-06-02,16,1,180,164,16,73,98.0,91.11,HIGH
Guindy Corporate Park,2026-06-02,17,1,180,94,86,42,56.75,52.22,MEDIUM
Guindy Corporate Park,2026-06-02,18,1,180,113,67,47,72.22,62.78,MEDIUM
Guindy Corporate Park,2026-06-02,19,1,180,88,92,38,49.39,48.89,LOW
Guindy Corporate Park,2026-06-02,20,1,180,67,113,28,27.69,37.22,LOW
Guindy Corporate Park,2026-06-02,21,1,180,29,151,12,22.39,16.11,LOW
Guindy Corporate Park,2026-06-02,22,1,180,35,145,15,15.89,19.44,LOW
Guindy Corporate Park,2026-06-02,23,1,180,4,176,1,5.0,2.22,LOW
Chennai Mall,2026-06-03,0,2,150,30,120,13,34.76,20.0,LOW
Chennai Mall,2026-06-03,1,2,150,15,135,6,11.87,10.0,LOW
Chennai Mall,2026-06-03,2,2,150,37,113,15,16.98,24.67,LOW
Chennai Mall,2026-06-03,3,2,150,31,119,15,16.23,20.67,LOW
Chennai Mall,2026-06-03,4,2,150,14,136,5,7.14,9.33,LOW
Chennai Mall,2026-06-03,5,2,150,14,136,5,15.26,9.33,LOW
Chennai Mall,2026-06-03,6,2,150,13,137,4,13.78,8.67,LOW
Chennai Mall,2026-06-03,7,2,150,40,110,12,18.16,26.67,LOW
Chennai Mall,2026-06-03,8,2,150,24,126,5,19.11,16.0,LOW
Chennai Mall,2026-06-03,9,2,150,3,147,1,9.67,2.0,LOW
Chennai Mall,2026-06-03,10,2,150,23,127,10,6.66,15.33,LOW
Chennai Mall,2026-06-03,11,2,150,16,134,6,14.45,10.67,LOW
Chennai Mall,2026-06-03,12,2,150,93,57,43,67.6,62.0,MEDIUM
Chennai Mall,2026-06-03,13,2,150,66,84,14,42.39,44.0,LOW
Chennai Mall,2026-06-03,14,2,150,79,71,38,48.1,52.67,MEDIUM
Chennai Mall,2026-06-03,15,2,150,69,81,17,47.95,46.0,LOW
Chennai Mall,2026-06-03,16,2,150,38,112,17,27.0,25.33,LOW
Chennai Mall,2026-06-03,17,2,150,104,46,41,90.15,69.33,MEDIUM
Chennai Mall,2026-06-03,18,2,150,98,52,39,71.43,65.33,MEDIUM
Chennai Mall,2026-06-03,19,2,150,132,18,44,84.05,88.0,HIGH
Chennai Mall,2026-06-03,20,2,150,130,20,59,80.38,86.67,HIGH
Chennai Mall,2026-06-03,21,2,150,130,20,50,96.74,86.67,HIGH
Chennai Mall,2026-06-03,22,2,150,54,96,26,37.72,36.0,LOW
Chennai Mall,2026-06-03,23,2,150,46,104,18,37.13,30.67,LOW
T Nagar Commercial Hub,2026-06-03,0,2,120,10,110,4,12.39,8.33,LOW
T Nagar Commercial Hub,2026-06-03,1,2,120,28,92,12,18.73,23.33,LOW
T Nagar Commercial Hub,2026-06-03,2,2,120,18,102,6,15.28,15.0,LOW
T Nagar Commercial Hub,2026-06-03,3,2,120,16,104,7,12.76,13.33,LOW
T Nagar Commercial Hub,2026-06-03,4,2,120,25,95,6,15.66,20.83,LOW
T Nagar Commercial Hub,2026-06-03,5,2,120,11,109,5,5.0,9.17,LOW
T Nagar Commercial Hub,2026-06-03,6,2,120,7,113,2,9.31,5.83,LOW
T Nagar Commercial Hub,2026-06-03,7,2,120,11,109,4,5.0,9.17,LOW
T Nagar Commercial Hub,2026-06-03,8,2,120,9,111,4,10.88,7.5,LOW
T Nagar Commercial Hub,2026-06-03,9,2,120,14,106,4,12.69,11.67,LOW
T Nagar Commercial Hub,2026-06-03,10,2,120,89,31,32,60.38,74.17,MEDIUM
T Nagar Commercial Hub,2026-06-03,11,2,120,93,27,39,78.07,77.5,MEDIUM
T Nagar Commercial Hub,2026-06-03,12,2,120,100,20,48,85.85,83.33,HIGH
T Nagar Commercial Hub,2026-06-03,13,2,120,73,47,17,64.27,60.83,MEDIUM
T Nagar Commercial Hub,2026-06-03,14,2,120,83,37,24,67.23,69.17,MEDIUM
T Nagar Commercial Hub,2026-06-03,15,2,120,89,31,34,82.06,74.17,MEDIUM
T Nagar Commercial Hub,2026-06-03,16,2,120,91,29,22,69.97,75.83,MEDIUM
T Nagar Commercial Hub,2026-06-03,17,2,120,74,46,26,67.28,61.67,MEDIUM
T Nagar Commercial Hub,2026-06-03,18,2,120,94,26,26,73.04,78.33,MEDIUM
T Nagar Commercial Hub,2026-06-03,19,2,120,106,14,39,83.7,88.33,HIGH
T Nagar Commercial Hub,2026-06-03,20,2,120,45,75,17,36.78,37.5,LOW
T Nagar Commercial Hub,2026-06-03,21,2,120,66,54,17,57.49,55.0,MEDIUM
T Nagar Commercial Hub,2026-06-03,22,2,120,64,56,30,48.77,53.33,MEDIUM
T Nagar Commercial Hub,2026-06-03,23,2,120,15,105,4,6.8,12.5,LOW
Velachery Metro Station,2026-06-03,0,2,200,46,154,10,13.2,23.0,LOW
Velachery Metro Station,2026-06-03,1,2,200,42,158,11,8.17,21.0,LOW
Velachery Metro Station,2026-06-03,2,2,200,30,170,7,18.32,15.0,LOW
Velachery Metro Station,2026-06-03,3,2,200,18,182,7,13.47,9.0,LOW
Velachery Metro Station,2026-06-03,4,2,200,26,174,9,5.0,13.0,LOW
Velachery Metro Station,2026-06-03,5,2,200,42,158,14,15.96,21.0,LOW
Velachery Metro Station,2026-06-03,6,2,200,29,171,14,16.94,14.5,LOW
Velachery Metro Station,2026-06-03,7,2,200,166,34,62,79.64,83.0,HIGH
Velachery Metro Station,2026-06-03,8,2,200,163,37,50,81.38,81.5,HIGH
Velachery Metro Station,2026-06-03,9,2,200,158,42,70,81.42,79.0,MEDIUM
Velachery Metro Station,2026-06-03,10,2,200,175,25,69,84.75,87.5,HIGH
Velachery Metro Station,2026-06-03,11,2,200,152,48,61,73.43,76.0,MEDIUM
Velachery Metro Station,2026-06-03,12,2,200,180,20,75,97.63,90.0,HIGH
Velachery Metro Station,2026-06-03,13,2,200,157,43,77,74.97,78.5,MEDIUM
Velachery Metro Station,2026-06-03,14,2,200,140,60,51,76.3,70.0,MEDIUM
Velachery Metro Station,2026-06-03,15,2,200,153,47,47,70.21,76.5,MEDIUM
Velachery Metro Station,2026-06-03,16,2,200,161,39,39,74.93,80.5,HIGH
Velachery Metro Station,2026-06-03,17,2,200,198,2,90,98.0,99.0,HIGH
Velachery Metro Station,2026-06-03,18,2,200,180,20,77,93.42,90.0,HIGH
Velachery Metro Station,2026-06-03,19,2,200,177,23,73,89.7,88.5,HIGH
Velachery Metro Station,2026-06-03,20,2,200,165,35,51,81.06,82.5,HIGH
Velachery Metro Station,2026-06-03,21,2,200,65,135,19,35.73,32.5,LOW
Velachery Metro Station,2026-06-03,22,2,200,93,107,33,34.27,46.5,LOW
Velachery Metro Station,2026-06-03,23,2,200,107,93,49,52.98,53.5,MEDIUM
OMR IT Park,2026-06-03,0,2,300,7,293,3,9.5,2.33,LOW
OMR IT Park,2026-06-03,1,2,300,32,268,9,11.94,10.67,LOW
OMR IT Park,2026-06-03,2,2,300,6,294,2,5.0,2.0,LOW
OMR IT Park,2026-06-03,3,2,300,15,285,7,5.62,5.0,LOW
OMR IT Park,2026-06-03,4,2,300,31,269,13,5.0,10.33,LOW
OMR IT Park,2026-06-03,5,2,300,6,294,1,5.0,2.0,LOW
OMR IT Park,2026-06-03,6,2,300,19,281,6,5.21,6.33,LOW
OMR IT Park,2026-06-03,7,2,300,6,294,1,5.96,2.0,LOW
OMR IT Park,2026-06-03,8,2,300,263,37,104,79.61,87.67,HIGH
OMR IT Park,2026-06-03,9,2,300,215,85,107,73.49,71.67,MEDIUM
OMR IT Park,2026-06-03,10,2,300,209,91,49,69.39,69.67,MEDIUM
OMR IT Park,2026-06-03,11,2,300,259,41,57,82.32,86.33,HIGH
OMR IT Park,2026-06-03,12,2,300,254,46,98,93.73,84.67,HIGH
OMR IT Park,2026-06-03,13,2,300,259,41,121,88.44,86.33,HIGH
OMR IT Park,2026-06-03,14,2,300,260,40,84,82.24,86.67,HIGH
OMR IT Park,2026-06-03,15,2,300,293,7,59,98.0,97.67,HIGH
OMR IT Park,2026-06-03,16,2,300,259,41,72,87.41,86.33,HIGH
OMR IT Park,2026-06-03,17,2,300,208,92,55,63.41,69.33,MEDIUM
OMR IT Park,2026-06-03,18,2,300,142,158,52,50.15,47.33,LOW
OMR IT Park,2026-06-03,19,2,300,173,127,52,61.16,57.67,MEDIUM
OMR IT Park,2026-06-03,20,2,300,69,231,22,27.52,23.0,LOW
OMR IT Park,2026-06-03,21,2,300,75,225,37,25.22,25.0,LOW
OMR IT Park,2026-06-03,22,2,300,102,198,34,25.13,34.0,LOW
OMR IT Park,2026-06-03,23,2,300,11,289,4,8.64,3.67,LOW
Anna Nagar Center,2026-06-03,0,2,100,19,81,7,22.18,19.0,LOW
Anna Nagar Center,2026-06-03,1,2,100,3,97,1,6.65,3.0,LOW
Anna Nagar Center,2026-06-03,2,2,100,15,85,3,15.69,15.0,LOW
Anna Nagar Center,2026-06-03,3,2,100,17,83,5,25.82,17.0,LOW
Anna Nagar Center,2026-06-03,4,2,100,14,86,4,17.78,14.0,LOW
Anna Nagar Center,2026-06-03,5,2,100,9,91,4,5.0,9.0,LOW
Anna Nagar Center,2026-06-03,6,2,100,12,88,4,16.86,12.0,LOW
Anna Nagar Center,2026-06-03,7,2,100,10,90,4,5.0,10.0,LOW
Anna Nagar Center,2026-06-03,8,2,100,54,46,27,56.29,54.0,MEDIUM
Anna Nagar Center,2026-06-03,9,2,100,64,36,27,68.96,64.0,MEDIUM
Anna Nagar Center,2026-06-03,10,2,100,58,42,17,62.09,58.0,MEDIUM
Anna Nagar Center,2026-06-03,11,2,100,61,39,20,56.8,61.0,MEDIUM
Anna Nagar Center,2026-06-03,12,2,100,77,23,21,75.84,77.0,MEDIUM
Anna Nagar Center,2026-06-03,13,2,100,68,32,27,66.97,68.0,MEDIUM
Anna Nagar Center,2026-06-03,14,2,100,72,28,33,72.91,72.0,MEDIUM
Anna Nagar Center,2026-06-03,15,2,100,89,11,30,82.07,89.0,HIGH
Anna Nagar Center,2026-06-03,16,2,100,64,36,25,64.72,64.0,MEDIUM
Anna Nagar Center,2026-06-03,17,2,100,45,55,22,44.59,45.0,LOW
Anna Nagar Center,2026-06-03,18,2,100,66,34,27,65.56,66.0,MEDIUM
Anna Nagar Center,2026-06-03,19,2,100,84,16,38,76.35,84.0,HIGH
Anna Nagar Center,2026-06-03,20,2,100,89,11,31,87.23,89.0,HIGH
Anna Nagar Center,2026-06-03,21,2,100,77,23,36,74.96,77.0,MEDIUM
Anna Nagar Center,2026-06-03,22,2,100,16,84,5,20.12,16.0,LOW
Anna Nagar Center,2026-06-03,23,2,100,8,92,4,5.0,8.0,LOW
Guindy Corporate Park,2026-06-03,0,2,180,12,168,3,5.0,6.67,LOW
Guindy Corporate Park,2026-06-03,1,2,180,15,165,4,13.67,8.33,LOW
Guindy Corporate Park,2026-06-03,2,2,180,10,170,2,12.12,5.56,LOW
Guindy Corporate Park,2026-06-03,3,2,180,7,173,2,5.0,3.89,LOW
Guindy Corporate Park,2026-06-03,4,2,180,4,176,1,5.0,2.22,LOW
Guindy Corporate Park,2026-06-03,5,2,180,7,173,2,16.38,3.89,LOW
Guindy Corporate Park,2026-06-03,6,2,180,20,160,5,5.0,11.11,LOW
Guindy Corporate Park,2026-06-03,7,2,180,24,156,5,5.23,13.33,LOW
Guindy Corporate Park,2026-06-03,8,2,180,162,18,62,93.93,90.0,HIGH
Guindy Corporate Park,2026-06-03,9,2,180,153,27,68,91.05,85.0,HIGH
Guindy Corporate Park,2026-06-03,10,2,180,154,26,64,79.21,85.56,HIGH
Guindy Corporate Park,2026-06-03,11,2,180,155,25,38,98.0,86.11,HIGH
Guindy Corporate Park,2026-06-03,12,2,180,150,30,40,85.23,83.33,HIGH
Guindy Corporate Park,2026-06-03,13,2,180,164,16,54,93.65,91.11,HIGH
Guindy Corporate Park,2026-06-03,14,2,180,163,17,53,92.76,90.56,HIGH
Guindy Corporate Park,2026-06-03,15,2,180,178,2,67,85.43,98.89,HIGH
Guindy Corporate Park,2026-06-03,16,2,180,142,38,30,77.45,78.89,MEDIUM
Guindy Corporate Park,2026-06-03,17,2,180,88,92,31,54.46,48.89,LOW
Guindy Corporate Park,2026-06-03,18,2,180,109,71,49,56.49,60.56,MEDIUM
Guindy Corporate Park,2026-06-03,19,2,180,97,83,34,61.61,53.89,MEDIUM
Guindy Corporate Park,2026-06-03,20,2,180,33,147,11,15.78,18.33,LOW
Guindy Corporate Park,2026-06-03,21,2,180,48,132,12,27.63,26.67,LOW
Guindy Corporate Park,2026-06-03,22,2,180,51,129,20,24.34,28.33,LOW
Guindy Corporate Park,2026-06-03,23,2,180,12,168,3,5.19,6.67,LOW
Chennai Mall,2026-06-04,0,3,150,31,119,13,18.51,20.67,LOW
Chennai Mall,2026-06-04,1,3,150,19,131,4,13.92,12.67,LOW
Chennai Mall,2026-06-04,2,3,150,35,115,11,17.47,23.33,LOW
Chennai Mall,2026-06-04,3,3,150,19,131,7,12.38,12.67,LOW
Chennai Mall,2026-06-04,4,3,150,35,115,10,20.72,23.33,LOW
Chennai Mall,2026-06-04,5,3,150,24,126,9,22.45,16.0,LOW
Chennai Mall,2026-06-04,6,3,150,22,128,7,16.02,14.67,LOW
Chennai Mall,2026-06-04,7,3,150,9,141,2,5.0,6.0,LOW
Chennai Mall,2026-06-04,8,3,150,38,112,9,35.33,25.33,LOW
Chennai Mall,2026-06-04,9,3,150,32,118,13,22.96,21.33,LOW
Chennai Mall,2026-06-04,10,3,150,23,127,8,11.73,15.33,LOW
Chennai Mall,2026-06-04,11,3,150,10,140,3,18.37,6.67,LOW
Chennai Mall,2026-06-04,12,3,150,81,69,29,56.64,54.0,MEDIUM
Chennai Mall,2026-06-04,13,3,150,87,63,38,59.87,58.0,MEDIUM
Chennai Mall,2026-06-04,14,3,150,64,86,19,42.48,42.67,LOW
Chennai Mall,2026-06-04,15,3,150,82,68,38,59.39,54.67,MEDIUM
Chennai Mall,2026-06-04,16,3,150,32,118,11,25.15,21.33,LOW
Chennai Mall,2026-06-04,17,3,150,131,19,62,83.98,87.33,HIGH
Chennai Mall,2026-06-04,18,3,150,112,38,44,77.36,74.67,MEDIUM
Chennai Mall,2026-06-04,19,3,150,132,18,64,81.07,88.0,HIGH
Chennai Mall,2026-06-04,20,3,150,96,54,42,70.69,64.0,MEDIUM
Chennai Mall,2026-06-04,21,3,150,123,27,39,80.97,82.0,HIGH
Chennai Mall,2026-06-04,22,3,150,52,98,21,38.89,34.67,LOW
Chennai Mall,2026-06-04,23,3,150,58,92,27,33.73,38.67,LOW
T Nagar Commercial Hub,2026-06-04,0,3,120,9,111,4,6.57,7.5,LOW
T Nagar Commercial Hub,2026-06-04,1,3,120,17,103,7,9.0,14.17,LOW
T Nagar Commercial Hub,2026-06-04,2,3,120,8,112,3,7.46,6.67,LOW
T Nagar Commercial Hub,2026-06-04,3,3,120,24,96,10,19.28,20.0,LOW
T Nagar Commercial Hub,2026-06-04,4,3,120,13,107,3,13.24,10.83,LOW
T Nagar Commercial Hub,2026-06-04,5,3,120,23,97,11,14.52,19.17,LOW
T Nagar Commercial Hub,2026-06-04,6,3,120,5,115,2,9.17,4.17,LOW
T Nagar Commercial Hub,2026-06-04,7,3,120,27,93,8,19.04,22.5,LOW
T Nagar Commercial Hub,2026-06-04,8,3,120,14,106,4,18.6,11.67,LOW
T Nagar Commercial Hub,2026-06-04,9,3,120,13,107,3,17.38,10.83,LOW
T Nagar Commercial Hub,2026-06-04,10,3,120,91,29,28,75.75,75.83,MEDIUM
T Nagar Commercial Hub,2026-06-04,11,3,120,88,32,34,77.54,73.33,MEDIUM
T Nagar Commercial Hub,2026-06-04,12,3,120,82,38,41,74.94,68.33,MEDIUM
T Nagar Commercial Hub,2026-06-04,13,3,120,92,28,27,71.9,76.67,MEDIUM
T Nagar Commercial Hub,2026-06-04,14,3,120,91,29,41,79.78,75.83,MEDIUM
T Nagar Commercial Hub,2026-06-04,15,3,120,85,35,30,72.04,70.83,MEDIUM
T Nagar Commercial Hub,2026-06-04,16,3,120,85,35,41,61.05,70.83,MEDIUM
T Nagar Commercial Hub,2026-06-04,17,3,120,101,19,40,85.12,84.17,HIGH
T Nagar Commercial Hub,2026-06-04,18,3,120,81,39,30,69.76,67.5,MEDIUM
T Nagar Commercial Hub,2026-06-04,19,3,120,69,51,32,51.39,57.5,MEDIUM
T Nagar Commercial Hub,2026-06-04,20,3,120,59,61,14,48.35,49.17,LOW
T Nagar Commercial Hub,2026-06-04,21,3,120,54,66,25,47.67,45.0,LOW
T Nagar Commercial Hub,2026-06-04,22,3,120,51,69,23,43.89,42.5,LOW
T Nagar Commercial Hub,2026-06-04,23,3,120,10,110,3,5.0,8.33,LOW
Velachery Metro Station,2026-06-04,0,3,200,38,162,14,14.86,19.0,LOW
Velachery Metro Station,2026-06-04,1,3,200,4,196,2,5.0,2.0,LOW
Velachery Metro Station,2026-06-04,2,3,200,25,175,5,5.14,12.5,LOW
Velachery Metro Station,2026-06-04,3,3,200,40,160,15,23.04,20.0,LOW
Velachery Metro Station,2026-06-04,4,3,200,41,159,9,15.14,20.5,LOW
Velachery Metro Station,2026-06-04,5,3,200,23,177,10,13.92,11.5,LOW
Velachery Metro Station,2026-06-04,6,3,200,30,170,13,17.19,15.0,LOW
Velachery Metro Station,2026-06-04,7,3,200,196,4,64,98.0,98.0,HIGH
Velachery Metro Station,2026-06-04,8,3,200,180,20,69,83.94,90.0,HIGH
Velachery Metro Station,2026-06-04,9,3,200,200,0,78,90.5,100.0,HIGH
Velachery Metro Station,2026-06-04,10,3,200,175,25,62,94.56,87.5,HIGH
Velachery Metro Station,2026-06-04,11,3,200,142,58,56,59.86,71.0,MEDIUM
Velachery Metro Station,2026-06-04,12,3,200,183,17,64,90.17,91.5,HIGH
Velachery Metro Station,2026-06-04,13,3,200,162,38,50,80.49,81.0,HIGH
Velachery Metro Station,2026-06-04,14,3,200,156,44,40,68.17,78.0,MEDIUM
Velachery Metro Station,2026-06-04,15,3,200,157,43,56,77.65,78.5,MEDIUM
Velachery Metro Station,2026-06-04,16,3,200,147,53,55,67.21,73.5,MEDIUM
Velachery Metro Station,2026-06-04,17,3,200,187,13,60,91.27,93.5,HIGH
Velachery Metro Station,2026-06-04,18,3,200,167,33,51,87.56,83.5,HIGH
Velachery Metro Station,2026-06-04,19,3,200,184,16,76,97.48,92.0,HIGH
Velachery Metro Station,2026-06-04,20,3,200,195,5,62,95.63,97.5,HIGH
Velachery Metro Station,2026-06-04,21,3,200,86,114,36,39.64,43.0,LOW
Velachery Metro Station,2026-06-04,22,3,200,96,104,47,42.49,48.0,LOW
Velachery Metro Station,2026-06-04,23,3,200,102,98,41,47.46,51.0,MEDIUM
OMR IT Park,2026-06-04,0,3,300,6,294,2,5.0,2.0,LOW
OMR IT Park,2026-06-04,1,3,300,23,277,5,5.0,7.67,LOW
OMR IT Park,2026-06-04,2,3,300,13,287,5,5.0,4.33,LOW
OMR IT Park,2026-06-04,3,3,300,33,267,7,5.0,11.0,LOW
OMR IT Park,2026-06-04,4,3,300,23,277,11,10.88,7.67,LOW
OMR IT Park,2026-06-04,5,3,300,24,276,6,5.0,8.0,LOW
OMR IT Park,2026-06-04,6,3,300,6,294,2,5.0,2.0,LOW
OMR IT Park,2026-06-04,7,3,300,6,294,3,10.28,2.0,LOW
OMR IT Park,2026-06-04,8,3,300,263,37,87,90.54,87.67,HIGH
OMR IT Park,2026-06-04,9,3,300,252,48,110,81.35,84.0,HIGH
OMR IT Park,2026-06-04,10,3,300,248,52,114,83.6,82.67,HIGH
OMR IT Park,2026-06-04,11,3,300,273,27,102,93.03,91.0,HIGH
OMR IT Park,2026-06-04,12,3,300,274,26,112,90.58,91.33,HIGH
OMR IT Park,2026-06-04,13,3,300,258,42,63,80.67,86.0,HIGH
OMR IT Park,2026-06-04,14,3,300,279,21,58,93.87,93.0,HIGH
OMR IT Park,2026-06-04,15,3,300,262,38,58,97.69,87.33,HIGH
OMR IT Park,2026-06-04,16,3,300,272,28,104,81.46,90.67,HIGH
OMR IT Park,2026-06-04,17,3,300,194,106,47,56.8,64.67,MEDIUM
OMR IT Park,2026-06-04,18,3,300,186,114,91,59.76,62.0,MEDIUM
OMR IT Park,2026-06-04,19,3,300,169,131,35,57.8,56.33,MEDIUM
OMR IT Park,2026-06-04,20,3,300,74,226,35,28.35,24.67,LOW
OMR IT Park,2026-06-04,21,3,300,51,249,24,18.47,17.0,LOW
OMR IT Park,2026-06-04,22,3,300,67,233,20,19.63,22.33,LOW
OMR IT Park,2026-06-04,23,3,300,21,279,7,5.0,7.0,LOW
Anna Nagar Center,2026-06-04,0,3,100,20,80,6,26.38,20.0,LOW
Anna Nagar Center,2026-06-04,1,3,100,6,94,3,5.86,6.0,LOW
Anna Nagar Center,2026-06-04,2,3,100,19,81,5,7.03,19.0,LOW
Anna Nagar Center,2026-06-04,3,3,100,13,87,4,25.55,13.0,LOW
Anna Nagar Center,2026-06-04,4,3,100,26,74,10,29.37,26.0,LOW
Anna Nagar Center,2026-06-04,5,3,100,16,84,3,11.03,16.0,LOW
Anna Nagar Center,2026-06-04,6,3,100,10,90,5,15.72,10.0,LOW
Anna Nagar Center,2026-06-04,7,3,100,24,76,11,32.03,24.0,LOW
Anna Nagar Center,2026-06-04,8,3,100,42,58,18,44.67,42.0,LOW
Anna Nagar Center,2026-06-04,9,3,100,47,53,23,41.03,47.0,LOW
Anna Nagar Center,2026-06-04,10,3,100,53,47,17,57.31,53.0,MEDIUM
Anna Nagar Center,2026-06-04,11,3,100,49,51,16,43.52,49.0,LOW
Anna Nagar Center,2026-06-04,12,3,100,85,15,39,75.41,85.0,HIGH
Anna Nagar Center,2026-06-04,13,3,100,91,9,39,85.87,91.0,HIGH
Anna Nagar Center,2026-06-04,14,3,100,82,18,38,77.17,82.0,HIGH
Anna Nagar Center,2026-06-04,15,3,100,66,34,23,71.45,66.0,MEDIUM
Anna Nagar Center,2026-06-04,16,3,100,62,38,26,54.46,62.0,MEDIUM
Anna Nagar Center,2026-06-04,17,3,100,56,44,17,53.58,56.0,MEDIUM
Anna Nagar Center,2026-06-04,18,3,100,81,19,39,80.08,81.0,HIGH
Anna Nagar Center,2026-06-04,19,3,100,64,36,13,69.49,64.0,MEDIUM
Anna Nagar Center,2026-06-04,20,3,100,84,16,20,85.55,84.0,HIGH
Anna Nagar Center,2026-06-04,21,3,100,84,16,36,88.24,84.0,HIGH
Anna Nagar Center,2026-06-04,22,3,100,20,80,7,22.98,20.0,LOW
Anna Nagar Center,2026-06-04,23,3,100,2,98,0,5.0,2.0,LOW
Guindy Corporate Park,2026-06-04,0,3,180,9,171,4,5.0,5.0,LOW
Guindy Corporate Park,2026-06-04,1,3,180,5,175,1,5.62,2.78,LOW
Guindy Corporate Park,2026-06-04,2,3,180,13,167,5,5.0,7.22,LOW
Guindy Corporate Park,2026-06-04,3,3,180,4,176,1,5.0,2.22,LOW
Guindy Corporate Park,2026-06-04,4,3,180,12,168,6,5.0,6.67,LOW
Guindy Corporate Park,2026-06-04,5,3,180,8,172,3,8.41,4.44,LOW
Guindy Corporate Park,2026-06-04,6,3,180,7,173,3,5.0,3.89,LOW
Guindy Corporate Park,2026-06-04,7,3,180,4,176,2,6.54,2.22,LOW
Guindy Corporate Park,2026-06-04,8,3,180,160,20,62,76.13,88.89,HIGH
Guindy Corporate Park,2026-06-04,9,3,180,123,57,51,75.71,68.33,MEDIUM
Guindy Corporate Park,2026-06-04,10,3,180,164,16,58,97.41,91.11,HIGH
Guindy Corporate Park,2026-06-04,11,3,180,145,35,50,87.02,80.56,HIGH
Guindy Corporate Park,2026-06-04,12,3,180,155,25,34,80.38,86.11,HIGH
Guindy Corporate Park,2026-06-04,13,3,180,165,15,47,93.55,91.67,HIGH
Guindy Corporate Park,2026-06-04,14,3,180,162,18,37,98.0,90.0,HIGH
Guindy Corporate Park,2026-06-04,15,3,180,160,20,47,84.04,88.89,HIGH
Guindy Corporate Park,2026-06-04,16,3,180,169,11,80,98.0,93.89,HIGH
Guindy Corporate Park,2026-06-04,17,3,180,107,73,34,69.34,59.44,MEDIUM
Guindy Corporate Park,2026-06-04,18,3,180,121,59,49,61.74,67.22,MEDIUM
Guindy Corporate Park,2026-06-04,19,3,180,128,52,30,79.44,71.11,MEDIUM
Guindy Corporate Park,2026-06-04,20,3,180,53,127,16,31.34,29.44,LOW
Guindy Corporate Park,2026-06-04,21,3,180,46,134,16,34.22,25.56,LOW
Guindy Corporate Park,2026-06-04,22,3,180,27,153,6,12.1,15.0,LOW
Guindy Corporate Park,2026-06-04,23,3,180,21,159,10,6.54,11.67,LOW
Chennai Mall,2026-06-05,0,4,150,12,138,6,19.76,8.0,LOW
Chennai Mall,2026-06-05,1,4,150,18,132,5,17.33,12.0,LOW
Chennai Mall,2026-06-05,2,4,150,17,133,5,11.78,11.33,LOW
Chennai Mall,2026-06-05,3,4,150,34,116,9,14.09,22.67,LOW
Chennai Mall,2026-06-05,4,4,150,30,120,7,15.74,20.0,LOW
Chennai Mall,2026-06-05,5,4,150,3,147,1,7.83,2.0,LOW
Chennai Mall,2026-06-05,6,4,150,3,147,1,5.0,2.0,LOW
Chennai Mall,2026-06-05,7,4,150,10,140,3,5.0,6.67,LOW
Chennai Mall,2026-06-05,8,4,150,23,127,8,15.69,15.33,LOW
Chennai Mall,2026-06-05,9,4,150,45,105,13,25.35,30.0,LOW
Chennai Mall,2026-06-05,10,4,150,31,119,15,28.22,20.67,LOW
Chennai Mall,2026-06-05,11,4,150,10,140,3,8.47,6.67,LOW
Chennai Mall,2026-06-05,12,4,150,65,85,23,36.73,43.33,LOW
Chennai Mall,2026-06-05,13,4,150,78,72,38,41.95,52.0,MEDIUM
Chennai Mall,2026-06-05,14,4,150,95,55,32,64.56,63.33,MEDIUM
Chennai Mall,2026-06-05,15,4,150,73,77,20,49.05,48.67,LOW
Chennai Mall,2026-06-05,16,4,150,22,128,8,9.39,14.67,LOW
Chennai Mall,2026-06-05,17,4,150,102,48,23,66.59,68.0,MEDIUM
Chennai Mall,2026-06-05,18,4,150,107,43,26,70.42,71.33,MEDIUM
Chennai Mall,2026-06-05,19,4,150,121,29,29,86.38,80.67,HIGH
Chennai Mall,2026-06-05,20,4,150,120,30,48,91.55,80.0,HIGH
Chennai Mall,2026-06-05,21,4,150,109,41,31,69.79,72.67,MEDIUM
Chennai Mall,2026-06-05,22,4,150,46,104,10,32.5,30.67,LOW
Chennai Mall,2026-06-05,23,4,150,30,120,14,22.17,20.0,LOW
T Nagar Commercial Hub,2026-06-05,0,4,120,16,104,6,5.0,13.33,LOW
T Nagar Commercial Hub,2026-06-05,1,4,120,10,110,4,5.0,8.33,LOW
T Nagar Commercial Hub,2026-06-05,2,4,120,14,106,3,12.78,11.67,LOW
T Nagar Commercial Hub,2026-06-05,3,4,120,16,104,4,13.54,13.33,LOW
T Nagar Commercial Hub,2026-06-05,4,4,120,23,97,7,21.07,19.17,LOW
T Nagar Commercial Hub,2026-06-05,5,4,120,11,109,4,12.34,9.17,LOW
T Nagar Commercial Hub,2026-06-05,6,4,120,26,94,12,16.81,21.67,LOW
T Nagar Commercial Hub,2026-06-05,7,4,120,23,97,11,22.02,19.17,LOW
T Nagar Commercial Hub,2026-06-05,8,4,120,19,101,8,10.14,15.83,LOW
T Nagar Commercial Hub,2026-06-05,9,4,120,15,105,4,14.59,12.5,LOW
T Nagar Commercial Hub,2026-06-05,10,4,120,89,31,18,81.94,74.17,MEDIUM
T Nagar Commercial Hub,2026-06-05,11,4,120,74,46,20,59.19,61.67,MEDIUM
T Nagar Commercial Hub,2026-06-05,12,4,120,89,31,40,70.44,74.17,MEDIUM
T Nagar Commercial Hub,2026-06-05,13,4,120,93,27,19,73.86,77.5,MEDIUM
T Nagar Commercial Hub,2026-06-05,14,4,120,84,36,24,73.72,70.0,MEDIUM
T Nagar Commercial Hub,2026-06-05,15,4,120,79,41,34,61.93,65.83,MEDIUM
T Nagar Commercial Hub,2026-06-05,16,4,120,100,20,31,85.9,83.33,HIGH
T Nagar Commercial Hub,2026-06-05,17,4,120,97,23,30,71.79,80.83,HIGH
T Nagar Commercial Hub,2026-06-05,18,4,120,89,31,42,73.43,74.17,MEDIUM
T Nagar Commercial Hub,2026-06-05,19,4,120,70,50,15,62.71,58.33,MEDIUM
T Nagar Commercial Hub,2026-06-05,20,4,120,44,76,12,34.95,36.67,LOW
T Nagar Commercial Hub,2026-06-05,21,4,120,65,55,24,68.68,54.17,MEDIUM
T Nagar Commercial Hub,2026-06-05,22,4,120,55,65,17,52.71,45.83,LOW
T Nagar Commercial Hub,2026-06-05,23,4,120,27,93,9,16.38,22.5,LOW
Velachery Metro Station,2026-06-05,0,4,200,27,173,7,5.84,13.5,LOW
Velachery Metro Station,2026-06-05,1,4,200,18,182,4,12.19,9.0,LOW
Velachery Metro Station,2026-06-05,2,4,200,12,188,4,9.58,6.0,LOW
Velachery Metro Station,2026-06-05,3,4,200,31,169,13,21.95,15.5,LOW
Velachery Metro Station,2026-06-05,4,4,200,27,173,13,18.68,13.5,LOW
Velachery Metro Station,2026-06-05,5,4,200,23,177,5,5.0,11.5,LOW
Velachery Metro Station,2026-06-05,6,4,200,18,182,4,5.0,9.0,LOW
Velachery Metro Station,2026-06-05,7,4,200,191,9,56,92.4,95.5,HIGH
Velachery Metro Station,2026-06-05,8,4,200,176,24,80,88.25,88.0,HIGH
Velachery Metro Station,2026-06-05,9,4,200,169,31,70,81.62,84.5,HIGH
Velachery Metro Station,2026-06-05,10,4,200,187,13,88,89.02,93.5,HIGH
Velachery Metro Station,2026-06-05,11,4,200,178,22,71,75.92,89.0,HIGH
Velachery Metro Station,2026-06-05,12,4,200,154,46,38,73.33,77.0,MEDIUM
Velachery Metro Station,2026-06-05,13,4,200,172,28,36,84.58,86.0,HIGH
Velachery Metro Station,2026-06-05,14,4,200,140,60,58,78.74,70.0,MEDIUM
Velachery Metro Station,2026-06-05,15,4,200,168,32,59,78.88,84.0,HIGH
Velachery Metro Station,2026-06-05,16,4,200,160,40,54,81.62,80.0,HIGH
Velachery Metro Station,2026-06-05,17,4,200,200,0,92,98.0,100.0,HIGH
Velachery Metro Station,2026-06-05,18,4,200,174,26,53,91.54,87.0,HIGH
Velachery Metro Station,2026-06-05,19,4,200,186,14,68,94.39,93.0,HIGH
Velachery Metro Station,2026-06-05,20,4,200,182,18,45,97.88,91.0,HIGH
Velachery Metro Station,2026-06-05,21,4,200,95,105,20,56.88,47.5,LOW
Velachery Metro Station,2026-06-05,22,4,200,102,98,27,53.25,51.0,MEDIUM
Velachery Metro Station,2026-06-05,23,4,200,96,104,47,54.22,48.0,LOW
OMR IT Park,2026-06-05,0,4,300,24,276,11,5.0,8.0,LOW
OMR IT Park,2026-06-05,1,4,300,12,288,4,10.37,4.0,LOW
OMR IT Park,2026-06-05,2,4,300,6,294,3,5.0,2.0,LOW
OMR IT Park,2026-06-05,3,4,300,16,284,6,11.24,5.33,LOW
OMR IT Park,2026-06-05,4,4,300,20,280,6,5.0,6.67,LOW
OMR IT Park,2026-06-05,5,4,300,25,275,7,5.0,8.33,LOW
OMR IT Park,2026-06-05,6,4,300,17,283,8,7.1,5.67,LOW
OMR IT Park,2026-06-05,7,4,300,29,271,9,5.0,9.67,LOW
OMR IT Park,2026-06-05,8,4,300,219,81,86,70.65,73.0,MEDIUM
OMR IT Park,2026-06-05,9,4,300,250,50,81,89.39,83.33,HIGH
OMR IT Park,2026-06-05,10,4,300,264,36,75,86.13,88.0,HIGH
OMR IT Park,2026-06-05,11,4,300,251,49,123,88.16,83.67,HIGH
OMR IT Park,2026-06-05,12,4,300,260,40,107,78.97,86.67,HIGH
OMR IT Park,2026-06-05,13,4,300,253,47,71,79.3,84.33,HIGH
OMR IT Park,2026-06-05,14,4,300,235,65,67,83.06,78.33,MEDIUM
OMR IT Park,2026-06-05,15,4,300,276,24,62,93.8,92.0,HIGH
OMR IT Park,2026-06-05,16,4,300,243,57,55,82.29,81.0,HIGH
OMR IT Park,2026-06-05,17,4,300,208,92,58,71.21,69.33,MEDIUM
OMR IT Park,2026-06-05,18,4,300,162,138,62,55.45,54.0,MEDIUM
OMR IT Park,2026-06-05,19,4,300,179,121,82,50.14,59.67,MEDIUM
OMR IT Park,2026-06-05,20,4,300,100,200,38,35.32,33.33,LOW
OMR IT Park,2026-06-05,21,4,300,79,221,16,37.5,26.33,LOW
OMR IT Park,2026-06-05,22,4,300,77,223,38,18.54,25.67,LOW
OMR IT Park,2026-06-05,23,4,300,12,288,5,7.29,4.0,LOW
Anna Nagar Center,2026-06-05,0,4,100,22,78,9,23.84,22.0,LOW
Anna Nagar Center,2026-06-05,1,4,100,18,82,6,21.1,18.0,LOW
Anna Nagar Center,2026-06-05,2,4,100,20,80,7,19.04,20.0,LOW
Anna Nagar Center,2026-06-05,3,4,100,20,80,5,12.89,20.0,LOW
Anna Nagar Center,2026-06-05,4,4,100,10,90,2,11.83,10.0,LOW
Anna Nagar Center,2026-06-05,5,4,100,8,92,2,5.61,8.0,LOW
Anna Nagar Center,2026-06-05,6,4,100,11,89,4,5.0,11.0,LOW
Anna Nagar Center,2026-06-05,7,4,100,20,80,9,20.72,20.0,LOW
Anna Nagar Center,2026-06-05,8,4,100,59,41,23,64.35,59.0,MEDIUM
Anna Nagar Center,2026-06-05,9,4,100,59,41,13,67.13,59.0,MEDIUM
Anna Nagar Center,2026-06-05,10,4,100,50,50,18,53.11,50.0,MEDIUM
Anna Nagar Center,2026-06-05,11,4,100,49,51,20,45.37,49.0,LOW
Anna Nagar Center,2026-06-05,12,4,100,90,10,25,79.36,90.0,HIGH
Anna Nagar Center,2026-06-05,13,4,100,76,24,30,71.05,76.0,MEDIUM
Anna Nagar Center,2026-06-05,14,4,100,85,15,18,77.67,85.0,HIGH
Anna Nagar Center,2026-06-05,15,4,100,70,30,24,71.94,70.0,MEDIUM
Anna Nagar Center,2026-06-05,16,4,100,64,36,21,61.3,64.0,MEDIUM
Anna Nagar Center,2026-06-05,17,4,100,54,46,13,53.92,54.0,MEDIUM
Anna Nagar Center,2026-06-05,18,4,100,68,32,32,61.43,68.0,MEDIUM
Anna Nagar Center,2026-06-05,19,4,100,82,18,23,85.37,82.0,HIGH
Anna Nagar Center,2026-06-05,20,4,100,72,28,26,63.83,72.0,MEDIUM
Anna Nagar Center,2026-06-05,21,4,100,76,24,33,70.87,76.0,MEDIUM
Anna Nagar Center,2026-06-05,22,4,100,8,92,3,5.0,8.0,LOW
Anna Nagar Center,2026-06-05,23,4,100,27,73,9,13.12,27.0,LOW
Guindy Corporate Park,2026-06-05,0,4,180,9,171,4,7.79,5.0,LOW
Guindy Corporate Park,2026-06-05,1,4,180,14,166,5,16.82,7.78,LOW
Guindy Corporate Park,2026-06-05,2,4,180,4,176,1,5.96,2.22,LOW
Guindy Corporate Park,2026-06-05,3,4,180,8,172,2,12.56,4.44,LOW
Guindy Corporate Park,2026-06-05,4,4,180,4,176,1,5.0,2.22,LOW
Guindy Corporate Park,2026-06-05,5,4,180,6,174,2,5.0,3.33,LOW
Guindy Corporate Park,2026-06-05,6,4,180,6,174,2,5.0,3.33,LOW
Guindy Corporate Park,2026-06-05,7,4,180,7,173,3,5.98,3.89,LOW
Guindy Corporate Park,2026-06-05,8,4,180,152,28,62,68.74,84.44,HIGH
Guindy Corporate Park,2026-06-05,9,4,180,158,22,51,81.07,87.78,HIGH
Guindy Corporate Park,2026-06-05,10,4,180,168,12,39,98.0,93.33,HIGH
Guindy Corporate Park,2026-06-05,11,4,180,162,18,39,86.95,90.0,HIGH
Guindy Corporate Park,2026-06-05,12,4,180,164,16,77,86.04,91.11,HIGH
Guindy Corporate Park,2026-06-05,13,4,180,136,44,28,84.98,75.56,MEDIUM
Guindy Corporate Park,2026-06-05,14,4,180,169,11,62,90.44,93.89,HIGH
Guindy Corporate Park,2026-06-05,15,4,180,158,22,32,95.5,87.78,HIGH
Guindy Corporate Park,2026-06-05,16,4,180,174,6,78,93.68,96.67,HIGH
Guindy Corporate Park,2026-06-05,17,4,180,117,63,51,70.15,65.0,MEDIUM
Guindy Corporate Park,2026-06-05,18,4,180,112,68,52,59.79,62.22,MEDIUM
Guindy Corporate Park,2026-06-05,19,4,180,110,70,49,58.17,61.11,MEDIUM
Guindy Corporate Park,2026-06-05,20,4,180,58,122,21,37.74,32.22,LOW
Guindy Corporate Park,2026-06-05,21,4,180,63,117,14,31.56,35.0,LOW
Guindy Corporate Park,2026-06-05,22,4,180,39,141,19,29.24,21.67,LOW
Guindy Corporate Park,2026-06-05,23,4,180,6,174,2,5.0,3.33,LOW
Chennai Mall,2026-06-06,0,5,150,21,129,7,11.23,14.0,LOW
Chennai Mall,2026-06-06,1,5,150,40,110,8,27.91,26.67,LOW
Chennai Mall,2026-06-06,2,5,150,15,135,3,20.99,10.0,LOW
Chennai Mall,2026-06-06,3,5,150,39,111,9,32.68,26.0,LOW
Chennai Mall,2026-06-06,4,5,150,43,107,18,26.24,28.67,LOW
Chennai Mall,2026-06-06,5,5,150,32,118,13,25.36,21.33,LOW
Chennai Mall,2026-06-06,6,5,150,28,122,7,23.16,18.67,LOW
Chennai Mall,2026-06-06,7,5,150,42,108,18,28.35,28.0,LOW
Chennai Mall,2026-06-06,8,5,150,33,117,12,21.48,22.0,LOW
Chennai Mall,2026-06-06,9,5,150,31,119,13,14.72,20.67,LOW
Chennai Mall,2026-06-06,10,5,150,15,135,4,6.73,10.0,LOW
Chennai Mall,2026-06-06,11,5,150,115,35,41,73.51,76.67,MEDIUM
Chennai Mall,2026-06-06,12,5,150,112,38,35,71.36,74.67,MEDIUM
Chennai Mall,2026-06-06,13,5,150,135,15,38,89.42,90.0,HIGH
Chennai Mall,2026-06-06,14,5,150,126,24,49,83.58,84.0,HIGH
Chennai Mall,2026-06-06,15,5,150,130,20,53,86.17,86.67,HIGH
Chennai Mall,2026-06-06,16,5,150,125,25,50,90.93,83.33,HIGH
Chennai Mall,2026-06-06,17,5,150,147,3,38,98.0,98.0,HIGH
Chennai Mall,2026-06-06,18,5,150,125,25,41,93.32,83.33,HIGH
Chennai Mall,2026-06-06,19,5,150,127,23,46,87.86,84.67,HIGH
Chennai Mall,2026-06-06,20,5,150,123,27,58,91.33,82.0,HIGH
Chennai Mall,2026-06-06,21,5,150,148,2,74,95.08,98.67,HIGH
Chennai Mall,2026-06-06,22,5,150,68,82,25,49.73,45.33,LOW
Chennai Mall,2026-06-06,23,5,150,52,98,23,27.29,34.67,LOW
T Nagar Commercial Hub,2026-06-06,0,5,120,49,71,12,38.22,40.83,LOW
T Nagar Commercial Hub,2026-06-06,1,5,120,23,97,9,12.68,19.17,LOW
T Nagar Commercial Hub,2026-06-06,2,5,120,25,95,5,27.84,20.83,LOW
T Nagar Commercial Hub,2026-06-06,3,5,120,50,70,11,41.08,41.67,LOW
T Nagar Commercial Hub,2026-06-06,4,5,120,52,68,20,50.21,43.33,LOW
T Nagar Commercial Hub,2026-06-06,5,5,120,55,65,27,49.71,45.83,LOW
T Nagar Commercial Hub,2026-06-06,6,5,120,52,68,16,35.24,43.33,LOW
T Nagar Commercial Hub,2026-06-06,7,5,120,29,91,14,22.66,24.17,LOW
T Nagar Commercial Hub,2026-06-06,8,5,120,25,95,12,25.96,20.83,LOW
T Nagar Commercial Hub,2026-06-06,9,5,120,57,63,24,47.18,47.5,LOW
T Nagar Commercial Hub,2026-06-06,10,5,120,39,81,16,29.53,32.5,LOW
T Nagar Commercial Hub,2026-06-06,11,5,120,113,7,28,91.39,94.17,HIGH
T Nagar Commercial Hub,2026-06-06,12,5,120,111,9,44,94.39,92.5,HIGH
T Nagar Commercial Hub,2026-06-06,13,5,120,103,17,39,79.85,85.83,HIGH
T Nagar Commercial Hub,2026-06-06,14,5,120,98,22,39,92.33,81.67,HIGH
T Nagar Commercial Hub,2026-06-06,15,5,120,116,4,48,98.0,96.67,HIGH
T Nagar Commercial Hub,2026-06-06,16,5,120,111,9,35,98.0,92.5,HIGH
T Nagar Commercial Hub,2026-06-06,17,5,120,93,27,44,85.46,77.5,MEDIUM
T Nagar Commercial Hub,2026-06-06,18,5,120,102,18,22,96.06,85.0,HIGH
T Nagar Commercial Hub,2026-06-06,19,5,120,94,26,36,79.83,78.33,MEDIUM
T Nagar Commercial Hub,2026-06-06,20,5,120,116,4,31,98.0,96.67,HIGH
T Nagar Commercial Hub,2026-06-06,21,5,120,114,6,48,96.59,95.0,HIGH
T Nagar Commercial Hub,2026-06-06,22,5,120,29,91,10,23.97,24.17,LOW
T Nagar Commercial Hub,2026-06-06,23,5,120,48,72,11,38.0,40.0,LOW
Velachery Metro Station,2026-06-06,0,5,200,101,99,48,50.8,50.5,MEDIUM
Velachery Metro Station,2026-06-06,1,5,200,41,159,11,21.66,20.5,LOW
Velachery Metro Station,2026-06-06,2,5,200,43,157,10,25.73,21.5,LOW
Velachery Metro Station,2026-06-06,3,5,200,40,160,18,22.71,20.0,LOW
Velachery Metro Station,2026-06-06,4,5,200,53,147,13,25.98,26.5,LOW
Velachery Metro Station,2026-06-06,5,5,200,64,136,14,22.0,32.0,LOW
Velachery Metro Station,2026-06-06,6,5,200,50,150,15,27.98,25.0,LOW
Velachery Metro Station,2026-06-06,7,5,200,80,120,30,45.19,40.0,LOW
Velachery Metro Station,2026-06-06,8,5,200,90,110,32,38.8,45.0,LOW
Velachery Metro Station,2026-06-06,9,5,200,40,160,14,28.23,20.0,LOW
Velachery Metro Station,2026-06-06,10,5,200,34,166,15,20.5,17.0,LOW
Velachery Metro Station,2026-06-06,11,5,200,36,164,15,10.1,18.0,LOW
Velachery Metro Station,2026-06-06,12,5,200,81,119,37,40.64,40.5,LOW
Velachery Metro Station,2026-06-06,13,5,200,66,134,33,30.1,33.0,LOW
Velachery Metro Station,2026-06-06,14,5,200,86,114,30,44.19,43.0,LOW
Velachery Metro Station,2026-06-06,15,5,200,65,135,29,34.9,32.5,LOW
Velachery Metro Station,2026-06-06,16,5,200,60,140,18,36.11,30.0,LOW
Velachery Metro Station,2026-06-06,17,5,200,64,136,17,35.34,32.0,LOW
Velachery Metro Station,2026-06-06,18,5,200,99,101,37,42.27,49.5,LOW
Velachery Metro Station,2026-06-06,19,5,200,62,138,23,37.99,31.0,LOW
Velachery Metro Station,2026-06-06,20,5,200,57,143,21,33.18,28.5,LOW
Velachery Metro Station,2026-06-06,21,5,200,46,154,12,21.98,23.0,LOW
Velachery Metro Station,2026-06-06,22,5,200,92,108,45,43.82,46.0,LOW
Velachery Metro Station,2026-06-06,23,5,200,72,128,32,32.16,36.0,LOW
OMR IT Park,2026-06-06,0,5,300,33,267,15,6.29,11.0,LOW
OMR IT Park,2026-06-06,1,5,300,55,245,15,12.05,18.33,LOW
OMR IT Park,2026-06-06,2,5,300,22,278,6,10.97,7.33,LOW
OMR IT Park,2026-06-06,3,5,300,18,282,7,6.89,6.0,LOW
OMR IT Park,2026-06-06,4,5,300,47,253,15,10.33,15.67,LOW
OMR IT Park,2026-06-06,5,5,300,27,273,6,6.27,9.0,LOW
OMR IT Park,2026-06-06,6,5,300,22,278,10,5.71,7.33,LOW
OMR IT Park,2026-06-06,7,5,300,50,250,12,10.99,16.67,LOW
OMR IT Park,2026-06-06,8,5,300,54,246,27,5.3,18.0,LOW
OMR IT Park,2026-06-06,9,5,300,60,240,15,14.72,20.0,LOW
OMR IT Park,2026-06-06,10,5,300,11,289,4,5.0,3.67,LOW
OMR IT Park,2026-06-06,11,5,300,43,257,15,18.66,14.33,LOW
OMR IT Park,2026-06-06,12,5,300,18,282,6,5.0,6.0,LOW
OMR IT Park,2026-06-06,13,5,300,39,261,8,16.08,13.0,LOW
OMR IT Park,2026-06-06,14,5,300,50,250,14,11.4,16.67,LOW
OMR IT Park,2026-06-06,15,5,300,34,266,11,5.17,11.33,LOW
OMR IT Park,2026-06-06,16,5,300,52,248,14,14.03,17.33,LOW
OMR IT Park,2026-06-06,17,5,300,52,248,16,15.73,17.33,LOW
OMR IT Park,2026-06-06,18,5,300,32,268,9,6.68,10.67,LOW
OMR IT Park,2026-06-06,19,5,300,35,265,10,11.16,11.67,LOW
OMR IT Park,2026-06-06,20,5,300,32,268,15,19.91,10.67,LOW
OMR IT Park,2026-06-06,21,5,300,61,239,17,21.87,20.33,LOW
OMR IT Park,2026-06-06,22,5,300,37,263,14,14.42,12.33,LOW
OMR IT Park,2026-06-06,23,5,300,50,250,11,13.45,16.67,LOW
Anna Nagar Center,2026-06-06,0,5,100,24,76,11,19.81,24.0,LOW
Anna Nagar Center,2026-06-06,1,5,100,37,63,18,32.61,37.0,LOW
Anna Nagar Center,2026-06-06,2,5,100,13,87,7,18.04,13.0,LOW
Anna Nagar Center,2026-06-06,3,5,100,21,79,7,26.22,21.0,LOW
Anna Nagar Center,2026-06-06,4,5,100,34,66,13,35.63,34.0,LOW
Anna Nagar Center,2026-06-06,5,5,100,39,61,9,41.1,39.0,LOW
Anna Nagar Center,2026-06-06,6,5,100,17,83,6,9.58,17.0,LOW
Anna Nagar Center,2026-06-06,7,5,100,24,76,10,28.03,24.0,LOW
Anna Nagar Center,2026-06-06,8,5,100,20,80,6,19.33,20.0,LOW
Anna Nagar Center,2026-06-06,9,5,100,26,74,8,34.31,26.0,LOW
Anna Nagar Center,2026-06-06,10,5,100,30,70,10,19.2,30.0,LOW
Anna Nagar Center,2026-06-06,11,5,100,19,81,9,14.07,19.0,LOW
Anna Nagar Center,2026-06-06,12,5,100,80,20,38,83.82,80.0,HIGH
Anna Nagar Center,2026-06-06,13,5,100,94,6,44,92.11,94.0,HIGH
Anna Nagar Center,2026-06-06,14,5,100,80,20,19,81.32,80.0,HIGH
Anna Nagar Center,2026-06-06,15,5,100,80,20,39,82.21,80.0,HIGH
Anna Nagar Center,2026-06-06,16,5,100,75,25,32,71.33,75.0,MEDIUM
Anna Nagar Center,2026-06-06,17,5,100,72,28,17,81.12,72.0,MEDIUM
Anna Nagar Center,2026-06-06,18,5,100,69,31,33,76.71,69.0,MEDIUM
Anna Nagar Center,2026-06-06,19,5,100,88,12,27,90.27,88.0,HIGH
Anna Nagar Center,2026-06-06,20,5,100,71,29,24,69.6,71.0,MEDIUM
Anna Nagar Center,2026-06-06,21,5,100,71,29,26,78.25,71.0,MEDIUM
Anna Nagar Center,2026-06-06,22,5,100,79,21,27,80.07,79.0,MEDIUM
Anna Nagar Center,2026-06-06,23,5,100,27,73,8,21.18,27.0,LOW
Guindy Corporate Park,2026-06-06,0,5,180,14,166,5,5.0,7.78,LOW
Guindy Corporate Park,2026-06-06,1,5,180,29,151,13,11.11,16.11,LOW
Guindy Corporate Park,2026-06-06,2,5,180,27,153,8,6.17,15.0,LOW
Guindy Corporate Park,2026-06-06,3,5,180,36,144,8,28.77,20.0,LOW
Guindy Corporate Park,2026-06-06,4,5,180,16,164,6,10.57,8.89,LOW
Guindy Corporate Park,2026-06-06,5,5,180,45,135,10,22.06,25.0,LOW
Guindy Corporate Park,2026-06-06,6,5,180,22,158,10,6.73,12.22,LOW
Guindy Corporate Park,2026-06-06,7,5,180,26,154,9,11.78,14.44,LOW
Guindy Corporate Park,2026-06-06,8,5,180,22,158,8,13.19,12.22,LOW
Guindy Corporate Park,2026-06-06,9,5,180,17,163,5,9.16,9.44,LOW
Guindy Corporate Park,2026-06-06,10,5,180,26,154,6,17.63,14.44,LOW
Guindy Corporate Park,2026-06-06,11,5,180,18,162,8,9.18,10.0,LOW
Guindy Corporate Park,2026-06-06,12,5,180,4,176,2,5.0,2.22,LOW
Guindy Corporate Park,2026-06-06,13,5,180,24,156,10,5.47,13.33,LOW
Guindy Corporate Park,2026-06-06,14,5,180,37,143,18,18.09,20.56,LOW
Guindy Corporate Park,2026-06-06,15,5,180,41,139,13,25.89,22.78,LOW
Guindy Corporate Park,2026-06-06,16,5,180,40,140,13,18.04,22.22,LOW
Guindy Corporate Park,2026-06-06,17,5,180,27,153,12,17.34,15.0,LOW
Guindy Corporate Park,2026-06-06,18,5,180,22,158,7,18.93,12.22,LOW
Guindy Corporate Park,2026-06-06,19,5,180,37,143,13,16.36,20.56,LOW
Guindy Corporate Park,2026-06-06,20,5,180,27,153,8,5.0,15.0,LOW
Guindy Corporate Park,2026-06-06,21,5,180,18,162,6,5.0,10.0,LOW
Guindy Corporate Park,2026-06-06,22,5,180,34,146,10,12.69,18.89,LOW
Guindy Corporate Park,2026-06-06,23,5,180,36,144,14,18.17,20.0,LOW
Chennai Mall,2026-06-07,0,6,150,35,115,9,16.44,23.33,LOW
Chennai Mall,2026-06-07,1,6,150,9,141,2,18.99,6.0,LOW
Chennai Mall,2026-06-07,2,6,150,21,129,10,6.89,14.0,LOW
Chennai Mall,2026-06-07,3,6,150,7,143,1,5.98,4.67,LOW
Chennai Mall,2026-06-07,4,6,150,27,123,7,23.26,18.0,LOW
Chennai Mall,2026-06-07,5,6,150,7,143,3,5.0,4.67,LOW
Chennai Mall,2026-06-07,6,6,150,40,110,8,27.63,26.67,LOW
Chennai Mall,2026-06-07,7,6,150,27,123,10,18.94,18.0,LOW
Chennai Mall,2026-06-07,8,6,150,5,145,1,10.31,3.33,LOW
Chennai Mall,2026-06-07,9,6,150,31,119,11,19.34,20.67,LOW
Chennai Mall,2026-06-07,10,6,150,13,137,6,16.55,8.67,LOW
Chennai Mall,2026-06-07,11,6,150,113,37,37,77.84,75.33,MEDIUM
Chennai Mall,2026-06-07,12,6,150,127,23,34,89.92,84.67,HIGH
Chennai Mall,2026-06-07,13,6,150,121,29,56,83.3,80.67,HIGH
Chennai Mall,2026-06-07,14,6,150,111,39,24,67.8,74.0,MEDIUM
Chennai Mall,2026-06-07,15,6,150,128,22,41,88.03,85.33,HIGH
Chennai Mall,2026-06-07,16,6,150,139,11,61,85.96,92.67,HIGH
Chennai Mall,2026-06-07,17,6,150,142,8,40,94.03,94.67,HIGH
Chennai Mall,2026-06-07,18,6,150,142,8,31,85.37,94.67,HIGH
Chennai Mall,2026-06-07,19,6,150,135,15,35,81.15,90.0,HIGH
Chennai Mall,2026-06-07,20,6,150,142,8,67,91.71,94.67,HIGH
Chennai Mall,2026-06-07,21,6,150,131,19,36,81.72,87.33,HIGH
Chennai Mall,2026-06-07,22,6,150,67,83,30,48.31,44.67,LOW
Chennai Mall,2026-06-07,23,6,150,59,91,18,34.46,39.33,LOW
T Nagar Commercial Hub,2026-06-07,0,6,120,41,79,20,34.11,34.17,LOW
T Nagar Commercial Hub,2026-06-07,1,6,120,26,94,10,25.26,21.67,LOW
T Nagar Commercial Hub,2026-06-07,2,6,120,48,72,19,31.85,40.0,LOW
T Nagar Commercial Hub,2026-06-07,3,6,120,26,94,10,23.41,21.67,LOW
T Nagar Commercial Hub,2026-06-07,4,6,120,52,68,19,43.23,43.33,LOW
T Nagar Commercial Hub,2026-06-07,5,6,120,48,72,13,34.76,40.0,LOW
T Nagar Commercial Hub,2026-06-07,6,6,120,48,72,19,45.44,40.0,LOW
T Nagar Commercial Hub,2026-06-07,7,6,120,45,75,17,37.41,37.5,LOW
T Nagar Commercial Hub,2026-06-07,8,6,120,37,83,10,24.04,30.83,LOW
T Nagar Commercial Hub,2026-06-07,9,6,120,45,75,19,29.19,37.5,LOW
T Nagar Commercial Hub,2026-06-07,10,6,120,30,90,6,23.19,25.0,LOW
T Nagar Commercial Hub,2026-06-07,11,6,120,111,9,53,82.64,92.5,HIGH
T Nagar Commercial Hub,2026-06-07,12,6,120,102,18,23,85.86,85.0,HIGH
T Nagar Commercial Hub,2026-06-07,13,6,120,102,18,33,83.29,85.0,HIGH
T Nagar Commercial Hub,2026-06-07,14,6,120,106,14,42,85.52,88.33,HIGH
T Nagar Commercial Hub,2026-06-07,15,6,120,120,0,42,98.0,100.0,HIGH
T Nagar Commercial Hub,2026-06-07,16,6,120,98,22,30,77.26,81.67,HIGH
T Nagar Commercial Hub,2026-06-07,17,6,120,112,8,46,95.11,93.33,HIGH
T Nagar Commercial Hub,2026-06-07,18,6,120,109,11,51,86.5,90.83,HIGH
T Nagar Commercial Hub,2026-06-07,19,6,120,117,3,57,98.0,97.5,HIGH
T Nagar Commercial Hub,2026-06-07,20,6,120,105,15,41,79.64,87.5,HIGH
T Nagar Commercial Hub,2026-06-07,21,6,120,113,7,41,84.45,94.17,HIGH
T Nagar Commercial Hub,2026-06-07,22,6,120,28,92,9,26.72,23.33,LOW
T Nagar Commercial Hub,2026-06-07,23,6,120,43,77,9,38.25,35.83,LOW
Velachery Metro Station,2026-06-07,0,6,200,75,125,15,37.57,37.5,LOW
Velachery Metro Station,2026-06-07,1,6,200,76,124,17,50.04,38.0,LOW
Velachery Metro Station,2026-06-07,2,6,200,81,119,26,28.52,40.5,LOW
Velachery Metro Station,2026-06-07,3,6,200,53,147,12,24.11,26.5,LOW
Velachery Metro Station,2026-06-07,4,6,200,50,150,18,26.68,25.0,LOW
Velachery Metro Station,2026-06-07,5,6,200,89,111,26,51.28,44.5,LOW
Velachery Metro Station,2026-06-07,6,6,200,71,129,21,37.79,35.5,LOW
Velachery Metro Station,2026-06-07,7,6,200,42,158,16,25.63,21.0,LOW
Velachery Metro Station,2026-06-07,8,6,200,88,112,41,44.9,44.0,LOW
Velachery Metro Station,2026-06-07,9,6,200,74,126,19,42.2,37.0,LOW
Velachery Metro Station,2026-06-07,10,6,200,39,161,15,12.08,19.5,LOW
Velachery Metro Station,2026-06-07,11,6,200,89,111,44,44.3,44.5,LOW
Velachery Metro Station,2026-06-07,12,6,200,62,138,22,20.03,31.0,LOW
Velachery Metro Station,2026-06-07,13,6,200,52,148,14,33.97,26.0,LOW
Velachery Metro Station,2026-06-07,14,6,200,90,110,25,39.04,45.0,LOW
Velachery Metro Station,2026-06-07,15,6,200,63,137,28,30.43,31.5,LOW
Velachery Metro Station,2026-06-07,16,6,200,70,130,28,44.32,35.0,LOW
Velachery Metro Station,2026-06-07,17,6,200,72,128,26,29.38,36.0,LOW
Velachery Metro Station,2026-06-07,18,6,200,59,141,25,29.98,29.5,LOW
Velachery Metro Station,2026-06-07,19,6,200,89,111,29,35.19,44.5,LOW
Velachery Metro Station,2026-06-07,20,6,200,72,128,35,36.8,36.0,LOW
Velachery Metro Station,2026-06-07,21,6,200,56,144,28,22.63,28.0,LOW
Velachery Metro Station,2026-06-07,22,6,200,62,138,22,28.86,31.0,LOW
Velachery Metro Station,2026-06-07,23,6,200,37,163,12,21.43,18.5,LOW
OMR IT Park,2026-06-07,0,6,300,18,282,6,11.53,6.0,LOW
OMR IT Park,2026-06-07,1,6,300,63,237,14,11.0,21.0,LOW
OMR IT Park,2026-06-07,2,6,300,53,247,26,19.76,17.67,LOW
OMR IT Park,2026-06-07,3,6,300,44,256,16,5.0,14.67,LOW
OMR IT Park,2026-06-07,4,6,300,26,274,8,9.21,8.67,LOW
OMR IT Park,2026-06-07,5,6,300,15,285,3,10.82,5.0,LOW
OMR IT Park,2026-06-07,6,6,300,49,251,18,14.56,16.33,LOW
OMR IT Park,2026-06-07,7,6,300,32,268,7,17.14,10.67,LOW
OMR IT Park,2026-06-07,8,6,300,39,261,11,17.51,13.0,LOW
OMR IT Park,2026-06-07,9,6,300,19,281,7,5.0,6.33,LOW
OMR IT Park,2026-06-07,10,6,300,29,271,7,7.79,9.67,LOW
OMR IT Park,2026-06-07,11,6,300,46,254,20,14.32,15.33,LOW
OMR IT Park,2026-06-07,12,6,300,33,267,7,5.09,11.0,LOW
OMR IT Park,2026-06-07,13,6,300,57,243,27,13.74,19.0,LOW
OMR IT Park,2026-06-07,14,6,300,58,242,28,14.67,19.33,LOW
OMR IT Park,2026-06-07,15,6,300,11,289,3,9.55,3.67,LOW
OMR IT Park,2026-06-07,16,6,300,23,277,5,19.24,7.67,LOW
OMR IT Park,2026-06-07,17,6,300,40,260,11,18.03,13.33,LOW
OMR IT Park,2026-06-07,18,6,300,38,262,12,17.68,12.67,LOW
OMR IT Park,2026-06-07,19,6,300,62,238,24,18.06,20.67,LOW
OMR IT Park,2026-06-07,20,6,300,37,263,18,25.5,12.33,LOW
OMR IT Park,2026-06-07,21,6,300,27,273,11,15.64,9.0,LOW
OMR IT Park,2026-06-07,22,6,300,53,247,19,16.35,17.67,LOW
OMR IT Park,2026-06-07,23,6,300,20,280,7,9.58,6.67,LOW
Anna Nagar Center,2026-06-07,0,6,100,18,82,6,16.34,18.0,LOW
Anna Nagar Center,2026-06-07,1,6,100,17,83,6,5.0,17.0,LOW
Anna Nagar Center,2026-06-07,2,6,100,24,76,8,25.52,24.0,LOW
Anna Nagar Center,2026-06-07,3,6,100,17,83,6,12.88,17.0,LOW
Anna Nagar Center,2026-06-07,4,6,100,39,61,8,37.3,39.0,LOW
Anna Nagar Center,2026-06-07,5,6,100,24,76,5,20.43,24.0,LOW
Anna Nagar Center,2026-06-07,6,6,100,37,63,8,42.75,37.0,LOW
Anna Nagar Center,2026-06-07,7,6,100,14,86,4,19.85,14.0,LOW
Anna Nagar Center,2026-06-07,8,6,100,41,59,10,40.39,41.0,LOW
Anna Nagar Center,2026-06-07,9,6,100,22,78,4,25.06,22.0,LOW
Anna Nagar Center,2026-06-07,10,6,100,28,72,10,40.61,28.0,LOW
Anna Nagar Center,2026-06-07,11,6,100,26,74,11,27.92,26.0,LOW
Anna Nagar Center,2026-06-07,12,6,100,73,27,17,74.11,73.0,MEDIUM
Anna Nagar Center,2026-06-07,13,6,100,76,24,28,79.14,76.0,MEDIUM
Anna Nagar Center,2026-06-07,14,6,100,78,22,34,73.89,78.0,MEDIUM
Anna Nagar Center,2026-06-07,15,6,100,93,7,42,90.09,93.0,HIGH
Anna Nagar Center,2026-06-07,16,6,100,70,30,35,66.43,70.0,MEDIUM
Anna Nagar Center,2026-06-07,17,6,100,72,28,30,79.37,72.0,MEDIUM
Anna Nagar Center,2026-06-07,18,6,100,83,17,37,80.65,83.0,HIGH
Anna Nagar Center,2026-06-07,19,6,100,90,10,22,87.23,90.0,HIGH
Anna Nagar Center,2026-06-07,20,6,100,73,27,26,84.67,73.0,MEDIUM
Anna Nagar Center,2026-06-07,21,6,100,93,7,30,87.78,93.0,HIGH
Anna Nagar Center,2026-06-07,22,6,100,77,23,27,67.08,77.0,MEDIUM
Anna Nagar Center,2026-06-07,23,6,100,29,71,11,16.8,29.0,LOW
Guindy Corporate Park,2026-06-07,0,6,180,27,153,10,5.0,15.0,LOW
Guindy Corporate Park,2026-06-07,1,6,180,21,159,8,5.03,11.67,LOW
Guindy Corporate Park,2026-06-07,2,6,180,19,161,9,17.81,10.56,LOW
Guindy Corporate Park,2026-06-07,3,6,180,27,153,7,28.23,15.0,LOW
Guindy Corporate Park,2026-06-07,4,6,180,26,154,9,5.0,14.44,LOW
Guindy Corporate Park,2026-06-07,5,6,180,17,163,5,8.18,9.44,LOW
Guindy Corporate Park,2026-06-07,6,6,180,29,151,14,14.22,16.11,LOW
Guindy Corporate Park,2026-06-07,7,6,180,9,171,3,7.31,5.0,LOW
Guindy Corporate Park,2026-06-07,8,6,180,27,153,13,5.0,15.0,LOW
Guindy Corporate Park,2026-06-07,9,6,180,19,161,7,8.87,10.56,LOW
Guindy Corporate Park,2026-06-07,10,6,180,39,141,19,14.96,21.67,LOW
Guindy Corporate Park,2026-06-07,11,6,180,21,159,6,9.63,11.67,LOW
Guindy Corporate Park,2026-06-07,12,6,180,18,162,7,5.0,10.0,LOW
Guindy Corporate Park,2026-06-07,13,6,180,17,163,4,12.4,9.44,LOW
Guindy Corporate Park,2026-06-07,14,6,180,6,174,2,8.05,3.33,LOW
Guindy Corporate Park,2026-06-07,15,6,180,27,153,12,16.92,15.0,LOW
Guindy Corporate Park,2026-06-07,16,6,180,34,146,12,23.99,18.89,LOW
Guindy Corporate Park,2026-06-07,17,6,180,29,151,15,15.94,16.11,LOW
Guindy Corporate Park,2026-06-07,18,6,180,32,148,7,13.98,17.78,LOW
Guindy Corporate Park,2026-06-07,19,6,180,14,166,4,10.72,7.78,LOW
Guindy Corporate Park,2026-06-07,20,6,180,13,167,5,12.82,7.22,LOW
Guindy Corporate Park,2026-06-07,21,6,180,20,160,6,12.52,11.11,LOW
Guindy Corporate Park,2026-06-07,22,6,180,23,157,7,12.1,12.78,LOW
Guindy Corporate Park,2026-06-07,23,6,180,34,146,17,22.0,18.89,LOW
Chennai Mall,2026-06-08,0,0,150,21,129,9,8.76,14.0,LOW
Chennai Mall,2026-06-08,1,0,150,25,125,7,9.2,16.67,LOW
Chennai Mall,2026-06-08,2,0,150,26,124,7,17.37,17.33,LOW
Chennai Mall,2026-06-08,3,0,150,16,134,7,9.92,10.67,LOW
Chennai Mall,2026-06-08,4,0,150,41,109,19,19.72,27.33,LOW
Chennai Mall,2026-06-08,5,0,150,26,124,6,16.14,17.33,LOW
Chennai Mall,2026-06-08,6,0,150,21,129,6,12.45,14.0,LOW
Chennai Mall,2026-06-08,7,0,150,30,120,14,24.76,20.0,LOW
Chennai Mall,2026-06-08,8,0,150,31,119,12,24.26,20.67,LOW
Chennai Mall,2026-06-08,9,0,150,31,119,11,30.05,20.67,LOW
Chennai Mall,2026-06-08,10,0,150,22,128,7,18.06,14.67,LOW
Chennai Mall,2026-06-08,11,0,150,31,119,12,22.75,20.67,LOW
Chennai Mall,2026-06-08,12,0,150,92,58,22,56.66,61.33,MEDIUM
Chennai Mall,2026-06-08,13,0,150,90,60,25,63.38,60.0,MEDIUM
Chennai Mall,2026-06-08,14,0,150,92,58,42,70.86,61.33,MEDIUM
Chennai Mall,2026-06-08,15,0,150,76,74,28,47.91,50.67,MEDIUM
Chennai Mall,2026-06-08,16,0,150,14,136,5,17.82,9.33,LOW
Chennai Mall,2026-06-08,17,0,150,115,35,48,77.49,76.67,MEDIUM
Chennai Mall,2026-06-08,18,0,150,103,47,42,72.11,68.67,MEDIUM
Chennai Mall,2026-06-08,19,0,150,112,38,26,76.39,74.67,MEDIUM
Chennai Mall,2026-06-08,20,0,150,112,38,44,75.32,74.67,MEDIUM
Chennai Mall,2026-06-08,21,0,150,111,39,35,67.57,74.0,MEDIUM
Chennai Mall,2026-06-08,22,0,150,34,116,17,21.46,22.67,LOW
Chennai Mall,2026-06-08,23,0,150,35,115,12,21.12,23.33,LOW
T Nagar Commercial Hub,2026-06-08,0,0,120,14,106,5,16.85,11.67,LOW
T Nagar Commercial Hub,2026-06-08,1,0,120,9,111,4,5.0,7.5,LOW
T Nagar Commercial Hub,2026-06-08,2,0,120,19,101,5,9.32,15.83,LOW
T Nagar Commercial Hub,2026-06-08,3,0,120,17,103,6,26.44,14.17,LOW
T Nagar Commercial Hub,2026-06-08,4,0,120,11,109,3,17.11,9.17,LOW
T Nagar Commercial Hub,2026-06-08,5,0,120,17,103,8,14.05,14.17,LOW
T Nagar Commercial Hub,2026-06-08,6,0,120,7,113,1,8.13,5.83,LOW
T Nagar Commercial Hub,2026-06-08,7,0,120,24,96,6,22.12,20.0,LOW
T Nagar Commercial Hub,2026-06-08,8,0,120,9,111,4,5.36,7.5,LOW
T Nagar Commercial Hub,2026-06-08,9,0,120,14,106,4,6.25,11.67,LOW
T Nagar Commercial Hub,2026-06-08,10,0,120,88,32,21,73.41,73.33,MEDIUM
T Nagar Commercial Hub,2026-06-08,11,0,120,73,47,32,58.62,60.83,MEDIUM
T Nagar Commercial Hub,2026-06-08,12,0,120,89,31,31,65.5,74.17,MEDIUM
T Nagar Commercial Hub,2026-06-08,13,0,120,97,23,48,89.06,80.83,HIGH
T Nagar Commercial Hub,2026-06-08,14,0,120,87,33,43,63.95,72.5,MEDIUM
T Nagar Commercial Hub,2026-06-08,15,0,120,99,21,30,78.62,82.5,HIGH
T Nagar Commercial Hub,2026-06-08,16,0,120,67,53,30,57.59,55.83,MEDIUM
T Nagar Commercial Hub,2026-06-08,17,0,120,78,42,21,64.48,65.0,MEDIUM
T Nagar Commercial Hub,2026-06-08,18,0,120,75,45,22,55.08,62.5,MEDIUM
T Nagar Commercial Hub,2026-06-08,19,0,120,88,32,41,68.93,73.33,MEDIUM
T Nagar Commercial Hub,2026-06-08,20,0,120,54,66,26,45.76,45.0,LOW
T Nagar Commercial Hub,2026-06-08,21,0,120,40,80,12,31.21,33.33,LOW
T Nagar Commercial Hub,2026-06-08,22,0,120,46,74,18,40.55,38.33,LOW
T Nagar Commercial Hub,2026-06-08,23,0,120,10,110,4,5.0,8.33,LOW
Velachery Metro Station,2026-06-08,0,0,200,11,189,5,7.27,5.5,LOW
Velachery Metro Station,2026-06-08,1,0,200,20,180,10,5.54,10.0,LOW
Velachery Metro Station,2026-06-08,2,0,200,33,167,10,14.18,16.5,LOW
Velachery Metro Station,2026-06-08,3,0,200,27,173,7,5.0,13.5,LOW
Velachery Metro Station,2026-06-08,4,0,200,28,172,10,10.88,14.0,LOW
Velachery Metro Station,2026-06-08,5,0,200,39,161,10,23.45,19.5,LOW
Velachery Metro Station,2026-06-08,6,0,200,25,175,8,9.49,12.5,LOW
Velachery Metro Station,2026-06-08,7,0,200,161,39,34,82.78,80.5,HIGH
Velachery Metro Station,2026-06-08,8,0,200,170,30,41,82.55,85.0,HIGH
Velachery Metro Station,2026-06-08,9,0,200,195,5,59,90.92,97.5,HIGH
Velachery Metro Station,2026-06-08,10,0,200,180,20,87,89.64,90.0,HIGH
Velachery Metro Station,2026-06-08,11,0,200,175,25,77,90.83,87.5,HIGH
Velachery Metro Station,2026-06-08,12,0,200,135,65,53,65.7,67.5,MEDIUM
Velachery Metro Station,2026-06-08,13,0,200,155,45,69,70.99,77.5,MEDIUM
Velachery Metro Station,2026-06-08,14,0,200,152,48,41,75.19,76.0,MEDIUM
Velachery Metro Station,2026-06-08,15,0,200,158,42,65,83.77,79.0,MEDIUM
Velachery Metro Station,2026-06-08,16,0,200,150,50,51,79.19,75.0,MEDIUM
Velachery Metro Station,2026-06-08,17,0,200,190,10,77,98.0,95.0,HIGH
Velachery Metro Station,2026-06-08,18,0,200,164,36,36,91.09,82.0,HIGH
Velachery Metro Station,2026-06-08,19,0,200,183,17,41,86.62,91.5,HIGH
Velachery Metro Station,2026-06-08,20,0,200,171,29,81,85.74,85.5,HIGH
Velachery Metro Station,2026-06-08,21,0,200,54,146,16,29.92,27.0,LOW
Velachery Metro Station,2026-06-08,22,0,200,110,90,40,49.12,55.0,MEDIUM
Velachery Metro Station,2026-06-08,23,0,200,113,87,29,64.18,56.5,MEDIUM
OMR IT Park,2026-06-08,0,0,300,8,292,2,6.31,2.67,LOW
OMR IT Park,2026-06-08,1,0,300,28,272,12,7.4,9.33,LOW
OMR IT Park,2026-06-08,2,0,300,18,282,5,5.0,6.0,LOW
OMR IT Park,2026-06-08,3,0,300,23,277,7,11.89,7.67,LOW
OMR IT Park,2026-06-08,4,0,300,24,276,7,5.0,8.0,LOW
OMR IT Park,2026-06-08,5,0,300,41,259,18,11.27,13.67,LOW
OMR IT Park,2026-06-08,6,0,300,25,275,8,5.0,8.33,LOW
OMR IT Park,2026-06-08,7,0,300,26,274,11,11.21,8.67,LOW
OMR IT Park,2026-06-08,8,0,300,267,33,58,95.6,89.0,HIGH
OMR IT Park,2026-06-08,9,0,300,235,65,100,89.75,78.33,MEDIUM
OMR IT Park,2026-06-08,10,0,300,227,73,96,81.36,75.67,MEDIUM
OMR IT Park,2026-06-08,11,0,300,264,36,112,85.17,88.0,HIGH
OMR IT Park,2026-06-08,12,0,300,258,42,121,75.74,86.0,HIGH
OMR IT Park,2026-06-08,13,0,300,259,41,87,93.69,86.33,HIGH
OMR IT Park,2026-06-08,14,0,300,253,47,114,76.28,84.33,HIGH
OMR IT Park,2026-06-08,15,0,300,274,26,104,86.31,91.33,HIGH
OMR IT Park,2026-06-08,16,0,300,263,37,104,97.48,87.67,HIGH
OMR IT Park,2026-06-08,17,0,300,164,136,62,48.96,54.67,MEDIUM
OMR IT Park,2026-06-08,18,0,300,190,110,57,59.4,63.33,MEDIUM
OMR IT Park,2026-06-08,19,0,300,216,84,98,71.02,72.0,MEDIUM
OMR IT Park,2026-06-08,20,0,300,45,255,19,17.38,15.0,LOW
OMR IT Park,2026-06-08,21,0,300,67,233,18,28.31,22.33,LOW
OMR IT Park,2026-06-08,22,0,300,53,247,24,6.45,17.67,LOW
OMR IT Park,2026-06-08,23,0,300,27,273,11,6.92,9.0,LOW
Anna Nagar Center,2026-06-08,0,0,100,19,81,4,24.57,19.0,LOW
Anna Nagar Center,2026-06-08,1,0,100,18,82,7,16.0,18.0,LOW
Anna Nagar Center,2026-06-08,2,0,100,13,87,4,18.02,13.0,LOW
Anna Nagar Center,2026-06-08,3,0,100,18,82,7,17.96,18.0,LOW
Anna Nagar Center,2026-06-08,4,0,100,12,88,5,16.38,12.0,LOW
Anna Nagar Center,2026-06-08,5,0,100,9,91,3,16.58,9.0,LOW
Anna Nagar Center,2026-06-08,6,0,100,7,93,2,11.49,7.0,LOW
Anna Nagar Center,2026-06-08,7,0,100,11,89,3,23.39,11.0,LOW
Anna Nagar Center,2026-06-08,8,0,100,56,44,27,52.98,56.0,MEDIUM
Anna Nagar Center,2026-06-08,9,0,100,56,44,12,48.27,56.0,MEDIUM
Anna Nagar Center,2026-06-08,10,0,100,54,46,11,50.71,54.0,MEDIUM
Anna Nagar Center,2026-06-08,11,0,100,54,46,12,62.34,54.0,MEDIUM
Anna Nagar Center,2026-06-08,12,0,100,95,5,26,89.25,95.0,HIGH
Anna Nagar Center,2026-06-08,13,0,100,74,26,17,75.49,74.0,MEDIUM
Anna Nagar Center,2026-06-08,14,0,100,82,18,29,81.21,82.0,HIGH
Anna Nagar Center,2026-06-08,15,0,100,83,17,20,79.31,83.0,HIGH
Anna Nagar Center,2026-06-08,16,0,100,44,56,12,39.85,44.0,LOW
Anna Nagar Center,2026-06-08,17,0,100,50,50,19,47.78,50.0,MEDIUM
Anna Nagar Center,2026-06-08,18,0,100,74,26,17,72.52,74.0,MEDIUM
Anna Nagar Center,2026-06-08,19,0,100,74,26,36,71.8,74.0,MEDIUM
Anna Nagar Center,2026-06-08,20,0,100,88,12,36,92.39,88.0,HIGH
Anna Nagar Center,2026-06-08,21,0,100,69,31,24,82.3,69.0,MEDIUM
Anna Nagar Center,2026-06-08,22,0,100,17,83,8,14.38,17.0,LOW
Anna Nagar Center,2026-06-08,23,0,100,9,91,3,5.97,9.0,LOW
Guindy Corporate Park,2026-06-08,0,0,180,7,173,3,5.0,3.89,LOW
Guindy Corporate Park,2026-06-08,1,0,180,7,173,1,6.65,3.89,LOW
Guindy Corporate Park,2026-06-08,2,0,180,25,155,6,5.0,13.89,LOW
Guindy Corporate Park,2026-06-08,3,0,180,14,166,3,11.01,7.78,LOW
Guindy Corporate Park,2026-06-08,4,0,180,9,171,4,13.79,5.0,LOW
Guindy Corporate Park,2026-06-08,5,0,180,14,166,3,11.24,7.78,LOW
Guindy Corporate Park,2026-06-08,6,0,180,12,168,4,10.11,6.67,LOW
Guindy Corporate Park,2026-06-08,7,0,180,5,175,1,11.57,2.78,LOW
Guindy Corporate Park,2026-06-08,8,0,180,153,27,52,84.19,85.0,HIGH
Guindy Corporate Park,2026-06-08,9,0,180,131,49,56,71.89,72.78,MEDIUM
Guindy Corporate Park,2026-06-08,10,0,180,143,37,30,80.89,79.44,MEDIUM
Guindy Corporate Park,2026-06-08,11,0,180,159,21,36,88.35,88.33,HIGH
Guindy Corporate Park,2026-06-08,12,0,180,160,20,72,93.49,88.89,HIGH
Guindy Corporate Park,2026-06-08,13,0,180,149,31,46,84.49,82.78,HIGH
Guindy Corporate Park,2026-06-08,14,0,180,169,11,70,90.79,93.89,HIGH
Guindy Corporate Park,2026-06-08,15,0,180,172,8,38,97.83,95.56,HIGH
Guindy Corporate Park,2026-06-08,16,0,180,151,29,75,81.52,83.89,HIGH
Guindy Corporate Park,2026-06-08,17,0,180,125,55,41,63.6,69.44,MEDIUM
Guindy Corporate Park,2026-06-08,18,0,180,125,55,54,66.27,69.44,MEDIUM
Guindy Corporate Park,2026-06-08,19,0,180,102,78,43,70.43,56.67,MEDIUM
Guindy Corporate Park,2026-06-08,20,0,180,34,146,12,17.96,18.89,LOW
Guindy Corporate Park,2026-06-08,21,0,180,27,153,6,9.95,15.0,LOW
Guindy Corporate Park,2026-06-08,22,0,180,57,123,19,31.67,31.67,LOW
Guindy Corporate Park,2026-06-08,23,0,180,14,166,3,5.0,7.78,LOW
Chennai Mall,2026-06-09,0,1,150,27,123,8,19.33,18.0,LOW
Chennai Mall,2026-06-09,1,1,150,37,113,18,11.01,24.67,LOW
Chennai Mall,2026-06-09,2,1,150,35,115,16,21.19,23.33,LOW
Chennai Mall,2026-06-09,3,1,150,11,139,5,11.56,7.33,LOW
Chennai Mall,2026-06-09,4,1,150,25,125,9,18.77,16.67,LOW
Chennai Mall,2026-06-09,5,1,150,19,131,8,14.94,12.67,LOW
Chennai Mall,2026-06-09,6,1,150,16,134,5,16.72,10.67,LOW
Chennai Mall,2026-06-09,7,1,150,29,121,7,19.14,19.33,LOW
Chennai Mall,2026-06-09,8,1,150,16,134,4,18.5,10.67,LOW
Chennai Mall,2026-06-09,9,1,150,15,135,4,7.45,10.0,LOW
Chennai Mall,2026-06-09,10,1,150,31,119,15,24.46,20.67,LOW
Chennai Mall,2026-06-09,11,1,150,17,133,4,19.12,11.33,LOW
Chennai Mall,2026-06-09,12,1,150,61,89,23,35.44,40.67,LOW
Chennai Mall,2026-06-09,13,1,150,75,75,27,55.39,50.0,MEDIUM
Chennai Mall,2026-06-09,14,1,150,82,68,38,50.65,54.67,MEDIUM
Chennai Mall,2026-06-09,15,1,150,76,74,37,49.31,50.67,MEDIUM
Chennai Mall,2026-06-09,16,1,150,15,135,7,13.32,10.0,LOW
Chennai Mall,2026-06-09,17,1,150,95,55,27,71.31,63.33,MEDIUM
Chennai Mall,2026-06-09,18,1,150,108,42,27,75.06,72.0,MEDIUM
Chennai Mall,2026-06-09,19,1,150,105,45,31,75.48,70.0,MEDIUM
Chennai Mall,2026-06-09,20,1,150,100,50,37,69.15,66.67,MEDIUM
Chennai Mall,2026-06-09,21,1,150,127,23,35,86.04,84.67,HIGH
Chennai Mall,2026-06-09,22,1,150,48,102,24,33.52,32.0,LOW
Chennai Mall,2026-06-09,23,1,150,48,102,15,37.15,32.0,LOW
T Nagar Commercial Hub,2026-06-09,0,1,120,18,102,5,7.33,15.0,LOW
T Nagar Commercial Hub,2026-06-09,1,1,120,16,104,8,22.82,13.33,LOW
T Nagar Commercial Hub,2026-06-09,2,1,120,22,98,5,11.12,18.33,LOW
T Nagar Commercial Hub,2026-06-09,3,1,120,10,110,4,5.0,8.33,LOW
T Nagar Commercial Hub,2026-06-09,4,1,120,16,104,5,19.09,13.33,LOW
T Nagar Commercial Hub,2026-06-09,5,1,120,18,102,6,13.54,15.0,LOW
T Nagar Commercial Hub,2026-06-09,6,1,120,2,118,1,11.87,1.67,LOW
T Nagar Commercial Hub,2026-06-09,7,1,120,20,100,8,14.56,16.67,LOW
T Nagar Commercial Hub,2026-06-09,8,1,120,16,104,5,14.58,13.33,LOW
T Nagar Commercial Hub,2026-06-09,9,1,120,12,108,6,13.65,10.0,LOW
T Nagar Commercial Hub,2026-06-09,10,1,120,98,22,46,77.72,81.67,HIGH
T Nagar Commercial Hub,2026-06-09,11,1,120,94,26,34,81.18,78.33,MEDIUM
T Nagar Commercial Hub,2026-06-09,12,1,120,96,24,21,72.69,80.0,HIGH
T Nagar Commercial Hub,2026-06-09,13,1,120,68,52,20,55.13,56.67,MEDIUM
T Nagar Commercial Hub,2026-06-09,14,1,120,83,37,24,69.34,69.17,MEDIUM
T Nagar Commercial Hub,2026-06-09,15,1,120,96,24,36,73.75,80.0,HIGH
T Nagar Commercial Hub,2026-06-09,16,1,120,104,16,43,79.03,86.67,HIGH
T Nagar Commercial Hub,2026-06-09,17,1,120,91,29,20,72.13,75.83,MEDIUM
T Nagar Commercial Hub,2026-06-09,18,1,120,87,33,39,78.32,72.5,MEDIUM
T Nagar Commercial Hub,2026-06-09,19,1,120,72,48,19,66.78,60.0,MEDIUM
T Nagar Commercial Hub,2026-06-09,20,1,120,44,76,17,32.74,36.67,LOW
T Nagar Commercial Hub,2026-06-09,21,1,120,57,63,15,45.22,47.5,LOW
T Nagar Commercial Hub,2026-06-09,22,1,120,54,66,14,36.75,45.0,LOW
T Nagar Commercial Hub,2026-06-09,23,1,120,14,106,7,10.16,11.67,LOW
Velachery Metro Station,2026-06-09,0,1,200,27,173,10,12.54,13.5,LOW
Velachery Metro Station,2026-06-09,1,1,200,34,166,10,17.19,17.0,LOW
Velachery Metro Station,2026-06-09,2,1,200,28,172,12,14.46,14.0,LOW
Velachery Metro Station,2026-06-09,3,1,200,4,196,2,5.0,2.0,LOW
Velachery Metro Station,2026-06-09,4,1,200,39,161,11,13.55,19.5,LOW
Velachery Metro Station,2026-06-09,5,1,200,29,171,14,17.18,14.5,LOW
Velachery Metro Station,2026-06-09,6,1,200,23,177,11,16.4,11.5,LOW
Velachery Metro Station,2026-06-09,7,1,200,168,32,47,90.6,84.0,HIGH
Velachery Metro Station,2026-06-09,8,1,200,182,18,85,79.52,91.0,HIGH
Velachery Metro Station,2026-06-09,9,1,200,182,18,39,98.0,91.0,HIGH
Velachery Metro Station,2026-06-09,10,1,200,157,43,40,83.78,78.5,MEDIUM
Velachery Metro Station,2026-06-09,11,1,200,151,49,51,74.85,75.5,MEDIUM
Velachery Metro Station,2026-06-09,12,1,200,141,59,61,73.99,70.5,MEDIUM
Velachery Metro Station,2026-06-09,13,1,200,167,33,66,85.97,83.5,HIGH
Velachery Metro Station,2026-06-09,14,1,200,181,19,61,89.93,90.5,HIGH
Velachery Metro Station,2026-06-09,15,1,200,160,40,36,77.9,80.0,HIGH
Velachery Metro Station,2026-06-09,16,1,200,158,42,38,68.79,79.0,MEDIUM
Velachery Metro Station,2026-06-09,17,1,200,186,14,43,96.88,93.0,HIGH
Velachery Metro Station,2026-06-09,18,1,200,175,25,59,92.31,87.5,HIGH
Velachery Metro Station,2026-06-09,19,1,200,178,22,80,88.3,89.0,HIGH
Velachery Metro Station,2026-06-09,20,1,200,185,15,58,90.68,92.5,HIGH
Velachery Metro Station,2026-06-09,21,1,200,114,86,47,55.42,57.0,MEDIUM
Velachery Metro Station,2026-06-09,22,1,200,60,140,24,37.55,30.0,LOW
Velachery Metro Station,2026-06-09,23,1,200,79,121,16,37.7,39.5,LOW
OMR IT Park,2026-06-09,0,1,300,30,270,15,10.13,10.0,LOW
OMR IT Park,2026-06-09,1,1,300,41,259,10,16.41,13.67,LOW
OMR IT Park,2026-06-09,2,1,300,17,283,5,6.84,5.67,LOW
OMR IT Park,2026-06-09,3,1,300,22,278,5,17.85,7.33,LOW
OMR IT Park,2026-06-09,4,1,300,23,277,9,5.13,7.67,LOW
OMR IT Park,2026-06-09,5,1,300,7,293,3,5.0,2.33,LOW
OMR IT Park,2026-06-09,6,1,300,6,294,2,5.0,2.0,LOW
OMR IT Park,2026-06-09,7,1,300,13,287,4,11.9,4.33,LOW
OMR IT Park,2026-06-09,8,1,300,216,84,82,73.68,72.0,MEDIUM
OMR IT Park,2026-06-09,9,1,300,274,26,93,96.58,91.33,HIGH
OMR IT Park,2026-06-09,10,1,300,225,75,61,74.57,75.0,MEDIUM
OMR IT Park,2026-06-09,11,1,300,266,34,68,79.69,88.67,HIGH
OMR IT Park,2026-06-09,12,1,300,244,56,74,87.73,81.33,HIGH
OMR IT Park,2026-06-09,13,1,300,271,29,102,88.24,90.33,HIGH
OMR IT Park,2026-06-09,14,1,300,246,54,53,80.93,82.0,HIGH
OMR IT Park,2026-06-09,15,1,300,273,27,122,87.61,91.0,HIGH
OMR IT Park,2026-06-09,16,1,300,267,33,76,77.34,89.0,HIGH
OMR IT Park,2026-06-09,17,1,300,159,141,59,57.66,53.0,MEDIUM
OMR IT Park,2026-06-09,18,1,300,196,104,60,71.69,65.33,MEDIUM
OMR IT Park,2026-06-09,19,1,300,163,137,75,49.13,54.33,MEDIUM
OMR IT Park,2026-06-09,20,1,300,92,208,21,36.58,30.67,LOW
OMR IT Park,2026-06-09,21,1,300,111,189,48,37.47,37.0,LOW
OMR IT Park,2026-06-09,22,1,300,93,207,27,31.32,31.0,LOW
OMR IT Park,2026-06-09,23,1,300,23,277,5,6.72,7.67,LOW
Anna Nagar Center,2026-06-09,0,1,100,18,82,5,12.51,18.0,LOW
Anna Nagar Center,2026-06-09,1,1,100,12,88,3,9.65,12.0,LOW
Anna Nagar Center,2026-06-09,2,1,100,8,92,4,16.0,8.0,LOW
Anna Nagar Center,2026-06-09,3,1,100,4,96,1,11.31,4.0,LOW
Anna Nagar Center,2026-06-09,4,1,100,23,77,7,21.36,23.0,LOW
Anna Nagar Center,2026-06-09,5,1,100,15,85,4,13.74,15.0,LOW
Anna Nagar Center,2026-06-09,6,1,100,14,86,4,5.0,14.0,LOW
Anna Nagar Center,2026-06-09,7,1,100,25,75,6,21.83,25.0,LOW
Anna Nagar Center,2026-06-09,8,1,100,56,44,27,58.86,56.0,MEDIUM
Anna Nagar Center,2026-06-09,9,1,100,54,46,16,53.97,54.0,MEDIUM
Anna Nagar Center,2026-06-09,10,1,100,46,54,11,40.55,46.0,LOW
Anna Nagar Center,2026-06-09,11,1,100,40,60,9,45.97,40.0,LOW
Anna Nagar Center,2026-06-09,12,1,100,73,27,26,62.53,73.0,MEDIUM
Anna Nagar Center,2026-06-09,13,1,100,84,16,23,87.91,84.0,HIGH
Anna Nagar Center,2026-06-09,14,1,100,69,31,26,65.34,69.0,MEDIUM
Anna Nagar Center,2026-06-09,15,1,100,87,13,43,90.14,87.0,HIGH
Anna Nagar Center,2026-06-09,16,1,100,61,39,27,68.61,61.0,MEDIUM
Anna Nagar Center,2026-06-09,17,1,100,43,57,14,43.11,43.0,LOW
Anna Nagar Center,2026-06-09,18,1,100,74,26,22,69.84,74.0,MEDIUM
Anna Nagar Center,2026-06-09,19,1,100,83,17,35,81.96,83.0,HIGH
Anna Nagar Center,2026-06-09,20,1,100,70,30,33,69.63,70.0,MEDIUM
Anna Nagar Center,2026-06-09,21,1,100,77,23,32,83.93,77.0,MEDIUM
Anna Nagar Center,2026-06-09,22,1,100,10,90,2,5.0,10.0,LOW
Anna Nagar Center,2026-06-09,23,1,100,24,76,8,15.38,24.0,LOW
Guindy Corporate Park,2026-06-09,0,1,180,11,169,5,8.94,6.11,LOW
Guindy Corporate Park,2026-06-09,1,1,180,14,166,6,5.78,7.78,LOW
Guindy Corporate Park,2026-06-09,2,1,180,18,162,8,14.02,10.0,LOW
Guindy Corporate Park,2026-06-09,3,1,180,4,176,1,5.0,2.22,LOW
Guindy Corporate Park,2026-06-09,4,1,180,5,175,1,10.0,2.78,LOW
Guindy Corporate Park,2026-06-09,5,1,180,9,171,3,5.26,5.0,LOW
Guindy Corporate Park,2026-06-09,6,1,180,4,176,1,5.0,2.22,LOW
Guindy Corporate Park,2026-06-09,7,1,180,9,171,3,5.0,5.0,LOW
Guindy Corporate Park,2026-06-09,8,1,180,174,6,73,88.77,96.67,HIGH
Guindy Corporate Park,2026-06-09,9,1,180,141,39,31,67.46,78.33,MEDIUM
Guindy Corporate Park,2026-06-09,10,1,180,143,37,49,79.09,79.44,MEDIUM
Guindy Corporate Park,2026-06-09,11,1,180,178,2,67,93.11,98.89,HIGH
Guindy Corporate Park,2026-06-09,12,1,180,180,0,70,88.57,100.0,HIGH
Guindy Corporate Park,2026-06-09,13,1,180,154,26,65,84.16,85.56,HIGH
Guindy Corporate Park,2026-06-09,14,1,180,148,32,72,85.87,82.22,HIGH
Guindy Corporate Park,2026-06-09,15,1,180,170,10,73,98.0,94.44,HIGH
Guindy Corporate Park,2026-06-09,16,1,180,142,38,51,93.96,78.89,MEDIUM
Guindy Corporate Park,2026-06-09,17,1,180,99,81,33,47.25,55.0,MEDIUM
Guindy Corporate Park,2026-06-09,18,1,180,127,53,48,65.44,70.56,MEDIUM
Guindy Corporate Park,2026-06-09,19,1,180,103,77,46,48.69,57.22,MEDIUM
Guindy Corporate Park,2026-06-09,20,1,180,45,135,18,21.34,25.0,LOW
Guindy Corporate Park,2026-06-09,21,1,180,35,145,14,23.67,19.44,LOW
Guindy Corporate Park,2026-06-09,22,1,180,40,140,14,23.07,22.22,LOW
Guindy Corporate Park,2026-06-09,23,1,180,21,159,8,5.0,11.67,LOW
Chennai Mall,2026-06-10,0,2,150,22,128,6,7.98,14.67,LOW
Chennai Mall,2026-06-10,1,2,150,37,113,13,22.63,24.67,LOW
Chennai Mall,2026-06-10,2,2,150,22,128,7,18.25,14.67,LOW
Chennai Mall,2026-06-10,3,2,150,6,144,3,17.52,4.0,LOW
Chennai Mall,2026-06-10,4,2,150,13,137,6,5.0,8.67,LOW
Chennai Mall,2026-06-10,5,2,150,31,119,7,6.1,20.67,LOW
Chennai Mall,2026-06-10,6,2,150,31,119,12,29.48,20.67,LOW
Chennai Mall,2026-06-10,7,2,150,5,145,2,10.85,3.33,LOW
Chennai Mall,2026-06-10,8,2,150,35,115,17,28.36,23.33,LOW
Chennai Mall,2026-06-10,9,2,150,5,145,2,5.0,3.33,LOW
Chennai Mall,2026-06-10,10,2,150,23,127,6,18.44,15.33,LOW
Chennai Mall,2026-06-10,11,2,150,12,138,3,5.0,8.0,LOW
Chennai Mall,2026-06-10,12,2,150,55,95,11,34.25,36.67,LOW
Chennai Mall,2026-06-10,13,2,150,84,66,21,58.36,56.0,MEDIUM
Chennai Mall,2026-06-10,14,2,150,87,63,34,60.37,58.0,MEDIUM
Chennai Mall,2026-06-10,15,2,150,77,73,34,44.6,51.33,MEDIUM
Chennai Mall,2026-06-10,16,2,150,19,131,8,15.95,12.67,LOW
Chennai Mall,2026-06-10,17,2,150,116,34,30,78.87,77.33,MEDIUM
Chennai Mall,2026-06-10,18,2,150,123,27,60,87.36,82.0,HIGH
Chennai Mall,2026-06-10,19,2,150,100,50,37,60.26,66.67,MEDIUM
Chennai Mall,2026-06-10,20,2,150,120,30,58,78.47,80.0,HIGH
Chennai Mall,2026-06-10,21,2,150,111,39,39,90.88,74.0,MEDIUM
Chennai Mall,2026-06-10,22,2,150,32,118,14,31.43,21.33,LOW
Chennai Mall,2026-06-10,23,2,150,46,104,12,24.9,30.67,LOW
T Nagar Commercial Hub,2026-06-10,0,2,120,18,102,9,19.87,15.0,LOW
T Nagar Commercial Hub,2026-06-10,1,2,120,16,104,4,9.52,13.33,LOW
T Nagar Commercial Hub,2026-06-10,2,2,120,9,111,4,17.7,7.5,LOW
T Nagar Commercial Hub,2026-06-10,3,2,120,16,104,4,17.13,13.33,LOW
T Nagar Commercial Hub,2026-06-10,4,2,120,16,104,4,9.42,13.33,LOW
T Nagar Commercial Hub,2026-06-10,5,2,120,20,100,6,11.74,16.67,LOW
T Nagar Commercial Hub,2026-06-10,6,2,120,23,97,6,10.51,19.17,LOW
T Nagar Commercial Hub,2026-06-10,7,2,120,20,100,5,20.82,16.67,LOW
T Nagar Commercial Hub,2026-06-10,8,2,120,15,105,7,7.21,12.5,LOW
T Nagar Commercial Hub,2026-06-10,9,2,120,13,107,6,6.72,10.83,LOW
T Nagar Commercial Hub,2026-06-10,10,2,120,88,32,28,76.02,73.33,MEDIUM
T Nagar Commercial Hub,2026-06-10,11,2,120,86,34,30,77.12,71.67,MEDIUM
T Nagar Commercial Hub,2026-06-10,12,2,120,96,24,29,87.0,80.0,HIGH
T Nagar Commercial Hub,2026-06-10,13,2,120,81,39,36,74.39,67.5,MEDIUM
T Nagar Commercial Hub,2026-06-10,14,2,120,84,36,23,70.61,70.0,MEDIUM
T Nagar Commercial Hub,2026-06-10,15,2,120,97,23,33,81.13,80.83,HIGH
T Nagar Commercial Hub,2026-06-10,16,2,120,81,39,29,67.0,67.5,MEDIUM
T Nagar Commercial Hub,2026-06-10,17,2,120,86,34,42,63.57,71.67,MEDIUM
T Nagar Commercial Hub,2026-06-10,18,2,120,80,40,27,65.38,66.67,MEDIUM
T Nagar Commercial Hub,2026-06-10,19,2,120,97,23,20,74.34,80.83,HIGH
T Nagar Commercial Hub,2026-06-10,20,2,120,52,68,19,51.25,43.33,LOW
T Nagar Commercial Hub,2026-06-10,21,2,120,47,73,22,42.2,39.17,LOW
T Nagar Commercial Hub,2026-06-10,22,2,120,49,71,23,49.6,40.83,LOW
T Nagar Commercial Hub,2026-06-10,23,2,120,8,112,2,5.0,6.67,LOW
Velachery Metro Station,2026-06-10,0,2,200,20,180,7,6.95,10.0,LOW
Velachery Metro Station,2026-06-10,1,2,200,24,176,12,15.46,12.0,LOW
Velachery Metro Station,2026-06-10,2,2,200,16,184,4,9.7,8.0,LOW
Velachery Metro Station,2026-06-10,3,2,200,10,190,3,12.51,5.0,LOW
Velachery Metro Station,2026-06-10,4,2,200,10,190,4,5.0,5.0,LOW
Velachery Metro Station,2026-06-10,5,2,200,25,175,12,8.69,12.5,LOW
Velachery Metro Station,2026-06-10,6,2,200,28,172,9,21.58,14.0,LOW
Velachery Metro Station,2026-06-10,7,2,200,166,34,41,83.92,83.0,HIGH
Velachery Metro Station,2026-06-10,8,2,200,192,8,93,88.04,96.0,HIGH
Velachery Metro Station,2026-06-10,9,2,200,177,23,39,90.72,88.5,HIGH
Velachery Metro Station,2026-06-10,10,2,200,163,37,73,85.45,81.5,HIGH
Velachery Metro Station,2026-06-10,11,2,200,139,61,43,68.64,69.5,MEDIUM
Velachery Metro Station,2026-06-10,12,2,200,134,66,66,73.05,67.0,MEDIUM
Velachery Metro Station,2026-06-10,13,2,200,139,61,63,71.76,69.5,MEDIUM
Velachery Metro Station,2026-06-10,14,2,200,174,26,44,84.9,87.0,HIGH
Velachery Metro Station,2026-06-10,15,2,200,152,48,40,65.14,76.0,MEDIUM
Velachery Metro Station,2026-06-10,16,2,200,148,52,43,75.16,74.0,MEDIUM
Velachery Metro Station,2026-06-10,17,2,200,176,24,69,82.9,88.0,HIGH
Velachery Metro Station,2026-06-10,18,2,200,193,7,48,97.91,96.5,HIGH
Velachery Metro Station,2026-06-10,19,2,200,174,26,39,90.91,87.0,HIGH
Velachery Metro Station,2026-06-10,20,2,200,194,6,77,93.98,97.0,HIGH
Velachery Metro Station,2026-06-10,21,2,200,58,142,13,23.82,29.0,LOW
Velachery Metro Station,2026-06-10,22,2,200,83,117,25,37.58,41.5,LOW
Velachery Metro Station,2026-06-10,23,2,200,96,104,30,51.21,48.0,LOW
OMR IT Park,2026-06-10,0,2,300,18,282,8,5.0,6.0,LOW
OMR IT Park,2026-06-10,1,2,300,6,294,2,5.0,2.0,LOW
OMR IT Park,2026-06-10,2,2,300,21,279,10,5.0,7.0,LOW
OMR IT Park,2026-06-10,3,2,300,16,284,7,5.0,5.33,LOW
OMR IT Park,2026-06-10,4,2,300,29,271,14,8.98,9.67,LOW
OMR IT Park,2026-06-10,5,2,300,29,271,12,5.0,9.67,LOW
OMR IT Park,2026-06-10,6,2,300,14,286,6,9.88,4.67,LOW
OMR IT Park,2026-06-10,7,2,300,23,277,6,5.0,7.67,LOW
OMR IT Park,2026-06-10,8,2,300,235,65,86,77.2,78.33,MEDIUM
OMR IT Park,2026-06-10,9,2,300,265,35,70,87.85,88.33,HIGH
OMR IT Park,2026-06-10,10,2,300,217,83,107,73.95,72.33,MEDIUM
OMR IT Park,2026-06-10,11,2,300,289,11,66,95.17,96.33,HIGH
OMR IT Park,2026-06-10,12,2,300,244,56,117,91.87,81.33,HIGH
OMR IT Park,2026-06-10,13,2,300,263,37,104,87.18,87.67,HIGH
OMR IT Park,2026-06-10,14,2,300,263,37,68,82.58,87.67,HIGH
OMR IT Park,2026-06-10,15,2,300,298,2,124,96.71,99.33,HIGH
OMR IT Park,2026-06-10,16,2,300,261,39,86,84.73,87.0,HIGH
OMR IT Park,2026-06-10,17,2,300,212,88,67,73.41,70.67,MEDIUM
OMR IT Park,2026-06-10,18,2,300,229,71,106,71.83,76.33,MEDIUM
OMR IT Park,2026-06-10,19,2,300,178,122,52,56.7,59.33,MEDIUM
OMR IT Park,2026-06-10,20,2,300,85,215,37,16.51,28.33,LOW
OMR IT Park,2026-06-10,21,2,300,49,251,15,17.89,16.33,LOW
OMR IT Park,2026-06-10,22,2,300,72,228,26,31.22,24.0,LOW
OMR IT Park,2026-06-10,23,2,300,14,286,7,5.0,4.67,LOW
Anna Nagar Center,2026-06-10,0,2,100,25,75,5,24.32,25.0,LOW
Anna Nagar Center,2026-06-10,1,2,100,26,74,8,20.5,26.0,LOW
Anna Nagar Center,2026-06-10,2,2,100,4,96,1,5.0,4.0,LOW
Anna Nagar Center,2026-06-10,3,2,100,7,93,2,14.66,7.0,LOW
Anna Nagar Center,2026-06-10,4,2,100,8,92,2,12.47,8.0,LOW
Anna Nagar Center,2026-06-10,5,2,100,11,89,4,10.06,11.0,LOW
Anna Nagar Center,2026-06-10,6,2,100,17,83,4,24.16,17.0,LOW
Anna Nagar Center,2026-06-10,7,2,100,11,89,4,11.9,11.0,LOW
Anna Nagar Center,2026-06-10,8,2,100,39,61,14,40.29,39.0,LOW
Anna Nagar Center,2026-06-10,9,2,100,63,37,21,65.49,63.0,MEDIUM
Anna Nagar Center,2026-06-10,10,2,100,62,38,21,64.57,62.0,MEDIUM
Anna Nagar Center,2026-06-10,11,2,100,39,61,14,37.63,39.0,LOW
Anna Nagar Center,2026-06-10,12,2,100,73,27,33,66.9,73.0,MEDIUM
Anna Nagar Center,2026-06-10,13,2,100,82,18,39,79.33,82.0,HIGH
Anna Nagar Center,2026-06-10,14,2,100,71,29,25,74.32,71.0,MEDIUM
Anna Nagar Center,2026-06-10,15,2,100,65,35,25,57.57,65.0,MEDIUM
Anna Nagar Center,2026-06-10,16,2,100,51,49,19,58.74,51.0,MEDIUM
Anna Nagar Center,2026-06-10,17,2,100,47,53,19,39.6,47.0,LOW
Anna Nagar Center,2026-06-10,18,2,100,88,12,26,78.78,88.0,HIGH
Anna Nagar Center,2026-06-10,19,2,100,76,24,36,79.29,76.0,MEDIUM
Anna Nagar Center,2026-06-10,20,2,100,69,31,20,73.38,69.0,MEDIUM
Anna Nagar Center,2026-06-10,21,2,100,80,20,25,74.83,80.0,HIGH
Anna Nagar Center,2026-06-10,22,2,100,3,97,2,5.0,3.0,LOW
Anna Nagar Center,2026-06-10,23,2,100,21,79,7,20.25,21.0,LOW
Guindy Corporate Park,2026-06-10,0,2,180,4,176,1,5.0,2.22,LOW
Guindy Corporate Park,2026-06-10,1,2,180,13,167,5,14.03,7.22,LOW
Guindy Corporate Park,2026-06-10,2,2,180,22,158,8,8.2,12.22,LOW
Guindy Corporate Park,2026-06-10,3,2,180,4,176,1,7.53,2.22,LOW
Guindy Corporate Park,2026-06-10,4,2,180,14,166,5,5.66,7.78,LOW
Guindy Corporate Park,2026-06-10,5,2,180,14,166,5,9.62,7.78,LOW
Guindy Corporate Park,2026-06-10,6,2,180,19,161,5,7.34,10.56,LOW
Guindy Corporate Park,2026-06-10,7,2,180,10,170,3,6.41,5.56,LOW
Guindy Corporate Park,2026-06-10,8,2,180,140,40,39,77.28,77.78,MEDIUM
Guindy Corporate Park,2026-06-10,9,2,180,163,17,36,86.93,90.56,HIGH
Guindy Corporate Park,2026-06-10,10,2,180,172,8,77,98.0,95.56,HIGH
Guindy Corporate Park,2026-06-10,11,2,180,165,15,39,95.68,91.67,HIGH
Guindy Corporate Park,2026-06-10,12,2,180,162,18,56,84.53,90.0,HIGH
Guindy Corporate Park,2026-06-10,13,2,180,168,12,53,91.14,93.33,HIGH
Guindy Corporate Park,2026-06-10,14,2,180,162,18,47,95.39,90.0,HIGH
Guindy Corporate Park,2026-06-10,15,2,180,156,24,32,82.71,86.67,HIGH
Guindy Corporate Park,2026-06-10,16,2,180,148,32,33,87.04,82.22,HIGH
Guindy Corporate Park,2026-06-10,17,2,180,115,65,54,65.2,63.89,MEDIUM
Guindy Corporate Park,2026-06-10,18,2,180,127,53,55,72.05,70.56,MEDIUM
Guindy Corporate Park,2026-06-10,19,2,180,128,52,35,78.3,71.11,MEDIUM
Guindy Corporate Park,2026-06-10,20,2,180,55,125,15,29.12,30.56,LOW
Guindy Corporate Park,2026-06-10,21,2,180,53,127,24,36.14,29.44,LOW
Guindy Corporate Park,2026-06-10,22,2,180,51,129,24,20.21,28.33,LOW
Guindy Corporate Park,2026-06-10,23,2,180,4,176,2,7.78,2.22,LOW
Chennai Mall,2026-06-11,0,3,150,36,114,8,15.57,24.0,LOW
Chennai Mall,2026-06-11,1,3,150,19,131,6,16.23,12.67,LOW
Chennai Mall,2026-06-11,2,3,150,29,121,6,14.93,19.33,LOW
Chennai Mall,2026-06-11,3,3,150,26,124,6,27.24,17.33,LOW
Chennai Mall,2026-06-11,4,3,150,26,124,10,17.33,17.33,LOW
Chennai Mall,2026-06-11,5,3,150,18,132,7,5.0,12.0,LOW
Chennai Mall,2026-06-11,6,3,150,26,124,5,5.0,17.33,LOW
Chennai Mall,2026-06-11,7,3,150,12,138,3,7.7,8.0,LOW
Chennai Mall,2026-06-11,8,3,150,23,127,11,13.31,15.33,LOW
Chennai Mall,2026-06-11,9,3,150,31,119,10,16.68,20.67,LOW
Chennai Mall,2026-06-11,10,3,150,21,129,6,21.61,14.0,LOW
Chennai Mall,2026-06-11,11,3,150,21,129,6,15.78,14.0,LOW
Chennai Mall,2026-06-11,12,3,150,66,84,25,42.16,44.0,LOW
Chennai Mall,2026-06-11,13,3,150,72,78,32,59.49,48.0,LOW
Chennai Mall,2026-06-11,14,3,150,83,67,24,53.39,55.33,MEDIUM
Chennai Mall,2026-06-11,15,3,150,89,61,19,65.79,59.33,MEDIUM
Chennai Mall,2026-06-11,16,3,150,7,143,2,10.25,4.67,LOW
Chennai Mall,2026-06-11,17,3,150,112,38,36,78.21,74.67,MEDIUM
Chennai Mall,2026-06-11,18,3,150,120,30,30,77.0,80.0,HIGH
Chennai Mall,2026-06-11,19,3,150,128,22,52,92.75,85.33,HIGH
Chennai Mall,2026-06-11,20,3,150,114,36,41,70.13,76.0,MEDIUM
Chennai Mall,2026-06-11,21,3,150,123,27,46,78.36,82.0,HIGH
Chennai Mall,2026-06-11,22,3,150,40,110,17,20.16,26.67,LOW
Chennai Mall,2026-06-11,23,3,150,43,107,14,32.44,28.67,LOW
T Nagar Commercial Hub,2026-06-11,0,3,120,23,97,11,21.78,19.17,LOW
T Nagar Commercial Hub,2026-06-11,1,3,120,6,114,2,10.41,5.0,LOW
T Nagar Commercial Hub,2026-06-11,2,3,120,5,115,1,6.07,4.17,LOW
T Nagar Commercial Hub,2026-06-11,3,3,120,11,109,4,5.0,9.17,LOW
T Nagar Commercial Hub,2026-06-11,4,3,120,14,106,6,11.65,11.67,LOW
T Nagar Commercial Hub,2026-06-11,5,3,120,10,110,2,12.29,8.33,LOW
T Nagar Commercial Hub,2026-06-11,6,3,120,10,110,2,13.85,8.33,LOW
T Nagar Commercial Hub,2026-06-11,7,3,120,10,110,3,11.82,8.33,LOW
T Nagar Commercial Hub,2026-06-11,8,3,120,24,96,6,15.21,20.0,LOW
T Nagar Commercial Hub,2026-06-11,9,3,120,26,94,5,12.5,21.67,LOW
T Nagar Commercial Hub,2026-06-11,10,3,120,85,35,19,58.92,70.83,MEDIUM
T Nagar Commercial Hub,2026-06-11,11,3,120,98,22,43,74.36,81.67,HIGH
T Nagar Commercial Hub,2026-06-11,12,3,120,92,28,28,80.17,76.67,MEDIUM
T Nagar Commercial Hub,2026-06-11,13,3,120,98,22,42,71.6,81.67,HIGH
T Nagar Commercial Hub,2026-06-11,14,3,120,82,38,37,60.13,68.33,MEDIUM
T Nagar Commercial Hub,2026-06-11,15,3,120,107,13,50,86.06,89.17,HIGH
T Nagar Commercial Hub,2026-06-11,16,3,120,78,42,35,57.56,65.0,MEDIUM
T Nagar Commercial Hub,2026-06-11,17,3,120,95,25,31,80.58,79.17,MEDIUM
T Nagar Commercial Hub,2026-06-11,18,3,120,82,38,18,62.03,68.33,MEDIUM
T Nagar Commercial Hub,2026-06-11,19,3,120,104,16,24,73.51,86.67,HIGH
T Nagar Commercial Hub,2026-06-11,20,3,120,51,69,14,50.29,42.5,LOW
T Nagar Commercial Hub,2026-06-11,21,3,120,66,54,25,56.08,55.0,MEDIUM
T Nagar Commercial Hub,2026-06-11,22,3,120,71,49,33,53.77,59.17,MEDIUM
T Nagar Commercial Hub,2026-06-11,23,3,120,9,111,3,8.67,7.5,LOW
Velachery Metro Station,2026-06-11,0,3,200,26,174,10,8.65,13.0,LOW
Velachery Metro Station,2026-06-11,1,3,200,34,166,8,15.11,17.0,LOW
Velachery Metro Station,2026-06-11,2,3,200,20,180,10,5.0,10.0,LOW
Velachery Metro Station,2026-06-11,3,3,200,42,158,12,18.1,21.0,LOW
Velachery Metro Station,2026-06-11,4,3,200,15,185,4,11.27,7.5,LOW
Velachery Metro Station,2026-06-11,5,3,200,29,171,10,6.96,14.5,LOW
Velachery Metro Station,2026-06-11,6,3,200,39,161,13,17.4,19.5,LOW
Velachery Metro Station,2026-06-11,7,3,200,185,15,86,84.49,92.5,HIGH
Velachery Metro Station,2026-06-11,8,3,200,196,4,72,98.0,98.0,HIGH
Velachery Metro Station,2026-06-11,9,3,200,185,15,55,86.84,92.5,HIGH
Velachery Metro Station,2026-06-11,10,3,200,173,27,62,86.95,86.5,HIGH
Velachery Metro Station,2026-06-11,11,3,200,141,59,48,69.39,70.5,MEDIUM
Velachery Metro Station,2026-06-11,12,3,200,159,41,52,81.82,79.5,MEDIUM
Velachery Metro Station,2026-06-11,13,3,200,158,42,34,72.42,79.0,MEDIUM
Velachery Metro Station,2026-06-11,14,3,200,140,60,33,77.44,70.0,MEDIUM
Velachery Metro Station,2026-06-11,15,3,200,148,52,53,83.51,74.0,MEDIUM
Velachery Metro Station,2026-06-11,16,3,200,172,28,45,90.25,86.0,HIGH
Velachery Metro Station,2026-06-11,17,3,200,193,7,44,93.71,96.5,HIGH
Velachery Metro Station,2026-06-11,18,3,200,182,18,70,87.01,91.0,HIGH
Velachery Metro Station,2026-06-11,19,3,200,172,28,58,80.73,86.0,HIGH
Velachery Metro Station,2026-06-11,20,3,200,193,7,55,86.0,96.5,HIGH
Velachery Metro Station,2026-06-11,21,3,200,102,98,48,53.72,51.0,MEDIUM
Velachery Metro Station,2026-06-11,22,3,200,108,92,32,49.88,54.0,MEDIUM
Velachery Metro Station,2026-06-11,23,3,200,81,119,40,33.55,40.5,LOW
OMR IT Park,2026-06-11,0,3,300,20,280,6,5.0,6.67,LOW
OMR IT Park,2026-06-11,1,3,300,15,285,4,7.43,5.0,LOW
OMR IT Park,2026-06-11,2,3,300,32,268,8,5.0,10.67,LOW
OMR IT Park,2026-06-11,3,3,300,20,280,10,5.0,6.67,LOW
OMR IT Park,2026-06-11,4,3,300,6,294,2,5.0,2.0,LOW
OMR IT Park,2026-06-11,5,3,300,16,284,7,5.0,5.33,LOW
OMR IT Park,2026-06-11,6,3,300,12,288,3,6.35,4.0,LOW
OMR IT Park,2026-06-11,7,3,300,6,294,1,6.27,2.0,LOW
OMR IT Park,2026-06-11,8,3,300,231,69,80,77.57,77.0,MEDIUM
OMR IT Park,2026-06-11,9,3,300,235,65,59,75.63,78.33,MEDIUM
OMR IT Park,2026-06-11,10,3,300,240,60,78,83.32,80.0,HIGH
OMR IT Park,2026-06-11,11,3,300,300,0,64,98.0,100.0,HIGH
OMR IT Park,2026-06-11,12,3,300,274,26,107,92.29,91.33,HIGH
OMR IT Park,2026-06-11,13,3,300,256,44,61,81.47,85.33,HIGH
OMR IT Park,2026-06-11,14,3,300,273,27,118,95.71,91.0,HIGH
OMR IT Park,2026-06-11,15,3,300,276,24,127,86.05,92.0,HIGH
OMR IT Park,2026-06-11,16,3,300,277,23,119,89.18,92.33,HIGH
OMR IT Park,2026-06-11,17,3,300,164,136,34,51.95,54.67,MEDIUM
OMR IT Park,2026-06-11,18,3,300,183,117,37,62.37,61.0,MEDIUM
OMR IT Park,2026-06-11,19,3,300,217,83,88,59.83,72.33,MEDIUM
OMR IT Park,2026-06-11,20,3,300,88,212,28,32.04,29.33,LOW
OMR IT Park,2026-06-11,21,3,300,90,210,21,38.91,30.0,LOW
OMR IT Park,2026-06-11,22,3,300,108,192,37,25.81,36.0,LOW
OMR IT Park,2026-06-11,23,3,300,6,294,2,5.0,2.0,LOW
Anna Nagar Center,2026-06-11,0,3,100,21,79,9,13.9,21.0,LOW
Anna Nagar Center,2026-06-11,1,3,100,23,77,10,20.73,23.0,LOW
Anna Nagar Center,2026-06-11,2,3,100,20,80,7,13.06,20.0,LOW
Anna Nagar Center,2026-06-11,3,3,100,6,94,1,5.0,6.0,LOW
Anna Nagar Center,2026-06-11,4,3,100,29,71,14,27.86,29.0,LOW
Anna Nagar Center,2026-06-11,5,3,100,11,89,3,12.47,11.0,LOW
Anna Nagar Center,2026-06-11,6,3,100,20,80,6,27.74,20.0,LOW
Anna Nagar Center,2026-06-11,7,3,100,14,86,6,11.76,14.0,LOW
Anna Nagar Center,2026-06-11,8,3,100,47,53,22,40.04,47.0,LOW
Anna Nagar Center,2026-06-11,9,3,100,45,55,19,42.81,45.0,LOW
Anna Nagar Center,2026-06-11,10,3,100,55,45,19,60.27,55.0,MEDIUM
Anna Nagar Center,2026-06-11,11,3,100,41,59,10,41.6,41.0,LOW
Anna Nagar Center,2026-06-11,12,3,100,82,18,31,72.19,82.0,HIGH
Anna Nagar Center,2026-06-11,13,3,100,74,26,25,78.9,74.0,MEDIUM
Anna Nagar Center,2026-06-11,14,3,100,81,19,26,80.61,81.0,HIGH
Anna Nagar Center,2026-06-11,15,3,100,84,16,17,76.16,84.0,HIGH
Anna Nagar Center,2026-06-11,16,3,100,48,52,17,44.95,48.0,LOW
Anna Nagar Center,2026-06-11,17,3,100,58,42,14,47.64,58.0,MEDIUM
Anna Nagar Center,2026-06-11,18,3,100,85,15,40,82.2,85.0,HIGH
Anna Nagar Center,2026-06-11,19,3,100,93,7,40,87.85,93.0,HIGH
Anna Nagar Center,2026-06-11,20,3,100,67,33,23,68.48,67.0,MEDIUM
Anna Nagar Center,2026-06-11,21,3,100,67,33,22,62.95,67.0,MEDIUM
Anna Nagar Center,2026-06-11,22,3,100,17,83,4,13.45,17.0,LOW
Anna Nagar Center,2026-06-11,23,3,100,19,81,8,26.66,19.0,LOW
Guindy Corporate Park,2026-06-11,0,3,180,6,174,2,12.21,3.33,LOW
Guindy Corporate Park,2026-06-11,1,3,180,5,175,1,11.93,2.78,LOW
Guindy Corporate Park,2026-06-11,2,3,180,6,174,1,5.24,3.33,LOW
Guindy Corporate Park,2026-06-11,3,3,180,15,165,3,6.45,8.33,LOW
Guindy Corporate Park,2026-06-11,4,3,180,4,176,1,7.33,2.22,LOW
Guindy Corporate Park,2026-06-11,5,3,180,7,173,2,5.0,3.89,LOW
Guindy Corporate Park,2026-06-11,6,3,180,13,167,3,11.61,7.22,LOW
Guindy Corporate Park,2026-06-11,7,3,180,12,168,4,5.0,6.67,LOW
Guindy Corporate Park,2026-06-11,8,3,180,167,13,78,87.45,92.78,HIGH
Guindy Corporate Park,2026-06-11,9,3,180,140,40,40,80.09,77.78,MEDIUM
Guindy Corporate Park,2026-06-11,10,3,180,140,40,47,78.98,77.78,MEDIUM
Guindy Corporate Park,2026-06-11,11,3,180,165,15,70,85.83,91.67,HIGH
Guindy Corporate Park,2026-06-11,12,3,180,180,0,43,98.0,100.0,HIGH
Guindy Corporate Park,2026-06-11,13,3,180,177,3,49,94.67,98.33,HIGH
Guindy Corporate Park,2026-06-11,14,3,180,179,1,48,98.0,99.44,HIGH
Guindy Corporate Park,2026-06-11,15,3,180,166,14,38,90.88,92.22,HIGH
Guindy Corporate Park,2026-06-11,16,3,180,173,7,78,98.0,96.11,HIGH
Guindy Corporate Park,2026-06-11,17,3,180,103,77,39,60.97,57.22,MEDIUM
Guindy Corporate Park,2026-06-11,18,3,180,132,48,54,62.14,73.33,MEDIUM
Guindy Corporate Park,2026-06-11,19,3,180,113,67,31,66.3,62.78,MEDIUM
Guindy Corporate Park,2026-06-11,20,3,180,43,137,18,29.03,23.89,LOW
Guindy Corporate Park,2026-06-11,21,3,180,32,148,14,16.88,17.78,LOW
Guindy Corporate Park,2026-06-11,22,3,180,26,154,8,19.25,14.44,LOW
Guindy Corporate Park,2026-06-11,23,3,180,11,169,5,11.87,6.11,LOW
Chennai Mall,2026-06-12,0,4,150,25,125,10,5.0,16.67,LOW
Chennai Mall,2026-06-12,1,4,150,30,120,8,5.0,20.0,LOW
Chennai Mall,2026-06-12,2,4,150,27,123,12,21.87,18.0,LOW
Chennai Mall,2026-06-12,3,4,150,35,115,8,26.19,23.33,LOW
Chennai Mall,2026-06-12,4,4,150,20,130,7,11.68,13.33,LOW
Chennai Mall,2026-06-12,5,4,150,18,132,5,19.78,12.0,LOW
Chennai Mall,2026-06-12,6,4,150,10,140,4,10.5,6.67,LOW
Chennai Mall,2026-06-12,7,4,150,26,124,12,17.01,17.33,LOW
Chennai Mall,2026-06-12,8,4,150,33,117,10,22.04,22.0,LOW
Chennai Mall,2026-06-12,9,4,150,34,116,11,22.77,22.67,LOW
Chennai Mall,2026-06-12,10,4,150,3,147,1,8.67,2.0,LOW
Chennai Mall,2026-06-12,11,4,150,28,122,9,21.52,18.67,LOW
Chennai Mall,2026-06-12,12,4,150,83,67,18,61.82,55.33,MEDIUM
Chennai Mall,2026-06-12,13,4,150,84,66,37,57.43,56.0,MEDIUM
Chennai Mall,2026-06-12,14,4,150,91,59,43,63.26,60.67,MEDIUM
Chennai Mall,2026-06-12,15,4,150,69,81,15,48.38,46.0,LOW
Chennai Mall,2026-06-12,16,4,150,22,128,6,17.56,14.67,LOW
Chennai Mall,2026-06-12,17,4,150,119,31,37,68.38,79.33,MEDIUM
Chennai Mall,2026-06-12,18,4,150,109,41,23,74.04,72.67,MEDIUM
Chennai Mall,2026-06-12,19,4,150,111,39,25,78.47,74.0,MEDIUM
Chennai Mall,2026-06-12,20,4,150,129,21,28,92.19,86.0,HIGH
Chennai Mall,2026-06-12,21,4,150,97,53,34,70.84,64.67,MEDIUM
Chennai Mall,2026-06-12,22,4,150,47,103,21,30.62,31.33,LOW
Chennai Mall,2026-06-12,23,4,150,46,104,23,34.32,30.67,LOW
T Nagar Commercial Hub,2026-06-12,0,4,120,2,118,1,6.33,1.67,LOW
T Nagar Commercial Hub,2026-06-12,1,4,120,2,118,1,5.0,1.67,LOW
T Nagar Commercial Hub,2026-06-12,2,4,120,10,110,2,5.0,8.33,LOW
T Nagar Commercial Hub,2026-06-12,3,4,120,17,103,5,20.79,14.17,LOW
T Nagar Commercial Hub,2026-06-12,4,4,120,5,115,2,15.87,4.17,LOW
T Nagar Commercial Hub,2026-06-12,5,4,120,5,115,2,22.86,4.17,LOW
T Nagar Commercial Hub,2026-06-12,6,4,120,5,115,2,5.0,4.17,LOW
T Nagar Commercial Hub,2026-06-12,7,4,120,4,116,2,9.66,3.33,LOW
T Nagar Commercial Hub,2026-06-12,8,4,120,15,105,4,20.5,12.5,LOW
T Nagar Commercial Hub,2026-06-12,9,4,120,10,110,4,5.0,8.33,LOW
T Nagar Commercial Hub,2026-06-12,10,4,120,106,14,37,79.33,88.33,HIGH
T Nagar Commercial Hub,2026-06-12,11,4,120,86,34,29,64.32,71.67,MEDIUM
T Nagar Commercial Hub,2026-06-12,12,4,120,93,27,20,79.88,77.5,MEDIUM
T Nagar Commercial Hub,2026-06-12,13,4,120,82,38,35,73.25,68.33,MEDIUM
T Nagar Commercial Hub,2026-06-12,14,4,120,103,17,35,88.1,85.83,HIGH
T Nagar Commercial Hub,2026-06-12,15,4,120,88,32,27,79.47,73.33,MEDIUM
T Nagar Commercial Hub,2026-06-12,16,4,120,82,38,39,73.97,68.33,MEDIUM
T Nagar Commercial Hub,2026-06-12,17,4,120,89,31,34,78.15,74.17,MEDIUM
T Nagar Commercial Hub,2026-06-12,18,4,120,76,44,24,58.92,63.33,MEDIUM
T Nagar Commercial Hub,2026-06-12,19,4,120,89,31,23,70.51,74.17,MEDIUM
T Nagar Commercial Hub,2026-06-12,20,4,120,78,42,23,62.67,65.0,MEDIUM
T Nagar Commercial Hub,2026-06-12,21,4,120,52,68,11,32.64,43.33,LOW
T Nagar Commercial Hub,2026-06-12,22,4,120,60,60,13,56.71,50.0,MEDIUM
T Nagar Commercial Hub,2026-06-12,23,4,120,10,110,3,10.77,8.33,LOW
Velachery Metro Station,2026-06-12,0,4,200,16,184,5,14.84,8.0,LOW
Velachery Metro Station,2026-06-12,1,4,200,25,175,12,5.0,12.5,LOW
Velachery Metro Station,2026-06-12,2,4,200,7,193,2,16.96,3.5,LOW
Velachery Metro Station,2026-06-12,3,4,200,17,183,6,15.36,8.5,LOW
Velachery Metro Station,2026-06-12,4,4,200,14,186,6,12.71,7.0,LOW
Velachery Metro Station,2026-06-12,5,4,200,16,184,5,5.0,8.0,LOW
Velachery Metro Station,2026-06-12,6,4,200,20,180,8,5.0,10.0,LOW
Velachery Metro Station,2026-06-12,7,4,200,162,38,43,84.26,81.0,HIGH
Velachery Metro Station,2026-06-12,8,4,200,160,40,43,81.5,80.0,HIGH
Velachery Metro Station,2026-06-12,9,4,200,172,28,38,80.55,86.0,HIGH
Velachery Metro Station,2026-06-12,10,4,200,157,43,65,88.55,78.5,MEDIUM
Velachery Metro Station,2026-06-12,11,4,200,165,35,39,73.69,82.5,HIGH
Velachery Metro Station,2026-06-12,12,4,200,149,51,57,77.42,74.5,MEDIUM
Velachery Metro Station,2026-06-12,13,4,200,163,37,45,83.27,81.5,HIGH
Velachery Metro Station,2026-06-12,14,4,200,162,38,50,77.49,81.0,HIGH
Velachery Metro Station,2026-06-12,15,4,200,160,40,63,74.82,80.0,HIGH
Velachery Metro Station,2026-06-12,16,4,200,168,32,36,78.39,84.0,HIGH
Velachery Metro Station,2026-06-12,17,4,200,179,21,63,98.0,89.5,HIGH
Velachery Metro Station,2026-06-12,18,4,200,177,23,43,90.97,88.5,HIGH
Velachery Metro Station,2026-06-12,19,4,200,167,33,67,90.66,83.5,HIGH
Velachery Metro Station,2026-06-12,20,4,200,182,18,81,93.24,91.0,HIGH
Velachery Metro Station,2026-06-12,21,4,200,56,144,21,27.53,28.0,LOW
Velachery Metro Station,2026-06-12,22,4,200,101,99,40,53.96,50.5,MEDIUM
Velachery Metro Station,2026-06-12,23,4,200,88,112,43,38.26,44.0,LOW
OMR IT Park,2026-06-12,0,4,300,25,275,12,5.0,8.33,LOW
OMR IT Park,2026-06-12,1,4,300,28,272,13,5.0,9.33,LOW
OMR IT Park,2026-06-12,2,4,300,20,280,4,5.0,6.67,LOW
OMR IT Park,2026-06-12,3,4,300,41,259,17,6.35,13.67,LOW
OMR IT Park,2026-06-12,4,4,300,27,273,10,13.8,9.0,LOW
OMR IT Park,2026-06-12,5,4,300,18,282,4,6.11,6.0,LOW
OMR IT Park,2026-06-12,6,4,300,23,277,9,5.0,7.67,LOW
OMR IT Park,2026-06-12,7,4,300,15,285,5,5.0,5.0,LOW
OMR IT Park,2026-06-12,8,4,300,226,74,112,71.56,75.33,MEDIUM
OMR IT Park,2026-06-12,9,4,300,229,71,94,71.53,76.33,MEDIUM
OMR IT Park,2026-06-12,10,4,300,297,3,101,88.77,99.0,HIGH
OMR IT Park,2026-06-12,11,4,300,262,38,92,90.27,87.33,HIGH
OMR IT Park,2026-06-12,12,4,300,274,26,109,93.49,91.33,HIGH
OMR IT Park,2026-06-12,13,4,300,246,54,115,91.09,82.0,HIGH
OMR IT Park,2026-06-12,14,4,300,289,11,105,94.67,96.33,HIGH
OMR IT Park,2026-06-12,15,4,300,251,49,104,76.66,83.67,HIGH
OMR IT Park,2026-06-12,16,4,300,299,1,95,98.0,99.67,HIGH
OMR IT Park,2026-06-12,17,4,300,151,149,61,44.85,50.33,MEDIUM
OMR IT Park,2026-06-12,18,4,300,183,117,41,69.17,61.0,MEDIUM
OMR IT Park,2026-06-12,19,4,300,169,131,79,58.57,56.33,MEDIUM
OMR IT Park,2026-06-12,20,4,300,61,239,15,11.24,20.33,LOW
OMR IT Park,2026-06-12,21,4,300,77,223,31,29.81,25.67,LOW
OMR IT Park,2026-06-12,22,4,300,43,257,11,24.47,14.33,LOW
OMR IT Park,2026-06-12,23,4,300,6,294,2,5.0,2.0,LOW
Anna Nagar Center,2026-06-12,0,4,100,15,85,5,10.47,15.0,LOW
Anna Nagar Center,2026-06-12,1,4,100,9,91,3,17.93,9.0,LOW
Anna Nagar Center,2026-06-12,2,4,100,26,74,11,22.12,26.0,LOW
Anna Nagar Center,2026-06-12,3,4,100,10,90,5,19.61,10.0,LOW
Anna Nagar Center,2026-06-12,4,4,100,18,82,7,16.89,18.0,LOW
Anna Nagar Center,2026-06-12,5,4,100,6,94,2,5.0,6.0,LOW
Anna Nagar Center,2026-06-12,6,4,100,12,88,5,11.2,12.0,LOW
Anna Nagar Center,2026-06-12,7,4,100,13,87,5,10.17,13.0,LOW
Anna Nagar Center,2026-06-12,8,4,100,44,56,19,45.45,44.0,LOW
Anna Nagar Center,2026-06-12,9,4,100,57,43,22,68.17,57.0,MEDIUM
Anna Nagar Center,2026-06-12,10,4,100,45,55,16,43.79,45.0,LOW
Anna Nagar Center,2026-06-12,11,4,100,52,48,21,42.22,52.0,MEDIUM
Anna Nagar Center,2026-06-12,12,4,100,89,11,33,81.57,89.0,HIGH
Anna Nagar Center,2026-06-12,13,4,100,91,9,34,98.0,91.0,HIGH
Anna Nagar Center,2026-06-12,14,4,100,89,11,31,85.25,89.0,HIGH
Anna Nagar Center,2026-06-12,15,4,100,69,31,20,71.28,69.0,MEDIUM
Anna Nagar Center,2026-06-12,16,4,100,47,53,18,50.33,47.0,LOW
Anna Nagar Center,2026-06-12,17,4,100,61,39,25,72.08,61.0,MEDIUM
Anna Nagar Center,2026-06-12,18,4,100,75,25,23,79.31,75.0,MEDIUM
Anna Nagar Center,2026-06-12,19,4,100,66,34,28,63.75,66.0,MEDIUM
Anna Nagar Center,2026-06-12,20,4,100,73,27,25,74.07,73.0,MEDIUM
Anna Nagar Center,2026-06-12,21,4,100,66,34,33,70.53,66.0,MEDIUM
Anna Nagar Center,2026-06-12,22,4,100,17,83,4,17.31,17.0,LOW
Anna Nagar Center,2026-06-12,23,4,100,9,91,3,6.31,9.0,LOW
Guindy Corporate Park,2026-06-12,0,4,180,15,165,4,7.36,8.33,LOW
Guindy Corporate Park,2026-06-12,1,4,180,14,166,4,5.0,7.78,LOW
Guindy Corporate Park,2026-06-12,2,4,180,12,168,5,5.0,6.67,LOW
Guindy Corporate Park,2026-06-12,3,4,180,4,176,1,8.69,2.22,LOW
Guindy Corporate Park,2026-06-12,4,4,180,4,176,1,5.19,2.22,LOW
Guindy Corporate Park,2026-06-12,5,4,180,4,176,2,8.39,2.22,LOW
Guindy Corporate Park,2026-06-12,6,4,180,19,161,4,5.0,10.56,LOW
Guindy Corporate Park,2026-06-12,7,4,180,14,166,6,11.49,7.78,LOW
Guindy Corporate Park,2026-06-12,8,4,180,134,46,56,75.8,74.44,MEDIUM
Guindy Corporate Park,2026-06-12,9,4,180,143,37,43,86.77,79.44,MEDIUM
Guindy Corporate Park,2026-06-12,10,4,180,141,39,50,78.46,78.33,MEDIUM
Guindy Corporate Park,2026-06-12,11,4,180,147,33,70,87.47,81.67,HIGH
Guindy Corporate Park,2026-06-12,12,4,180,152,28,40,91.48,84.44,HIGH
Guindy Corporate Park,2026-06-12,13,4,180,165,15,33,92.05,91.67,HIGH
Guindy Corporate Park,2026-06-12,14,4,180,172,8,48,93.78,95.56,HIGH
Guindy Corporate Park,2026-06-12,15,4,180,141,39,33,78.96,78.33,MEDIUM
Guindy Corporate Park,2026-06-12,16,4,180,165,15,34,96.16,91.67,HIGH
Guindy Corporate Park,2026-06-12,17,4,180,92,88,33,53.7,51.11,MEDIUM
Guindy Corporate Park,2026-06-12,18,4,180,91,89,29,60.79,50.56,MEDIUM
Guindy Corporate Park,2026-06-12,19,4,180,107,73,49,68.85,59.44,MEDIUM
Guindy Corporate Park,2026-06-12,20,4,180,65,115,15,24.27,36.11,LOW
Guindy Corporate Park,2026-06-12,21,4,180,27,153,12,17.03,15.0,LOW
Guindy Corporate Park,2026-06-12,22,4,180,45,135,18,13.47,25.0,LOW
Guindy Corporate Park,2026-06-12,23,4,180,10,170,3,10.33,5.56,LOW
Chennai Mall,2026-06-13,0,5,150,16,134,6,5.96,10.67,LOW
Chennai Mall,2026-06-13,1,5,150,34,116,7,25.72,22.67,LOW
Chennai Mall,2026-06-13,2,5,150,23,127,7,15.93,15.33,LOW
Chennai Mall,2026-06-13,3,5,150,18,132,5,9.47,12.0,LOW
Chennai Mall,2026-06-13,4,5,150,6,144,3,13.52,4.0,LOW
Chennai Mall,2026-06-13,5,5,150,9,141,2,5.0,6.0,LOW
Chennai Mall,2026-06-13,6,5,150,39,111,14,30.85,26.0,LOW
Chennai Mall,2026-06-13,7,5,150,39,111,8,15.28,26.0,LOW
Chennai Mall,2026-06-13,8,5,150,19,131,9,5.0,12.67,LOW
Chennai Mall,2026-06-13,9,5,150,9,141,3,10.42,6.0,LOW
Chennai Mall,2026-06-13,10,5,150,14,136,5,11.36,9.33,LOW
Chennai Mall,2026-06-13,11,5,150,127,23,58,71.61,84.67,HIGH
Chennai Mall,2026-06-13,12,5,150,119,31,55,83.79,79.33,MEDIUM
Chennai Mall,2026-06-13,13,5,150,119,31,52,77.16,79.33,MEDIUM
Chennai Mall,2026-06-13,14,5,150,104,46,36,77.31,69.33,MEDIUM
Chennai Mall,2026-06-13,15,5,150,149,1,32,84.61,99.33,HIGH
Chennai Mall,2026-06-13,16,5,150,131,19,31,79.44,87.33,HIGH
Chennai Mall,2026-06-13,17,5,150,138,12,57,81.16,92.0,HIGH
Chennai Mall,2026-06-13,18,5,150,134,16,61,85.09,89.33,HIGH
Chennai Mall,2026-06-13,19,5,150,144,6,62,93.02,96.0,HIGH
Chennai Mall,2026-06-13,20,5,150,134,16,32,88.56,89.33,HIGH
Chennai Mall,2026-06-13,21,5,150,129,21,44,97.09,86.0,HIGH
Chennai Mall,2026-06-13,22,5,150,59,91,15,38.6,39.33,LOW
Chennai Mall,2026-06-13,23,5,150,58,92,24,32.69,38.67,LOW
T Nagar Commercial Hub,2026-06-13,0,5,120,52,68,11,39.76,43.33,LOW
T Nagar Commercial Hub,2026-06-13,1,5,120,58,62,26,43.6,48.33,LOW
T Nagar Commercial Hub,2026-06-13,2,5,120,21,99,7,17.58,17.5,LOW
T Nagar Commercial Hub,2026-06-13,3,5,120,39,81,18,30.67,32.5,LOW
T Nagar Commercial Hub,2026-06-13,4,5,120,50,70,23,46.58,41.67,LOW
T Nagar Commercial Hub,2026-06-13,5,5,120,40,80,16,34.99,33.33,LOW
T Nagar Commercial Hub,2026-06-13,6,5,120,28,92,7,15.9,23.33,LOW
T Nagar Commercial Hub,2026-06-13,7,5,120,36,84,12,31.49,30.0,LOW
T Nagar Commercial Hub,2026-06-13,8,5,120,48,72,13,43.7,40.0,LOW
T Nagar Commercial Hub,2026-06-13,9,5,120,25,95,7,21.47,20.83,LOW
T Nagar Commercial Hub,2026-06-13,10,5,120,29,91,7,20.8,24.17,LOW
T Nagar Commercial Hub,2026-06-13,11,5,120,109,11,52,94.39,90.83,HIGH
T Nagar Commercial Hub,2026-06-13,12,5,120,113,7,31,86.78,94.17,HIGH
T Nagar Commercial Hub,2026-06-13,13,5,120,118,2,32,88.55,98.33,HIGH
T Nagar Commercial Hub,2026-06-13,14,5,120,110,10,42,98.0,91.67,HIGH
T Nagar Commercial Hub,2026-06-13,15,5,120,106,14,48,93.09,88.33,HIGH
T Nagar Commercial Hub,2026-06-13,16,5,120,108,12,35,92.06,90.0,HIGH
T Nagar Commercial Hub,2026-06-13,17,5,120,114,6,51,87.13,95.0,HIGH
T Nagar Commercial Hub,2026-06-13,18,5,120,99,21,23,89.95,82.5,HIGH
T Nagar Commercial Hub,2026-06-13,19,5,120,112,8,51,91.84,93.33,HIGH
T Nagar Commercial Hub,2026-06-13,20,5,120,102,18,23,95.27,85.0,HIGH
T Nagar Commercial Hub,2026-06-13,21,5,120,115,5,37,95.85,95.83,HIGH
T Nagar Commercial Hub,2026-06-13,22,5,120,30,90,11,17.17,25.0,LOW
T Nagar Commercial Hub,2026-06-13,23,5,120,41,79,12,32.24,34.17,LOW
Velachery Metro Station,2026-06-13,0,5,200,57,143,18,42.98,28.5,LOW
Velachery Metro Station,2026-06-13,1,5,200,89,111,25,44.51,44.5,LOW
Velachery Metro Station,2026-06-13,2,5,200,66,134,23,44.2,33.0,LOW
Velachery Metro Station,2026-06-13,3,5,200,57,143,13,27.11,28.5,LOW
Velachery Metro Station,2026-06-13,4,5,200,83,117,35,41.2,41.5,LOW
Velachery Metro Station,2026-06-13,5,5,200,56,144,27,14.63,28.0,LOW
Velachery Metro Station,2026-06-13,6,5,200,70,130,26,29.28,35.0,LOW
Velachery Metro Station,2026-06-13,7,5,200,81,119,28,46.68,40.5,LOW
Velachery Metro Station,2026-06-13,8,5,200,85,115,25,50.11,42.5,LOW
Velachery Metro Station,2026-06-13,9,5,200,93,107,26,57.85,46.5,LOW
Velachery Metro Station,2026-06-13,10,5,200,80,120,29,39.31,40.0,LOW
Velachery Metro Station,2026-06-13,11,5,200,52,148,21,30.18,26.0,LOW
Velachery Metro Station,2026-06-13,12,5,200,61,139,23,24.97,30.5,LOW
Velachery Metro Station,2026-06-13,13,5,200,107,93,23,43.96,53.5,MEDIUM
Velachery Metro Station,2026-06-13,14,5,200,64,136,18,34.55,32.0,LOW
Velachery Metro Station,2026-06-13,15,5,200,53,147,17,30.39,26.5,LOW
Velachery Metro Station,2026-06-13,16,5,200,96,104,26,51.27,48.0,LOW
Velachery Metro Station,2026-06-13,17,5,200,75,125,24,31.72,37.5,LOW
Velachery Metro Station,2026-06-13,18,5,200,63,137,22,26.99,31.5,LOW
Velachery Metro Station,2026-06-13,19,5,200,60,140,24,30.54,30.0,LOW
Velachery Metro Station,2026-06-13,20,5,200,69,131,31,30.59,34.5,LOW
Velachery Metro Station,2026-06-13,21,5,200,75,125,21,27.61,37.5,LOW
Velachery Metro Station,2026-06-13,22,5,200,52,148,25,24.1,26.0,LOW
Velachery Metro Station,2026-06-13,23,5,200,77,123,24,33.97,38.5,LOW
OMR IT Park,2026-06-13,0,5,300,25,275,7,5.0,8.33,LOW
OMR IT Park,2026-06-13,1,5,300,51,249,11,6.75,17.0,LOW
OMR IT Park,2026-06-13,2,5,300,30,270,9,7.17,10.0,LOW
OMR IT Park,2026-06-13,3,5,300,40,260,9,13.11,13.33,LOW
OMR IT Park,2026-06-13,4,5,300,26,274,11,7.87,8.67,LOW
OMR IT Park,2026-06-13,5,5,300,6,294,2,10.2,2.0,LOW
OMR IT Park,2026-06-13,6,5,300,30,270,13,8.27,10.0,LOW
OMR IT Park,2026-06-13,7,5,300,52,248,19,21.84,17.33,LOW
OMR IT Park,2026-06-13,8,5,300,33,267,12,5.41,11.0,LOW
OMR IT Park,2026-06-13,9,5,300,37,263,14,6.9,12.33,LOW
OMR IT Park,2026-06-13,10,5,300,36,264,16,8.61,12.0,LOW
OMR IT Park,2026-06-13,11,5,300,48,252,19,10.53,16.0,LOW
OMR IT Park,2026-06-13,12,5,300,6,294,2,5.0,2.0,LOW
OMR IT Park,2026-06-13,13,5,300,32,268,14,9.12,10.67,LOW
OMR IT Park,2026-06-13,14,5,300,45,255,21,27.75,15.0,LOW
OMR IT Park,2026-06-13,15,5,300,27,273,12,9.82,9.0,LOW
OMR IT Park,2026-06-13,16,5,300,24,276,5,5.0,8.0,LOW
OMR IT Park,2026-06-13,17,5,300,64,236,26,9.36,21.33,LOW
OMR IT Park,2026-06-13,18,5,300,36,264,15,22.84,12.0,LOW
OMR IT Park,2026-06-13,19,5,300,21,279,4,5.58,7.0,LOW
OMR IT Park,2026-06-13,20,5,300,38,262,17,5.0,12.67,LOW
OMR IT Park,2026-06-13,21,5,300,39,261,16,11.67,13.0,LOW
OMR IT Park,2026-06-13,22,5,300,23,277,11,5.0,7.67,LOW
OMR IT Park,2026-06-13,23,5,300,41,259,18,14.61,13.67,LOW
Anna Nagar Center,2026-06-13,0,5,100,37,63,10,29.64,37.0,LOW
Anna Nagar Center,2026-06-13,1,5,100,14,86,4,13.55,14.0,LOW
Anna Nagar Center,2026-06-13,2,5,100,16,84,4,31.44,16.0,LOW
Anna Nagar Center,2026-06-13,3,5,100,11,89,3,23.56,11.0,LOW
Anna Nagar Center,2026-06-13,4,5,100,39,61,13,38.8,39.0,LOW
Anna Nagar Center,2026-06-13,5,5,100,15,85,5,21.54,15.0,LOW
Anna Nagar Center,2026-06-13,6,5,100,16,84,8,17.23,16.0,LOW
Anna Nagar Center,2026-06-13,7,5,100,42,58,16,35.4,42.0,LOW
Anna Nagar Center,2026-06-13,8,5,100,39,61,13,33.38,39.0,LOW
Anna Nagar Center,2026-06-13,9,5,100,30,70,13,33.07,30.0,LOW
Anna Nagar Center,2026-06-13,10,5,100,32,68,11,36.64,32.0,LOW
Anna Nagar Center,2026-06-13,11,5,100,41,59,9,42.16,41.0,LOW
Anna Nagar Center,2026-06-13,12,5,100,83,17,18,82.61,83.0,HIGH
Anna Nagar Center,2026-06-13,13,5,100,85,15,25,89.86,85.0,HIGH
Anna Nagar Center,2026-06-13,14,5,100,74,26,18,76.43,74.0,MEDIUM
Anna Nagar Center,2026-06-13,15,5,100,87,13,29,85.36,87.0,HIGH
Anna Nagar Center,2026-06-13,16,5,100,80,20,35,89.1,80.0,HIGH
Anna Nagar Center,2026-06-13,17,5,100,78,22,33,77.39,78.0,MEDIUM
Anna Nagar Center,2026-06-13,18,5,100,79,21,21,80.84,79.0,MEDIUM
Anna Nagar Center,2026-06-13,19,5,100,84,16,21,69.28,84.0,HIGH
Anna Nagar Center,2026-06-13,20,5,100,83,17,29,87.84,83.0,HIGH
Anna Nagar Center,2026-06-13,21,5,100,94,6,21,82.96,94.0,HIGH
Anna Nagar Center,2026-06-13,22,5,100,86,14,35,86.77,86.0,HIGH
Anna Nagar Center,2026-06-13,23,5,100,33,67,16,28.96,33.0,LOW
Guindy Corporate Park,2026-06-13,0,5,180,23,157,8,16.01,12.78,LOW
Guindy Corporate Park,2026-06-13,1,5,180,22,158,7,5.0,12.22,LOW
Guindy Corporate Park,2026-06-13,2,5,180,15,165,3,11.02,8.33,LOW
Guindy Corporate Park,2026-06-13,3,5,180,38,142,9,18.68,21.11,LOW
Guindy Corporate Park,2026-06-13,4,5,180,20,160,4,9.84,11.11,LOW
Guindy Corporate Park,2026-06-13,5,5,180,9,171,4,5.2,5.0,LOW
Guindy Corporate Park,2026-06-13,6,5,180,16,164,6,7.93,8.89,LOW
Guindy Corporate Park,2026-06-13,7,5,180,9,171,2,5.0,5.0,LOW
Guindy Corporate Park,2026-06-13,8,5,180,18,162,5,11.65,10.0,LOW
Guindy Corporate Park,2026-06-13,9,5,180,20,160,8,13.19,11.11,LOW
Guindy Corporate Park,2026-06-13,10,5,180,28,152,7,18.9,15.56,LOW
Guindy Corporate Park,2026-06-13,11,5,180,31,149,8,14.99,17.22,LOW
Guindy Corporate Park,2026-06-13,12,5,180,29,151,9,14.04,16.11,LOW
Guindy Corporate Park,2026-06-13,13,5,180,33,147,15,21.86,18.33,LOW
Guindy Corporate Park,2026-06-13,14,5,180,34,146,12,11.99,18.89,LOW
Guindy Corporate Park,2026-06-13,15,5,180,15,165,4,5.0,8.33,LOW
Guindy Corporate Park,2026-06-13,16,5,180,30,150,12,19.33,16.67,LOW
Guindy Corporate Park,2026-06-13,17,5,180,27,153,13,14.38,15.0,LOW
Guindy Corporate Park,2026-06-13,18,5,180,27,153,10,16.68,15.0,LOW
Guindy Corporate Park,2026-06-13,19,5,180,18,162,4,6.02,10.0,LOW
Guindy Corporate Park,2026-06-13,20,5,180,15,165,4,13.08,8.33,LOW
Guindy Corporate Park,2026-06-13,21,5,180,14,166,7,6.54,7.78,LOW
Guindy Corporate Park,2026-06-13,22,5,180,17,163,5,8.2,9.44,LOW
Guindy Corporate Park,2026-06-13,23,5,180,21,159,9,12.46,11.67,LOW
Chennai Mall,2026-06-14,0,6,150,19,131,9,16.98,12.67,LOW
Chennai Mall,2026-06-14,1,6,150,19,131,6,15.03,12.67,LOW
Chennai Mall,2026-06-14,2,6,150,27,123,12,16.47,18.0,LOW
Chennai Mall,2026-06-14,3,6,150,36,114,7,23.21,24.0,LOW
Chennai Mall,2026-06-14,4,6,150,29,121,9,26.22,19.33,LOW
Chennai Mall,2026-06-14,5,6,150,12,138,6,13.41,8.0,LOW
Chennai Mall,2026-06-14,6,6,150,34,116,14,22.61,22.67,LOW
Chennai Mall,2026-06-14,7,6,150,29,121,9,15.27,19.33,LOW
Chennai Mall,2026-06-14,8,6,150,23,127,8,11.19,15.33,LOW
Chennai Mall,2026-06-14,9,6,150,21,129,8,16.12,14.0,LOW
Chennai Mall,2026-06-14,10,6,150,35,115,16,26.2,23.33,LOW
Chennai Mall,2026-06-14,11,6,150,125,25,45,88.3,83.33,HIGH
Chennai Mall,2026-06-14,12,6,150,132,18,37,92.98,88.0,HIGH
Chennai Mall,2026-06-14,13,6,150,110,40,31,73.88,73.33,MEDIUM
Chennai Mall,2026-06-14,14,6,150,132,18,33,84.74,88.0,HIGH
Chennai Mall,2026-06-14,15,6,150,134,16,58,88.6,89.33,HIGH
Chennai Mall,2026-06-14,16,6,150,144,6,49,88.97,96.0,HIGH
Chennai Mall,2026-06-14,17,6,150,145,5,58,98.0,96.67,HIGH
Chennai Mall,2026-06-14,18,6,150,144,6,68,95.96,96.0,HIGH
Chennai Mall,2026-06-14,19,6,150,150,0,46,98.0,100.0,HIGH
Chennai Mall,2026-06-14,20,6,150,133,17,55,98.0,88.67,HIGH
Chennai Mall,2026-06-14,21,6,150,144,6,46,90.25,96.0,HIGH
Chennai Mall,2026-06-14,22,6,150,69,81,32,37.25,46.0,LOW
Chennai Mall,2026-06-14,23,6,150,56,94,27,36.52,37.33,LOW
T Nagar Commercial Hub,2026-06-14,0,6,120,53,67,24,37.07,44.17,LOW
T Nagar Commercial Hub,2026-06-14,1,6,120,13,107,6,19.18,10.83,LOW
T Nagar Commercial Hub,2026-06-14,2,6,120,32,88,9,29.5,26.67,LOW
T Nagar Commercial Hub,2026-06-14,3,6,120,13,107,6,12.55,10.83,LOW
T Nagar Commercial Hub,2026-06-14,4,6,120,55,65,21,34.47,45.83,LOW
T Nagar Commercial Hub,2026-06-14,5,6,120,42,78,12,37.08,35.0,LOW
T Nagar Commercial Hub,2026-06-14,6,6,120,30,90,7,22.28,25.0,LOW
T Nagar Commercial Hub,2026-06-14,7,6,120,42,78,13,33.63,35.0,LOW
T Nagar Commercial Hub,2026-06-14,8,6,120,20,100,7,27.77,16.67,LOW
T Nagar Commercial Hub,2026-06-14,9,6,120,36,84,17,29.1,30.0,LOW
T Nagar Commercial Hub,2026-06-14,10,6,120,32,88,11,27.57,26.67,LOW
T Nagar Commercial Hub,2026-06-14,11,6,120,114,6,29,92.48,95.0,HIGH
T Nagar Commercial Hub,2026-06-14,12,6,120,101,19,27,78.91,84.17,HIGH
T Nagar Commercial Hub,2026-06-14,13,6,120,94,26,39,78.97,78.33,MEDIUM
T Nagar Commercial Hub,2026-06-14,14,6,120,106,14,40,91.91,88.33,HIGH
T Nagar Commercial Hub,2026-06-14,15,6,120,97,23,22,90.06,80.83,HIGH
T Nagar Commercial Hub,2026-06-14,16,6,120,100,20,40,77.51,83.33,HIGH
T Nagar Commercial Hub,2026-06-14,17,6,120,102,18,39,83.21,85.0,HIGH
T Nagar Commercial Hub,2026-06-14,18,6,120,114,6,42,98.0,95.0,HIGH
T Nagar Commercial Hub,2026-06-14,19,6,120,114,6,31,98.0,95.0,HIGH
T Nagar Commercial Hub,2026-06-14,20,6,120,108,12,38,84.88,90.0,HIGH
T Nagar Commercial Hub,2026-06-14,21,6,120,101,19,29,84.33,84.17,HIGH
T Nagar Commercial Hub,2026-06-14,22,6,120,45,75,21,34.03,37.5,LOW
T Nagar Commercial Hub,2026-06-14,23,6,120,39,81,14,32.52,32.5,LOW
Velachery Metro Station,2026-06-14,0,6,200,54,146,17,32.95,27.0,LOW
Velachery Metro Station,2026-06-14,1,6,200,88,112,23,53.75,44.0,LOW
Velachery Metro Station,2026-06-14,2,6,200,56,144,24,27.9,28.0,LOW
Velachery Metro Station,2026-06-14,3,6,200,42,158,21,23.15,21.0,LOW
Velachery Metro Station,2026-06-14,4,6,200,74,126,24,39.46,37.0,LOW
Velachery Metro Station,2026-06-14,5,6,200,66,134,23,29.59,33.0,LOW
Velachery Metro Station,2026-06-14,6,6,200,50,150,13,20.29,25.0,LOW
Velachery Metro Station,2026-06-14,7,6,200,53,147,16,30.25,26.5,LOW
Velachery Metro Station,2026-06-14,8,6,200,50,150,20,26.26,25.0,LOW
Velachery Metro Station,2026-06-14,9,6,200,75,125,18,38.67,37.5,LOW
Velachery Metro Station,2026-06-14,10,6,200,61,139,17,28.41,30.5,LOW
Velachery Metro Station,2026-06-14,11,6,200,77,123,18,36.1,38.5,LOW
Velachery Metro Station,2026-06-14,12,6,200,103,97,31,45.59,51.5,MEDIUM
Velachery Metro Station,2026-06-14,13,6,200,46,154,18,28.32,23.0,LOW
Velachery Metro Station,2026-06-14,14,6,200,71,129,30,20.26,35.5,LOW
Velachery Metro Station,2026-06-14,15,6,200,50,150,11,24.15,25.0,LOW
Velachery Metro Station,2026-06-14,16,6,200,45,155,15,32.79,22.5,LOW
Velachery Metro Station,2026-06-14,17,6,200,42,158,14,24.21,21.0,LOW
Velachery Metro Station,2026-06-14,18,6,200,85,115,42,34.43,42.5,LOW
Velachery Metro Station,2026-06-14,19,6,200,79,121,34,46.35,39.5,LOW
Velachery Metro Station,2026-06-14,20,6,200,41,159,13,19.63,20.5,LOW
Velachery Metro Station,2026-06-14,21,6,200,98,102,41,38.95,49.0,LOW
Velachery Metro Station,2026-06-14,22,6,200,81,119,25,28.25,40.5,LOW
Velachery Metro Station,2026-06-14,23,6,200,51,149,15,15.86,25.5,LOW
OMR IT Park,2026-06-14,0,6,300,25,275,8,5.0,8.33,LOW
OMR IT Park,2026-06-14,1,6,300,54,246,11,15.9,18.0,LOW
OMR IT Park,2026-06-14,2,6,300,45,255,10,13.32,15.0,LOW
OMR IT Park,2026-06-14,3,6,300,37,263,17,16.55,12.33,LOW
OMR IT Park,2026-06-14,4,6,300,18,282,7,5.9,6.0,LOW
OMR IT Park,2026-06-14,5,6,300,30,270,12,11.43,10.0,LOW
OMR IT Park,2026-06-14,6,6,300,34,266,7,10.32,11.33,LOW
OMR IT Park,2026-06-14,7,6,300,42,258,19,25.47,14.0,LOW
OMR IT Park,2026-06-14,8,6,300,47,253,17,26.46,15.67,LOW
OMR IT Park,2026-06-14,9,6,300,50,250,12,13.56,16.67,LOW
OMR IT Park,2026-06-14,10,6,300,35,265,9,7.64,11.67,LOW
OMR IT Park,2026-06-14,11,6,300,37,263,11,13.47,12.33,LOW
OMR IT Park,2026-06-14,12,6,300,61,239,25,21.85,20.33,LOW
OMR IT Park,2026-06-14,13,6,300,26,274,12,7.17,8.67,LOW
OMR IT Park,2026-06-14,14,6,300,57,243,14,19.69,19.0,LOW
OMR IT Park,2026-06-14,15,6,300,23,277,11,10.53,7.67,LOW
OMR IT Park,2026-06-14,16,6,300,32,268,14,10.86,10.67,LOW
OMR IT Park,2026-06-14,17,6,300,55,245,22,20.8,18.33,LOW
OMR IT Park,2026-06-14,18,6,300,44,256,12,14.93,14.67,LOW
OMR IT Park,2026-06-14,19,6,300,39,261,17,5.0,13.0,LOW
OMR IT Park,2026-06-14,20,6,300,44,256,9,24.49,14.67,LOW
OMR IT Park,2026-06-14,21,6,300,40,260,15,15.82,13.33,LOW
OMR IT Park,2026-06-14,22,6,300,41,259,11,15.17,13.67,LOW
OMR IT Park,2026-06-14,23,6,300,32,268,13,15.58,10.67,LOW
Anna Nagar Center,2026-06-14,0,6,100,16,84,5,21.52,16.0,LOW
Anna Nagar Center,2026-06-14,1,6,100,30,70,14,25.04,30.0,LOW
Anna Nagar Center,2026-06-14,2,6,100,24,76,11,24.87,24.0,LOW
Anna Nagar Center,2026-06-14,3,6,100,16,84,7,23.93,16.0,LOW
Anna Nagar Center,2026-06-14,4,6,100,9,91,3,18.98,9.0,LOW
Anna Nagar Center,2026-06-14,5,6,100,32,68,15,36.41,32.0,LOW
Anna Nagar Center,2026-06-14,6,6,100,13,87,3,27.11,13.0,LOW
Anna Nagar Center,2026-06-14,7,6,100,32,68,13,37.57,32.0,LOW
Anna Nagar Center,2026-06-14,8,6,100,25,75,6,32.61,25.0,LOW
Anna Nagar Center,2026-06-14,9,6,100,20,80,8,28.8,20.0,LOW
Anna Nagar Center,2026-06-14,10,6,100,35,65,14,27.24,35.0,LOW
Anna Nagar Center,2026-06-14,11,6,100,30,70,12,31.08,30.0,LOW
Anna Nagar Center,2026-06-14,12,6,100,74,26,19,80.95,74.0,MEDIUM
Anna Nagar Center,2026-06-14,13,6,100,72,28,25,76.41,72.0,MEDIUM
Anna Nagar Center,2026-06-14,14,6,100,79,21,26,74.64,79.0,MEDIUM
Anna Nagar Center,2026-06-14,15,6,100,80,20,30,78.73,80.0,HIGH
Anna Nagar Center,2026-06-14,16,6,100,76,24,24,84.06,76.0,MEDIUM
Anna Nagar Center,2026-06-14,17,6,100,68,32,31,76.24,68.0,MEDIUM
Anna Nagar Center,2026-06-14,18,6,100,81,19,26,71.01,81.0,HIGH
Anna Nagar Center,2026-06-14,19,6,100,77,23,32,77.83,77.0,MEDIUM
Anna Nagar Center,2026-06-14,20,6,100,77,23,32,84.24,77.0,MEDIUM
Anna Nagar Center,2026-06-14,21,6,100,74,26,19,75.84,74.0,MEDIUM
Anna Nagar Center,2026-06-14,22,6,100,72,28,15,64.93,72.0,MEDIUM
Anna Nagar Center,2026-06-14,23,6,100,27,73,9,25.39,27.0,LOW
Guindy Corporate Park,2026-06-14,0,6,180,28,152,8,17.58,15.56,LOW
Guindy Corporate Park,2026-06-14,1,6,180,21,159,5,10.16,11.67,LOW
Guindy Corporate Park,2026-06-14,2,6,180,36,144,11,21.47,20.0,LOW
Guindy Corporate Park,2026-06-14,3,6,180,14,166,5,11.37,7.78,LOW
Guindy Corporate Park,2026-06-14,4,6,180,7,173,3,13.12,3.89,LOW
Guindy Corporate Park,2026-06-14,5,6,180,23,157,10,14.06,12.78,LOW
Guindy Corporate Park,2026-06-14,6,6,180,25,155,9,10.33,13.89,LOW
Guindy Corporate Park,2026-06-14,7,6,180,14,166,3,15.77,7.78,LOW
Guindy Corporate Park,2026-06-14,8,6,180,13,167,3,20.93,7.22,LOW
Guindy Corporate Park,2026-06-14,9,6,180,23,157,11,21.8,12.78,LOW
Guindy Corporate Park,2026-06-14,10,6,180,23,157,10,5.0,12.78,LOW
Guindy Corporate Park,2026-06-14,11,6,180,14,166,4,11.94,7.78,LOW
Guindy Corporate Park,2026-06-14,12,6,180,10,170,4,10.35,5.56,LOW
Guindy Corporate Park,2026-06-14,13,6,180,48,132,16,27.85,26.67,LOW
Guindy Corporate Park,2026-06-14,14,6,180,31,149,15,7.02,17.22,LOW
Guindy Corporate Park,2026-06-14,15,6,180,46,134,21,16.93,25.56,LOW
Guindy Corporate Park,2026-06-14,16,6,180,19,161,7,13.37,10.56,LOW
Guindy Corporate Park,2026-06-14,17,6,180,29,151,8,24.01,16.11,LOW
Guindy Corporate Park,2026-06-14,18,6,180,41,139,12,19.86,22.78,LOW
Guindy Corporate Park,2026-06-14,19,6,180,15,165,4,20.72,8.33,LOW
Guindy Corporate Park,2026-06-14,20,6,180,44,136,14,19.85,24.44,LOW
Guindy Corporate Park,2026-06-14,21,6,180,10,170,4,5.0,5.56,LOW
Guindy Corporate Park,2026-06-14,22,6,180,18,162,6,13.11,10.0,LOW
Guindy Corporate Park,2026-06-14,23,6,180,22,158,7,12.93,12.22,LOW
Chennai Mall,2026-06-15,0,0,150,40,110,13,26.41,26.67,LOW
Chennai Mall,2026-06-15,1,0,150,38,112,9,25.64,25.33,LOW
Chennai Mall,2026-06-15,2,0,150,11,139,5,5.75,7.33,LOW
Chennai Mall,2026-06-15,3,0,150,8,142,2,5.0,5.33,LOW
Chennai Mall,2026-06-15,4,0,150,16,134,3,16.53,10.67,LOW
Chennai Mall,2026-06-15,5,0,150,16,134,7,12.47,10.67,LOW
Chennai Mall,2026-06-15,6,0,150,33,117,7,23.72,22.0,LOW
Chennai Mall,2026-06-15,7,0,150,38,112,9,26.08,25.33,LOW
Chennai Mall,2026-06-15,8,0,150,30,120,11,20.85,20.0,LOW
Chennai Mall,2026-06-15,9,0,150,45,105,16,17.86,30.0,LOW
Chennai Mall,2026-06-15,10,0,150,35,115,14,19.59,23.33,LOW
Chennai Mall,2026-06-15,11,0,150,35,115,17,21.68,23.33,LOW
Chennai Mall,2026-06-15,12,0,150,61,89,18,41.28,40.67,LOW
Chennai Mall,2026-06-15,13,0,150,84,66,24,65.55,56.0,MEDIUM
Chennai Mall,2026-06-15,14,0,150,93,57,43,66.02,62.0,MEDIUM
Chennai Mall,2026-06-15,15,0,150,74,76,17,58.17,49.33,LOW
Chennai Mall,2026-06-15,16,0,150,43,107,13,21.91,28.67,LOW
Chennai Mall,2026-06-15,17,0,150,98,52,40,60.7,65.33,MEDIUM
Chennai Mall,2026-06-15,18,0,150,114,36,47,78.06,76.0,MEDIUM
Chennai Mall,2026-06-15,19,0,150,114,36,38,80.64,76.0,MEDIUM
Chennai Mall,2026-06-15,20,0,150,104,46,40,69.26,69.33,MEDIUM
Chennai Mall,2026-06-15,21,0,150,111,39,33,67.0,74.0,MEDIUM
Chennai Mall,2026-06-15,22,0,150,39,111,9,21.86,26.0,LOW
Chennai Mall,2026-06-15,23,0,150,53,97,20,29.44,35.33,LOW
T Nagar Commercial Hub,2026-06-15,0,0,120,20,100,6,16.69,16.67,LOW
T Nagar Commercial Hub,2026-06-15,1,0,120,5,115,2,5.0,4.17,LOW
T Nagar Commercial Hub,2026-06-15,2,0,120,23,97,7,10.99,19.17,LOW
T Nagar Commercial Hub,2026-06-15,3,0,120,10,110,2,9.54,8.33,LOW
T Nagar Commercial Hub,2026-06-15,4,0,120,14,106,3,12.15,11.67,LOW
T Nagar Commercial Hub,2026-06-15,5,0,120,24,96,11,25.05,20.0,LOW
T Nagar Commercial Hub,2026-06-15,6,0,120,14,106,5,5.0,11.67,LOW
T Nagar Commercial Hub,2026-06-15,7,0,120,18,102,8,13.52,15.0,LOW
T Nagar Commercial Hub,2026-06-15,8,0,120,21,99,7,15.82,17.5,LOW
T Nagar Commercial Hub,2026-06-15,9,0,120,27,93,7,17.87,22.5,LOW
T Nagar Commercial Hub,2026-06-15,10,0,120,77,43,23,68.88,64.17,MEDIUM
T Nagar Commercial Hub,2026-06-15,11,0,120,85,35,26,61.85,70.83,MEDIUM
T Nagar Commercial Hub,2026-06-15,12,0,120,94,26,39,67.53,78.33,MEDIUM
T Nagar Commercial Hub,2026-06-15,13,0,120,79,41,26,69.72,65.83,MEDIUM
T Nagar Commercial Hub,2026-06-15,14,0,120,75,45,33,59.01,62.5,MEDIUM
T Nagar Commercial Hub,2026-06-15,15,0,120,92,28,38,85.01,76.67,MEDIUM
T Nagar Commercial Hub,2026-06-15,16,0,120,86,34,42,63.54,71.67,MEDIUM
T Nagar Commercial Hub,2026-06-15,17,0,120,88,32,32,65.54,73.33,MEDIUM
T Nagar Commercial Hub,2026-06-15,18,0,120,99,21,45,85.59,82.5,HIGH
T Nagar Commercial Hub,2026-06-15,19,0,120,78,42,20,61.1,65.0,MEDIUM
T Nagar Commercial Hub,2026-06-15,20,0,120,46,74,12,39.24,38.33,LOW
T Nagar Commercial Hub,2026-06-15,21,0,120,68,52,31,66.2,56.67,MEDIUM
T Nagar Commercial Hub,2026-06-15,22,0,120,52,68,18,41.07,43.33,LOW
T Nagar Commercial Hub,2026-06-15,23,0,120,18,102,7,15.95,15.0,LOW
Velachery Metro Station,2026-06-15,0,0,200,38,162,12,11.42,19.0,LOW
Velachery Metro Station,2026-06-15,1,0,200,40,160,13,9.57,20.0,LOW
Velachery Metro Station,2026-06-15,2,0,200,24,176,9,5.0,12.0,LOW
Velachery Metro Station,2026-06-15,3,0,200,34,166,7,26.41,17.0,LOW
Velachery Metro Station,2026-06-15,4,0,200,5,195,1,5.0,2.5,LOW
Velachery Metro Station,2026-06-15,5,0,200,34,166,10,6.47,17.0,LOW
Velachery Metro Station,2026-06-15,6,0,200,6,194,2,5.04,3.0,LOW
Velachery Metro Station,2026-06-15,7,0,200,160,40,64,83.73,80.0,HIGH
Velachery Metro Station,2026-06-15,8,0,200,187,13,41,88.63,93.5,HIGH
Velachery Metro Station,2026-06-15,9,0,200,183,17,65,82.19,91.5,HIGH
Velachery Metro Station,2026-06-15,10,0,200,200,0,64,98.0,100.0,HIGH
Velachery Metro Station,2026-06-15,11,0,200,170,30,77,91.8,85.0,HIGH
Velachery Metro Station,2026-06-15,12,0,200,158,42,41,79.82,79.0,MEDIUM
Velachery Metro Station,2026-06-15,13,0,200,159,41,46,77.34,79.5,MEDIUM
Velachery Metro Station,2026-06-15,14,0,200,161,39,37,85.75,80.5,HIGH
Velachery Metro Station,2026-06-15,15,0,200,146,54,31,62.65,73.0,MEDIUM
Velachery Metro Station,2026-06-15,16,0,200,169,31,50,93.38,84.5,HIGH
Velachery Metro Station,2026-06-15,17,0,200,177,23,45,93.08,88.5,HIGH
Velachery Metro Station,2026-06-15,18,0,200,190,10,88,90.02,95.0,HIGH
Velachery Metro Station,2026-06-15,19,0,200,196,4,40,88.73,98.0,HIGH
Velachery Metro Station,2026-06-15,20,0,200,199,1,97,95.02,99.5,HIGH
Velachery Metro Station,2026-06-15,21,0,200,106,94,33,57.61,53.0,MEDIUM
Velachery Metro Station,2026-06-15,22,0,200,87,113,23,43.37,43.5,LOW
Velachery Metro Station,2026-06-15,23,0,200,104,96,24,56.07,52.0,MEDIUM
OMR IT Park,2026-06-15,0,0,300,16,284,7,5.0,5.33,LOW
OMR IT Park,2026-06-15,1,0,300,28,272,6,5.0,9.33,LOW
OMR IT Park,2026-06-15,2,0,300,19,281,6,5.0,6.33,LOW
OMR IT Park,2026-06-15,3,0,300,23,277,6,5.52,7.67,LOW
OMR IT Park,2026-06-15,4,0,300,22,278,11,14.4,7.33,LOW
OMR IT Park,2026-06-15,5,0,300,7,293,3,5.0,2.33,LOW
OMR IT Park,2026-06-15,6,0,300,14,286,5,5.0,4.67,LOW
OMR IT Park,2026-06-15,7,0,300,16,284,4,10.0,5.33,LOW
OMR IT Park,2026-06-15,8,0,300,247,53,79,90.66,82.33,HIGH
OMR IT Park,2026-06-15,9,0,300,240,60,96,78.83,80.0,HIGH
OMR IT Park,2026-06-15,10,0,300,224,76,51,71.38,74.67,MEDIUM
OMR IT Park,2026-06-15,11,0,300,292,8,132,98.0,97.33,HIGH
OMR IT Park,2026-06-15,12,0,300,281,19,121,83.07,93.67,HIGH
OMR IT Park,2026-06-15,13,0,300,231,69,70,82.47,77.0,MEDIUM
OMR IT Park,2026-06-15,14,0,300,240,60,56,84.35,80.0,HIGH
OMR IT Park,2026-06-15,15,0,300,248,52,120,80.03,82.67,HIGH
OMR IT Park,2026-06-15,16,0,300,259,41,116,88.66,86.33,HIGH
OMR IT Park,2026-06-15,17,0,300,175,125,66,52.91,58.33,MEDIUM
OMR IT Park,2026-06-15,18,0,300,214,86,77,68.48,71.33,MEDIUM
OMR IT Park,2026-06-15,19,0,300,189,111,88,51.85,63.0,MEDIUM
OMR IT Park,2026-06-15,20,0,300,72,228,17,30.89,24.0,LOW
OMR IT Park,2026-06-15,21,0,300,47,253,14,13.6,15.67,LOW
OMR IT Park,2026-06-15,22,0,300,82,218,30,24.88,27.33,LOW
OMR IT Park,2026-06-15,23,0,300,6,294,2,5.6,2.0,LOW
Anna Nagar Center,2026-06-15,0,0,100,12,88,3,19.46,12.0,LOW
Anna Nagar Center,2026-06-15,1,0,100,15,85,5,16.54,15.0,LOW
Anna Nagar Center,2026-06-15,2,0,100,11,89,4,11.27,11.0,LOW
Anna Nagar Center,2026-06-15,3,0,100,4,96,1,7.91,4.0,LOW
Anna Nagar Center,2026-06-15,4,0,100,20,80,7,20.88,20.0,LOW
Anna Nagar Center,2026-06-15,5,0,100,12,88,3,14.39,12.0,LOW
Anna Nagar Center,2026-06-15,6,0,100,24,76,12,27.11,24.0,LOW
Anna Nagar Center,2026-06-15,7,0,100,19,81,4,12.76,19.0,LOW
Anna Nagar Center,2026-06-15,8,0,100,48,52,14,56.91,48.0,LOW
Anna Nagar Center,2026-06-15,9,0,100,52,48,21,53.07,52.0,MEDIUM
Anna Nagar Center,2026-06-15,10,0,100,39,61,10,47.44,39.0,LOW
Anna Nagar Center,2026-06-15,11,0,100,63,37,13,61.71,63.0,MEDIUM
Anna Nagar Center,2026-06-15,12,0,100,70,30,17,76.18,70.0,MEDIUM
Anna Nagar Center,2026-06-15,13,0,100,77,23,28,77.0,77.0,MEDIUM
Anna Nagar Center,2026-06-15,14,0,100,77,23,19,74.04,77.0,MEDIUM
Anna Nagar Center,2026-06-15,15,0,100,71,29,26,63.04,71.0,MEDIUM
Anna Nagar Center,2026-06-15,16,0,100,65,35,29,57.9,65.0,MEDIUM
Anna Nagar Center,2026-06-15,17,0,100,51,49,11,49.57,51.0,MEDIUM
Anna Nagar Center,2026-06-15,18,0,100,74,26,32,67.18,74.0,MEDIUM
Anna Nagar Center,2026-06-15,19,0,100,73,27,18,83.19,73.0,MEDIUM
Anna Nagar Center,2026-06-15,20,0,100,76,24,17,74.7,76.0,MEDIUM
Anna Nagar Center,2026-06-15,21,0,100,77,23,16,66.33,77.0,MEDIUM
Anna Nagar Center,2026-06-15,22,0,100,12,88,4,17.75,12.0,LOW
Anna Nagar Center,2026-06-15,23,0,100,8,92,4,5.0,8.0,LOW
Guindy Corporate Park,2026-06-15,0,0,180,6,174,3,5.0,3.33,LOW
Guindy Corporate Park,2026-06-15,1,0,180,4,176,2,6.89,2.22,LOW
Guindy Corporate Park,2026-06-15,2,0,180,14,166,4,9.4,7.78,LOW
Guindy Corporate Park,2026-06-15,3,0,180,11,169,3,13.31,6.11,LOW
Guindy Corporate Park,2026-06-15,4,0,180,4,176,1,5.0,2.22,LOW
Guindy Corporate Park,2026-06-15,5,0,180,4,176,1,6.63,2.22,LOW
Guindy Corporate Park,2026-06-15,6,0,180,4,176,1,5.82,2.22,LOW
Guindy Corporate Park,2026-06-15,7,0,180,11,169,4,7.15,6.11,LOW
Guindy Corporate Park,2026-06-15,8,0,180,155,25,76,89.94,86.11,HIGH
Guindy Corporate Park,2026-06-15,9,0,180,160,20,38,87.89,88.89,HIGH
Guindy Corporate Park,2026-06-15,10,0,180,131,49,57,81.72,72.78,MEDIUM
Guindy Corporate Park,2026-06-15,11,0,180,177,3,36,97.95,98.33,HIGH
Guindy Corporate Park,2026-06-15,12,0,180,148,32,60,90.05,82.22,HIGH
Guindy Corporate Park,2026-06-15,13,0,180,169,11,39,97.0,93.89,HIGH
Guindy Corporate Park,2026-06-15,14,0,180,156,24,44,92.37,86.67,HIGH
Guindy Corporate Park,2026-06-15,15,0,180,156,24,38,85.04,86.67,HIGH
Guindy Corporate Park,2026-06-15,16,0,180,179,1,76,91.33,99.44,HIGH
Guindy Corporate Park,2026-06-15,17,0,180,137,43,41,71.35,76.11,MEDIUM
Guindy Corporate Park,2026-06-15,18,0,180,105,75,36,52.57,58.33,MEDIUM
Guindy Corporate Park,2026-06-15,19,0,180,106,74,34,70.06,58.89,MEDIUM
Guindy Corporate Park,2026-06-15,20,0,180,52,128,23,32.47,28.89,LOW
Guindy Corporate Park,2026-06-15,21,0,180,30,150,6,9.38,16.67,LOW
Guindy Corporate Park,2026-06-15,22,0,180,34,146,10,20.12,18.89,LOW
Guindy Corporate Park,2026-06-15,23,0,180,15,165,6,6.76,8.33,LOW
Chennai Mall,2026-06-16,0,1,150,18,132,7,11.89,12.0,LOW
Chennai Mall,2026-06-16,1,1,150,27,123,11,20.33,18.0,LOW
Chennai Mall,2026-06-16,2,1,150,33,117,15,25.16,22.0,LOW
Chennai Mall,2026-06-16,3,1,150,19,131,6,18.2,12.67,LOW
Chennai Mall,2026-06-16,4,1,150,24,126,10,5.28,16.0,LOW
Chennai Mall,2026-06-16,5,1,150,28,122,12,11.46,18.67,LOW
Chennai Mall,2026-06-16,6,1,150,29,121,11,15.55,19.33,LOW
Chennai Mall,2026-06-16,7,1,150,23,127,10,8.63,15.33,LOW
Chennai Mall,2026-06-16,8,1,150,30,120,10,23.92,20.0,LOW
Chennai Mall,2026-06-16,9,1,150,38,112,13,13.18,25.33,LOW
Chennai Mall,2026-06-16,10,1,150,32,118,11,19.01,21.33,LOW
Chennai Mall,2026-06-16,11,1,150,3,147,1,10.01,2.0,LOW
Chennai Mall,2026-06-16,12,1,150,95,55,42,61.41,63.33,MEDIUM
Chennai Mall,2026-06-16,13,1,150,84,66,30,53.15,56.0,MEDIUM
Chennai Mall,2026-06-16,14,1,150,72,78,16,39.97,48.0,LOW
Chennai Mall,2026-06-16,15,1,150,69,81,25,37.34,46.0,LOW
Chennai Mall,2026-06-16,16,1,150,11,139,5,18.28,7.33,LOW
Chennai Mall,2026-06-16,17,1,150,103,47,45,67.86,68.67,MEDIUM
Chennai Mall,2026-06-16,18,1,150,109,41,24,64.3,72.67,MEDIUM
Chennai Mall,2026-06-16,19,1,150,130,20,30,88.33,86.67,HIGH
Chennai Mall,2026-06-16,20,1,150,126,24,27,84.05,84.0,HIGH
Chennai Mall,2026-06-16,21,1,150,94,56,34,63.69,62.67,MEDIUM
Chennai Mall,2026-06-16,22,1,150,62,88,12,36.64,41.33,LOW
Chennai Mall,2026-06-16,23,1,150,31,119,15,34.34,20.67,LOW
T Nagar Commercial Hub,2026-06-16,0,1,120,2,118,1,5.0,1.67,LOW
T Nagar Commercial Hub,2026-06-16,1,1,120,19,101,4,25.63,15.83,LOW
T Nagar Commercial Hub,2026-06-16,2,1,120,13,107,3,10.08,10.83,LOW
T Nagar Commercial Hub,2026-06-16,3,1,120,11,109,5,5.0,9.17,LOW
T Nagar Commercial Hub,2026-06-16,4,1,120,17,103,5,22.96,14.17,LOW
T Nagar Commercial Hub,2026-06-16,5,1,120,12,108,4,5.0,10.0,LOW
T Nagar Commercial Hub,2026-06-16,6,1,120,12,108,3,20.56,10.0,LOW
T Nagar Commercial Hub,2026-06-16,7,1,120,14,106,6,5.0,11.67,LOW
T Nagar Commercial Hub,2026-06-16,8,1,120,20,100,7,7.78,16.67,LOW
T Nagar Commercial Hub,2026-06-16,9,1,120,13,107,5,27.2,10.83,LOW
T Nagar Commercial Hub,2026-06-16,10,1,120,95,25,23,75.56,79.17,MEDIUM
T Nagar Commercial Hub,2026-06-16,11,1,120,74,46,19,58.22,61.67,MEDIUM
T Nagar Commercial Hub,2026-06-16,12,1,120,81,39,31,78.64,67.5,MEDIUM
T Nagar Commercial Hub,2026-06-16,13,1,120,75,45,21,70.95,62.5,MEDIUM
T Nagar Commercial Hub,2026-06-16,14,1,120,72,48,21,67.44,60.0,MEDIUM
T Nagar Commercial Hub,2026-06-16,15,1,120,85,35,39,72.58,70.83,MEDIUM
T Nagar Commercial Hub,2026-06-16,16,1,120,98,22,26,85.31,81.67,HIGH
T Nagar Commercial Hub,2026-06-16,17,1,120,80,40,30,66.76,66.67,MEDIUM
T Nagar Commercial Hub,2026-06-16,18,1,120,91,29,39,75.35,75.83,MEDIUM
T Nagar Commercial Hub,2026-06-16,19,1,120,100,20,30,82.97,83.33,HIGH
T Nagar Commercial Hub,2026-06-16,20,1,120,56,64,16,46.38,46.67,LOW
T Nagar Commercial Hub,2026-06-16,21,1,120,48,72,19,43.26,40.0,LOW
T Nagar Commercial Hub,2026-06-16,22,1,120,43,77,13,38.85,35.83,LOW
T Nagar Commercial Hub,2026-06-16,23,1,120,24,96,6,9.67,20.0,LOW
Velachery Metro Station,2026-06-16,0,1,200,35,165,13,16.32,17.5,LOW
Velachery Metro Station,2026-06-16,1,1,200,25,175,5,19.43,12.5,LOW
Velachery Metro Station,2026-06-16,2,1,200,38,162,12,15.91,19.0,LOW
Velachery Metro Station,2026-06-16,3,1,200,10,190,4,6.98,5.0,LOW
Velachery Metro Station,2026-06-16,4,1,200,19,181,4,8.63,9.5,LOW
Velachery Metro Station,2026-06-16,5,1,200,24,176,10,11.64,12.0,LOW
Velachery Metro Station,2026-06-16,6,1,200,31,169,14,23.49,15.5,LOW
Velachery Metro Station,2026-06-16,7,1,200,197,3,57,98.0,98.5,HIGH
Velachery Metro Station,2026-06-16,8,1,200,190,10,63,94.42,95.0,HIGH
Velachery Metro Station,2026-06-16,9,1,200,162,38,60,82.64,81.0,HIGH
Velachery Metro Station,2026-06-16,10,1,200,181,19,69,91.79,90.5,HIGH
Velachery Metro Station,2026-06-16,11,1,200,175,25,47,80.48,87.5,HIGH
Velachery Metro Station,2026-06-16,12,1,200,146,54,66,68.67,73.0,MEDIUM
Velachery Metro Station,2026-06-16,13,1,200,178,22,74,76.1,89.0,HIGH
Velachery Metro Station,2026-06-16,14,1,200,150,50,45,74.57,75.0,MEDIUM
Velachery Metro Station,2026-06-16,15,1,200,161,39,57,78.42,80.5,HIGH
Velachery Metro Station,2026-06-16,16,1,200,148,52,31,72.09,74.0,MEDIUM
Velachery Metro Station,2026-06-16,17,1,200,184,16,46,94.77,92.0,HIGH
Velachery Metro Station,2026-06-16,18,1,200,168,32,72,87.54,84.0,HIGH
Velachery Metro Station,2026-06-16,19,1,200,173,27,72,83.81,86.5,HIGH
Velachery Metro Station,2026-06-16,20,1,200,172,28,78,92.67,86.0,HIGH
Velachery Metro Station,2026-06-16,21,1,200,94,106,32,38.43,47.0,LOW
Velachery Metro Station,2026-06-16,22,1,200,67,133,25,40.63,33.5,LOW
Velachery Metro Station,2026-06-16,23,1,200,66,134,21,30.51,33.0,LOW
OMR IT Park,2026-06-16,0,1,300,27,273,10,10.34,9.0,LOW
OMR IT Park,2026-06-16,1,1,300,35,265,9,7.62,11.67,LOW
OMR IT Park,2026-06-16,2,1,300,6,294,2,5.0,2.0,LOW
OMR IT Park,2026-06-16,3,1,300,29,271,11,15.39,9.67,LOW
OMR IT Park,2026-06-16,4,1,300,24,276,6,5.0,8.0,LOW
OMR IT Park,2026-06-16,5,1,300,16,284,5,5.0,5.33,LOW
OMR IT Park,2026-06-16,6,1,300,19,281,5,5.0,6.33,LOW
OMR IT Park,2026-06-16,7,1,300,28,272,12,5.0,9.33,LOW
OMR IT Park,2026-06-16,8,1,300,240,60,75,83.91,80.0,HIGH
OMR IT Park,2026-06-16,9,1,300,269,31,124,85.91,89.67,HIGH
OMR IT Park,2026-06-16,10,1,300,226,74,66,69.49,75.33,MEDIUM
OMR IT Park,2026-06-16,11,1,300,239,61,114,82.19,79.67,MEDIUM
OMR IT Park,2026-06-16,12,1,300,272,28,74,96.08,90.67,HIGH
OMR IT Park,2026-06-16,13,1,300,263,37,78,84.91,87.67,HIGH
OMR IT Park,2026-06-16,14,1,300,254,46,64,79.74,84.67,HIGH
OMR IT Park,2026-06-16,15,1,300,244,56,73,80.82,81.33,HIGH
OMR IT Park,2026-06-16,16,1,300,254,46,111,82.88,84.67,HIGH
OMR IT Park,2026-06-16,17,1,300,201,99,46,55.96,67.0,MEDIUM
OMR IT Park,2026-06-16,18,1,300,217,83,95,68.97,72.33,MEDIUM
OMR IT Park,2026-06-16,19,1,300,165,135,49,46.25,55.0,MEDIUM
OMR IT Park,2026-06-16,20,1,300,109,191,41,31.59,36.33,LOW
OMR IT Park,2026-06-16,21,1,300,100,200,28,28.0,33.33,LOW
OMR IT Park,2026-06-16,22,1,300,77,223,23,18.5,25.67,LOW
OMR IT Park,2026-06-16,23,1,300,18,282,4,5.0,6.0,LOW
Anna Nagar Center,2026-06-16,0,1,100,20,80,5,16.78,20.0,LOW
Anna Nagar Center,2026-06-16,1,1,100,22,78,11,24.75,22.0,LOW
Anna Nagar Center,2026-06-16,2,1,100,21,79,7,18.54,21.0,LOW
Anna Nagar Center,2026-06-16,3,1,100,5,95,2,6.65,5.0,LOW
Anna Nagar Center,2026-06-16,4,1,100,32,68,14,22.73,32.0,LOW
Anna Nagar Center,2026-06-16,5,1,100,6,94,2,5.0,6.0,LOW
Anna Nagar Center,2026-06-16,6,1,100,23,77,5,18.82,23.0,LOW
Anna Nagar Center,2026-06-16,7,1,100,18,82,4,11.59,18.0,LOW
Anna Nagar Center,2026-06-16,8,1,100,47,53,23,58.04,47.0,LOW
Anna Nagar Center,2026-06-16,9,1,100,61,39,27,61.19,61.0,MEDIUM
Anna Nagar Center,2026-06-16,10,1,100,62,38,31,63.65,62.0,MEDIUM
Anna Nagar Center,2026-06-16,11,1,100,48,52,13,47.75,48.0,LOW
Anna Nagar Center,2026-06-16,12,1,100,86,14,31,84.82,86.0,HIGH
Anna Nagar Center,2026-06-16,13,1,100,78,22,20,71.09,78.0,MEDIUM
Anna Nagar Center,2026-06-16,14,1,100,76,24,21,70.31,76.0,MEDIUM
Anna Nagar Center,2026-06-16,15,1,100,77,23,29,79.71,77.0,MEDIUM
Anna Nagar Center,2026-06-16,16,1,100,40,60,17,44.78,40.0,LOW
Anna Nagar Center,2026-06-16,17,1,100,41,59,19,41.23,41.0,LOW
Anna Nagar Center,2026-06-16,18,1,100,65,35,27,68.93,65.0,MEDIUM
Anna Nagar Center,2026-06-16,19,1,100,84,16,40,71.84,84.0,HIGH
Anna Nagar Center,2026-06-16,20,1,100,85,15,35,74.86,85.0,HIGH
Anna Nagar Center,2026-06-16,21,1,100,67,33,15,73.84,67.0,MEDIUM
Anna Nagar Center,2026-06-16,22,1,100,18,82,7,19.48,18.0,LOW
Anna Nagar Center,2026-06-16,23,1,100,26,74,8,20.42,26.0,LOW
Guindy Corporate Park,2026-06-16,0,1,180,4,176,2,13.21,2.22,LOW
Guindy Corporate Park,2026-06-16,1,1,180,11,169,4,5.99,6.11,LOW
Guindy Corporate Park,2026-06-16,2,1,180,14,166,6,5.0,7.78,LOW
Guindy Corporate Park,2026-06-16,3,1,180,9,171,4,12.59,5.0,LOW
Guindy Corporate Park,2026-06-16,4,1,180,15,165,7,7.85,8.33,LOW
Guindy Corporate Park,2026-06-16,5,1,180,27,153,10,11.93,15.0,LOW
Guindy Corporate Park,2026-06-16,6,1,180,5,175,2,10.84,2.78,LOW
Guindy Corporate Park,2026-06-16,7,1,180,4,176,1,5.86,2.22,LOW
Guindy Corporate Park,2026-06-16,8,1,180,131,49,49,70.41,72.78,MEDIUM
Guindy Corporate Park,2026-06-16,9,1,180,156,24,68,82.88,86.67,HIGH
Guindy Corporate Park,2026-06-16,10,1,180,138,42,62,75.21,76.67,MEDIUM
Guindy Corporate Park,2026-06-16,11,1,180,166,14,61,88.62,92.22,HIGH
Guindy Corporate Park,2026-06-16,12,1,180,162,18,48,77.82,90.0,HIGH
Guindy Corporate Park,2026-06-16,13,1,180,167,13,75,98.0,92.78,HIGH
Guindy Corporate Park,2026-06-16,14,1,180,146,34,33,83.11,81.11,HIGH
Guindy Corporate Park,2026-06-16,15,1,180,170,10,52,91.24,94.44,HIGH
Guindy Corporate Park,2026-06-16,16,1,180,136,44,41,85.43,75.56,MEDIUM
Guindy Corporate Park,2026-06-16,17,1,180,124,56,61,69.5,68.89,MEDIUM
Guindy Corporate Park,2026-06-16,18,1,180,98,82,39,64.35,54.44,MEDIUM
Guindy Corporate Park,2026-06-16,19,1,180,103,77,32,60.55,57.22,MEDIUM
Guindy Corporate Park,2026-06-16,20,1,180,32,148,11,32.4,17.78,LOW
Guindy Corporate Park,2026-06-16,21,1,180,56,124,17,25.03,31.11,LOW
Guindy Corporate Park,2026-06-16,22,1,180,70,110,32,35.31,38.89,LOW
Guindy Corporate Park,2026-06-16,23,1,180,17,163,6,5.0,9.44,LOW
Chennai Mall,2026-06-17,0,2,150,16,134,5,7.65,10.67,LOW
Chennai Mall,2026-06-17,1,2,150,20,130,5,13.77,13.33,LOW
Chennai Mall,2026-06-17,2,2,150,10,140,3,8.92,6.67,LOW
Chennai Mall,2026-06-17,3,2,150,16,134,4,5.0,10.67,LOW
Chennai Mall,2026-06-17,4,2,150,16,134,3,19.25,10.67,LOW
Chennai Mall,2026-06-17,5,2,150,13,137,4,5.0,8.67,LOW
Chennai Mall,2026-06-17,6,2,150,29,121,8,14.62,19.33,LOW
Chennai Mall,2026-06-17,7,2,150,3,147,1,10.53,2.0,LOW
Chennai Mall,2026-06-17,8,2,150,38,112,14,17.36,25.33,LOW
Chennai Mall,2026-06-17,9,2,150,31,119,13,29.02,20.67,LOW
Chennai Mall,2026-06-17,10,2,150,25,125,11,14.94,16.67,LOW
Chennai Mall,2026-06-17,11,2,150,26,124,8,13.69,17.33,LOW
Chennai Mall,2026-06-17,12,2,150,73,77,25,43.98,48.67,LOW
Chennai Mall,2026-06-17,13,2,150,70,80,30,46.04,46.67,LOW
Chennai Mall,2026-06-17,14,2,150,96,54,44,62.08,64.0,MEDIUM
Chennai Mall,2026-06-17,15,2,150,70,80,22,41.47,46.67,LOW
Chennai Mall,2026-06-17,16,2,150,32,118,11,19.05,21.33,LOW
Chennai Mall,2026-06-17,17,2,150,99,51,49,71.45,66.0,MEDIUM
Chennai Mall,2026-06-17,18,2,150,105,45,35,70.02,70.0,MEDIUM
Chennai Mall,2026-06-17,19,2,150,137,13,62,92.47,91.33,HIGH
Chennai Mall,2026-06-17,20,2,150,111,39,52,70.53,74.0,MEDIUM
Chennai Mall,2026-06-17,21,2,150,130,20,64,93.53,86.67,HIGH
Chennai Mall,2026-06-17,22,2,150,50,100,15,42.11,33.33,LOW
Chennai Mall,2026-06-17,23,2,150,33,117,8,21.98,22.0,LOW
T Nagar Commercial Hub,2026-06-17,0,2,120,15,105,4,25.42,12.5,LOW
T Nagar Commercial Hub,2026-06-17,1,2,120,23,97,9,27.06,19.17,LOW
T Nagar Commercial Hub,2026-06-17,2,2,120,3,117,1,5.77,2.5,LOW
T Nagar Commercial Hub,2026-06-17,3,2,120,17,103,5,18.92,14.17,LOW
T Nagar Commercial Hub,2026-06-17,4,2,120,19,101,9,17.52,15.83,LOW
T Nagar Commercial Hub,2026-06-17,5,2,120,14,106,4,15.11,11.67,LOW
T Nagar Commercial Hub,2026-06-17,6,2,120,16,104,7,10.95,13.33,LOW
T Nagar Commercial Hub,2026-06-17,7,2,120,7,113,2,5.0,5.83,LOW
T Nagar Commercial Hub,2026-06-17,8,2,120,21,99,7,16.48,17.5,LOW
T Nagar Commercial Hub,2026-06-17,9,2,120,19,101,8,14.07,15.83,LOW
T Nagar Commercial Hub,2026-06-17,10,2,120,73,47,36,58.64,60.83,MEDIUM
T Nagar Commercial Hub,2026-06-17,11,2,120,88,32,25,75.22,73.33,MEDIUM
T Nagar Commercial Hub,2026-06-17,12,2,120,89,31,43,79.14,74.17,MEDIUM
T Nagar Commercial Hub,2026-06-17,13,2,120,80,40,36,66.27,66.67,MEDIUM
T Nagar Commercial Hub,2026-06-17,14,2,120,90,30,43,86.89,75.0,MEDIUM
T Nagar Commercial Hub,2026-06-17,15,2,120,77,43,28,79.11,64.17,MEDIUM
T Nagar Commercial Hub,2026-06-17,16,2,120,94,26,23,65.14,78.33,MEDIUM
T Nagar Commercial Hub,2026-06-17,17,2,120,75,45,17,55.0,62.5,MEDIUM
T Nagar Commercial Hub,2026-06-17,18,2,120,97,23,25,79.64,80.83,HIGH
T Nagar Commercial Hub,2026-06-17,19,2,120,74,46,28,61.97,61.67,MEDIUM
T Nagar Commercial Hub,2026-06-17,20,2,120,47,73,23,30.6,39.17,LOW
T Nagar Commercial Hub,2026-06-17,21,2,120,48,72,14,49.49,40.0,LOW
T Nagar Commercial Hub,2026-06-17,22,2,120,59,61,13,41.76,49.17,LOW
T Nagar Commercial Hub,2026-06-17,23,2,120,24,96,11,18.47,20.0,LOW
Velachery Metro Station,2026-06-17,0,2,200,50,150,15,18.66,25.0,LOW
Velachery Metro Station,2026-06-17,1,2,200,8,192,4,6.72,4.0,LOW
Velachery Metro Station,2026-06-17,2,2,200,24,176,8,12.69,12.0,LOW
Velachery Metro Station,2026-06-17,3,2,200,31,169,9,9.94,15.5,LOW
Velachery Metro Station,2026-06-17,4,2,200,43,157,12,13.49,21.5,LOW
Velachery Metro Station,2026-06-17,5,2,200,27,173,9,16.01,13.5,LOW
Velachery Metro Station,2026-06-17,6,2,200,13,187,5,9.7,6.5,LOW
Velachery Metro Station,2026-06-17,7,2,200,176,24,67,89.55,88.0,HIGH
Velachery Metro Station,2026-06-17,8,2,200,177,23,61,83.14,88.5,HIGH
Velachery Metro Station,2026-06-17,9,2,200,165,35,72,81.92,82.5,HIGH
Velachery Metro Station,2026-06-17,10,2,200,153,47,57,91.27,76.5,MEDIUM
Velachery Metro Station,2026-06-17,11,2,200,171,29,35,91.2,85.5,HIGH
Velachery Metro Station,2026-06-17,12,2,200,162,38,64,88.14,81.0,HIGH
Velachery Metro Station,2026-06-17,13,2,200,139,61,59,75.28,69.5,MEDIUM
Velachery Metro Station,2026-06-17,14,2,200,152,48,49,76.34,76.0,MEDIUM
Velachery Metro Station,2026-06-17,15,2,200,169,31,66,79.52,84.5,HIGH
Velachery Metro Station,2026-06-17,16,2,200,160,40,61,69.61,80.0,HIGH
Velachery Metro Station,2026-06-17,17,2,200,180,20,47,98.0,90.0,HIGH
Velachery Metro Station,2026-06-17,18,2,200,181,19,47,91.29,90.5,HIGH
Velachery Metro Station,2026-06-17,19,2,200,200,0,82,98.0,100.0,HIGH
Velachery Metro Station,2026-06-17,20,2,200,197,3,59,92.0,98.5,HIGH
Velachery Metro Station,2026-06-17,21,2,200,100,100,30,49.6,50.0,MEDIUM
Velachery Metro Station,2026-06-17,22,2,200,88,112,20,36.7,44.0,LOW
Velachery Metro Station,2026-06-17,23,2,200,76,124,24,36.25,38.0,LOW
OMR IT Park,2026-06-17,0,2,300,40,260,17,13.91,13.33,LOW
OMR IT Park,2026-06-17,1,2,300,14,286,5,7.15,4.67,LOW
OMR IT Park,2026-06-17,2,2,300,19,281,6,12.32,6.33,LOW
OMR IT Park,2026-06-17,3,2,300,21,279,8,5.0,7.0,LOW
OMR IT Park,2026-06-17,4,2,300,6,294,1,5.0,2.0,LOW
OMR IT Park,2026-06-17,5,2,300,15,285,7,5.0,5.0,LOW
OMR IT Park,2026-06-17,6,2,300,23,277,8,10.54,7.67,LOW
OMR IT Park,2026-06-17,7,2,300,36,264,10,8.41,12.0,LOW
OMR IT Park,2026-06-17,8,2,300,222,78,104,78.65,74.0,MEDIUM
OMR IT Park,2026-06-17,9,2,300,280,20,88,90.08,93.33,HIGH
OMR IT Park,2026-06-17,10,2,300,251,49,92,90.11,83.67,HIGH
OMR IT Park,2026-06-17,11,2,300,281,19,107,91.3,93.67,HIGH
OMR IT Park,2026-06-17,12,2,300,284,16,100,95.55,94.67,HIGH
OMR IT Park,2026-06-17,13,2,300,246,54,76,89.72,82.0,HIGH
OMR IT Park,2026-06-17,14,2,300,255,45,72,90.21,85.0,HIGH
OMR IT Park,2026-06-17,15,2,300,285,15,103,87.17,95.0,HIGH
OMR IT Park,2026-06-17,16,2,300,244,56,55,84.92,81.33,HIGH
OMR IT Park,2026-06-17,17,2,300,182,118,74,72.21,60.67,MEDIUM
OMR IT Park,2026-06-17,18,2,300,162,138,36,48.53,54.0,MEDIUM
OMR IT Park,2026-06-17,19,2,300,226,74,55,63.49,75.33,MEDIUM
OMR IT Park,2026-06-17,20,2,300,45,255,13,14.77,15.0,LOW
OMR IT Park,2026-06-17,21,2,300,88,212,35,27.36,29.33,LOW
OMR IT Park,2026-06-17,22,2,300,75,225,24,14.7,25.0,LOW
OMR IT Park,2026-06-17,23,2,300,16,284,7,11.62,5.33,LOW
Anna Nagar Center,2026-06-17,0,2,100,30,70,8,21.64,30.0,LOW
Anna Nagar Center,2026-06-17,1,2,100,14,86,3,23.91,14.0,LOW
Anna Nagar Center,2026-06-17,2,2,100,22,78,7,17.67,22.0,LOW
Anna Nagar Center,2026-06-17,3,2,100,13,87,6,13.83,13.0,LOW
Anna Nagar Center,2026-06-17,4,2,100,14,86,6,12.7,14.0,LOW
Anna Nagar Center,2026-06-17,5,2,100,8,92,3,5.0,8.0,LOW
Anna Nagar Center,2026-06-17,6,2,100,4,96,1,9.7,4.0,LOW
Anna Nagar Center,2026-06-17,7,2,100,22,78,9,27.76,22.0,LOW
Anna Nagar Center,2026-06-17,8,2,100,53,47,19,58.15,53.0,MEDIUM
Anna Nagar Center,2026-06-17,9,2,100,55,45,14,50.65,55.0,MEDIUM
Anna Nagar Center,2026-06-17,10,2,100,49,51,13,48.23,49.0,LOW
Anna Nagar Center,2026-06-17,11,2,100,53,47,18,53.96,53.0,MEDIUM
Anna Nagar Center,2026-06-17,12,2,100,86,14,32,94.99,86.0,HIGH
Anna Nagar Center,2026-06-17,13,2,100,84,16,26,82.11,84.0,HIGH
Anna Nagar Center,2026-06-17,14,2,100,75,25,29,78.27,75.0,MEDIUM
Anna Nagar Center,2026-06-17,15,2,100,88,12,27,84.24,88.0,HIGH
Anna Nagar Center,2026-06-17,16,2,100,60,40,22,67.49,60.0,MEDIUM
Anna Nagar Center,2026-06-17,17,2,100,54,46,16,48.09,54.0,MEDIUM
Anna Nagar Center,2026-06-17,18,2,100,67,33,31,68.56,67.0,MEDIUM
Anna Nagar Center,2026-06-17,19,2,100,81,19,33,69.42,81.0,HIGH
Anna Nagar Center,2026-06-17,20,2,100,89,11,42,85.28,89.0,HIGH
Anna Nagar Center,2026-06-17,21,2,100,80,20,39,83.8,80.0,HIGH
Anna Nagar Center,2026-06-17,22,2,100,10,90,4,13.34,10.0,LOW
Anna Nagar Center,2026-06-17,23,2,100,12,88,2,7.4,12.0,LOW
Guindy Corporate Park,2026-06-17,0,2,180,12,168,6,7.42,6.67,LOW
Guindy Corporate Park,2026-06-17,1,2,180,14,166,6,6.16,7.78,LOW
Guindy Corporate Park,2026-06-17,2,2,180,14,166,6,7.69,7.78,LOW
Guindy Corporate Park,2026-06-17,3,2,180,4,176,1,5.0,2.22,LOW
Guindy Corporate Park,2026-06-17,4,2,180,6,174,3,5.0,3.33,LOW
Guindy Corporate Park,2026-06-17,5,2,180,24,156,11,5.0,13.33,LOW
Guindy Corporate Park,2026-06-17,6,2,180,11,169,3,7.44,6.11,LOW
Guindy Corporate Park,2026-06-17,7,2,180,17,163,6,5.0,9.44,LOW
Guindy Corporate Park,2026-06-17,8,2,180,137,43,29,80.33,76.11,MEDIUM
Guindy Corporate Park,2026-06-17,9,2,180,126,54,36,81.62,70.0,MEDIUM
Guindy Corporate Park,2026-06-17,10,2,180,126,54,49,65.58,70.0,MEDIUM
Guindy Corporate Park,2026-06-17,11,2,180,172,8,63,91.85,95.56,HIGH
Guindy Corporate Park,2026-06-17,12,2,180,161,19,71,88.79,89.44,HIGH
Guindy Corporate Park,2026-06-17,13,2,180,143,37,42,70.5,79.44,MEDIUM
Guindy Corporate Park,2026-06-17,14,2,180,170,10,84,96.46,94.44,HIGH
Guindy Corporate Park,2026-06-17,15,2,180,155,25,48,87.26,86.11,HIGH
Guindy Corporate Park,2026-06-17,16,2,180,169,11,61,92.09,93.89,HIGH
Guindy Corporate Park,2026-06-17,17,2,180,110,70,29,64.19,61.11,MEDIUM
Guindy Corporate Park,2026-06-17,18,2,180,101,79,47,41.89,56.11,MEDIUM
Guindy Corporate Park,2026-06-17,19,2,180,141,39,47,74.13,78.33,MEDIUM
Guindy Corporate Park,2026-06-17,20,2,180,51,129,20,23.85,28.33,LOW
Guindy Corporate Park,2026-06-17,21,2,180,32,148,10,17.94,17.78,LOW
Guindy Corporate Park,2026-06-17,22,2,180,45,135,13,26.6,25.0,LOW
Guindy Corporate Park,2026-06-17,23,2,180,12,168,3,13.87,6.67,LOW
Chennai Mall,2026-06-18,0,3,150,18,132,9,14.37,12.0,LOW
Chennai Mall,2026-06-18,1,3,150,29,121,9,30.47,19.33,LOW
Chennai Mall,2026-06-18,2,3,150,26,124,9,28.85,17.33,LOW
Chennai Mall,2026-06-18,3,3,150,34,116,9,20.89,22.67,LOW
Chennai Mall,2026-06-18,4,3,150,22,128,7,22.31,14.67,LOW
Chennai Mall,2026-06-18,5,3,150,29,121,11,27.43,19.33,LOW
Chennai Mall,2026-06-18,6,3,150,9,141,2,5.0,6.0,LOW
Chennai Mall,2026-06-18,7,3,150,34,116,14,22.34,22.67,LOW
Chennai Mall,2026-06-18,8,3,150,45,105,22,29.62,30.0,LOW
Chennai Mall,2026-06-18,9,3,150,35,115,17,22.16,23.33,LOW
Chennai Mall,2026-06-18,10,3,150,5,145,2,11.56,3.33,LOW
Chennai Mall,2026-06-18,11,3,150,24,126,9,14.78,16.0,LOW
Chennai Mall,2026-06-18,12,3,150,68,82,20,40.64,45.33,LOW
Chennai Mall,2026-06-18,13,3,150,85,65,36,44.38,56.67,MEDIUM
Chennai Mall,2026-06-18,14,3,150,94,56,25,62.89,62.67,MEDIUM
Chennai Mall,2026-06-18,15,3,150,56,94,23,38.98,37.33,LOW
Chennai Mall,2026-06-18,16,3,150,25,125,10,10.42,16.67,LOW
Chennai Mall,2026-06-18,17,3,150,109,41,35,74.39,72.67,MEDIUM
Chennai Mall,2026-06-18,18,3,150,123,27,40,86.56,82.0,HIGH
Chennai Mall,2026-06-18,19,3,150,128,22,49,79.75,85.33,HIGH
Chennai Mall,2026-06-18,20,3,150,96,54,34,69.9,64.0,MEDIUM
Chennai Mall,2026-06-18,21,3,150,115,35,33,82.43,76.67,MEDIUM
Chennai Mall,2026-06-18,22,3,150,37,113,12,25.06,24.67,LOW
Chennai Mall,2026-06-18,23,3,150,35,115,11,31.45,23.33,LOW
T Nagar Commercial Hub,2026-06-18,0,3,120,13,107,5,16.17,10.83,LOW
T Nagar Commercial Hub,2026-06-18,1,3,120,21,99,10,21.84,17.5,LOW
T Nagar Commercial Hub,2026-06-18,2,3,120,9,111,3,5.0,7.5,LOW
T Nagar Commercial Hub,2026-06-18,3,3,120,14,106,5,5.0,11.67,LOW
T Nagar Commercial Hub,2026-06-18,4,3,120,20,100,5,19.41,16.67,LOW
T Nagar Commercial Hub,2026-06-18,5,3,120,20,100,5,16.69,16.67,LOW
T Nagar Commercial Hub,2026-06-18,6,3,120,12,108,5,8.56,10.0,LOW
T Nagar Commercial Hub,2026-06-18,7,3,120,18,102,5,21.61,15.0,LOW
T Nagar Commercial Hub,2026-06-18,8,3,120,21,99,9,9.73,17.5,LOW
T Nagar Commercial Hub,2026-06-18,9,3,120,19,101,8,5.0,15.83,LOW
T Nagar Commercial Hub,2026-06-18,10,3,120,73,47,18,59.69,60.83,MEDIUM
T Nagar Commercial Hub,2026-06-18,11,3,120,91,29,24,69.51,75.83,MEDIUM
T Nagar Commercial Hub,2026-06-18,12,3,120,90,30,20,69.96,75.0,MEDIUM
T Nagar Commercial Hub,2026-06-18,13,3,120,64,56,31,66.67,53.33,MEDIUM
T Nagar Commercial Hub,2026-06-18,14,3,120,102,18,34,90.39,85.0,HIGH
T Nagar Commercial Hub,2026-06-18,15,3,120,83,37,31,71.76,69.17,MEDIUM
T Nagar Commercial Hub,2026-06-18,16,3,120,77,43,18,56.52,64.17,MEDIUM
T Nagar Commercial Hub,2026-06-18,17,3,120,94,26,35,83.49,78.33,MEDIUM
T Nagar Commercial Hub,2026-06-18,18,3,120,82,38,26,66.55,68.33,MEDIUM
T Nagar Commercial Hub,2026-06-18,19,3,120,83,37,38,64.34,69.17,MEDIUM
T Nagar Commercial Hub,2026-06-18,20,3,120,52,68,24,42.58,43.33,LOW
T Nagar Commercial Hub,2026-06-18,21,3,120,58,62,14,46.93,48.33,LOW
T Nagar Commercial Hub,2026-06-18,22,3,120,46,74,17,38.91,38.33,LOW
T Nagar Commercial Hub,2026-06-18,23,3,120,25,95,8,14.44,20.83,LOW
Velachery Metro Station,2026-06-18,0,3,200,14,186,7,16.68,7.0,LOW
Velachery Metro Station,2026-06-18,1,3,200,25,175,8,7.05,12.5,LOW
Velachery Metro Station,2026-06-18,2,3,200,47,153,16,17.09,23.5,LOW
Velachery Metro Station,2026-06-18,3,3,200,15,185,6,5.0,7.5,LOW
Velachery Metro Station,2026-06-18,4,3,200,21,179,7,18.94,10.5,LOW
Velachery Metro Station,2026-06-18,5,3,200,11,189,3,5.54,5.5,LOW
Velachery Metro Station,2026-06-18,6,3,200,37,163,10,17.31,18.5,LOW
Velachery Metro Station,2026-06-18,7,3,200,181,19,66,98.0,90.5,HIGH
Velachery Metro Station,2026-06-18,8,3,200,171,29,56,82.02,85.5,HIGH
Velachery Metro Station,2026-06-18,9,3,200,183,17,68,96.98,91.5,HIGH
Velachery Metro Station,2026-06-18,10,3,200,173,27,56,87.85,86.5,HIGH
Velachery Metro Station,2026-06-18,11,3,200,142,58,41,66.95,71.0,MEDIUM
Velachery Metro Station,2026-06-18,12,3,200,181,19,65,83.42,90.5,HIGH
Velachery Metro Station,2026-06-18,13,3,200,173,27,54,83.25,86.5,HIGH
Velachery Metro Station,2026-06-18,14,3,200,135,65,53,71.25,67.5,MEDIUM
Velachery Metro Station,2026-06-18,15,3,200,183,17,65,86.88,91.5,HIGH
Velachery Metro Station,2026-06-18,16,3,200,154,46,56,83.77,77.0,MEDIUM
Velachery Metro Station,2026-06-18,17,3,200,172,28,77,74.02,86.0,HIGH
Velachery Metro Station,2026-06-18,18,3,200,193,7,89,97.29,96.5,HIGH
Velachery Metro Station,2026-06-18,19,3,200,173,27,55,87.79,86.5,HIGH
Velachery Metro Station,2026-06-18,20,3,200,197,3,57,94.34,98.5,HIGH
Velachery Metro Station,2026-06-18,21,3,200,103,97,23,55.19,51.5,MEDIUM
Velachery Metro Station,2026-06-18,22,3,200,99,101,21,39.73,49.5,LOW
Velachery Metro Station,2026-06-18,23,3,200,60,140,28,36.68,30.0,LOW
OMR IT Park,2026-06-18,0,3,300,23,277,6,5.0,7.67,LOW
OMR IT Park,2026-06-18,1,3,300,12,288,6,12.54,4.0,LOW
OMR IT Park,2026-06-18,2,3,300,30,270,11,5.0,10.0,LOW
OMR IT Park,2026-06-18,3,3,300,6,294,2,5.0,2.0,LOW
OMR IT Park,2026-06-18,4,3,300,31,269,9,7.95,10.33,LOW
OMR IT Park,2026-06-18,5,3,300,18,282,7,12.6,6.0,LOW
OMR IT Park,2026-06-18,6,3,300,6,294,3,5.0,2.0,LOW
OMR IT Park,2026-06-18,7,3,300,16,284,5,8.19,5.33,LOW
OMR IT Park,2026-06-18,8,3,300,247,53,74,78.75,82.33,HIGH
OMR IT Park,2026-06-18,9,3,300,223,77,70,72.53,74.33,MEDIUM
OMR IT Park,2026-06-18,10,3,300,253,47,61,95.78,84.33,HIGH
OMR IT Park,2026-06-18,11,3,300,282,18,58,96.94,94.0,HIGH
OMR IT Park,2026-06-18,12,3,300,253,47,108,80.25,84.33,HIGH
OMR IT Park,2026-06-18,13,3,300,248,52,101,88.05,82.67,HIGH
OMR IT Park,2026-06-18,14,3,300,290,10,132,92.67,96.67,HIGH
OMR IT Park,2026-06-18,15,3,300,300,0,124,97.19,100.0,HIGH
OMR IT Park,2026-06-18,16,3,300,287,13,99,93.85,95.67,HIGH
OMR IT Park,2026-06-18,17,3,300,187,113,90,47.67,62.33,MEDIUM
OMR IT Park,2026-06-18,18,3,300,199,101,80,66.7,66.33,MEDIUM
OMR IT Park,2026-06-18,19,3,300,205,95,92,66.16,68.33,MEDIUM
OMR IT Park,2026-06-18,20,3,300,50,250,14,23.03,16.67,LOW
OMR IT Park,2026-06-18,21,3,300,109,191,30,30.94,36.33,LOW
OMR IT Park,2026-06-18,22,3,300,37,263,16,15.02,12.33,LOW
OMR IT Park,2026-06-18,23,3,300,6,294,2,5.0,2.0,LOW
Anna Nagar Center,2026-06-18,0,3,100,22,78,10,15.76,22.0,LOW
Anna Nagar Center,2026-06-18,1,3,100,18,82,5,18.76,18.0,LOW
Anna Nagar Center,2026-06-18,2,3,100,26,74,10,29.75,26.0,LOW
Anna Nagar Center,2026-06-18,3,3,100,12,88,6,23.26,12.0,LOW
Anna Nagar Center,2026-06-18,4,3,100,14,86,6,9.79,14.0,LOW
Anna Nagar Center,2026-06-18,5,3,100,14,86,6,13.21,14.0,LOW
Anna Nagar Center,2026-06-18,6,3,100,11,89,5,18.7,11.0,LOW
Anna Nagar Center,2026-06-18,7,3,100,14,86,4,10.89,14.0,LOW
Anna Nagar Center,2026-06-18,8,3,100,43,57,9,50.49,43.0,LOW
Anna Nagar Center,2026-06-18,9,3,100,63,37,18,57.37,63.0,MEDIUM
Anna Nagar Center,2026-06-18,10,3,100,35,65,11,40.65,35.0,LOW
Anna Nagar Center,2026-06-18,11,3,100,64,36,30,65.65,64.0,MEDIUM
Anna Nagar Center,2026-06-18,12,3,100,77,23,30,64.73,77.0,MEDIUM
Anna Nagar Center,2026-06-18,13,3,100,77,23,34,75.9,77.0,MEDIUM
Anna Nagar Center,2026-06-18,14,3,100,72,28,17,79.64,72.0,MEDIUM
Anna Nagar Center,2026-06-18,15,3,100,72,28,32,72.87,72.0,MEDIUM
Anna Nagar Center,2026-06-18,16,3,100,47,53,12,49.68,47.0,LOW
Anna Nagar Center,2026-06-18,17,3,100,64,36,32,62.89,64.0,MEDIUM
Anna Nagar Center,2026-06-18,18,3,100,76,24,38,71.38,76.0,MEDIUM
Anna Nagar Center,2026-06-18,19,3,100,81,19,25,82.74,81.0,HIGH
Anna Nagar Center,2026-06-18,20,3,100,80,20,16,82.71,80.0,HIGH
Anna Nagar Center,2026-06-18,21,3,100,72,28,34,70.01,72.0,MEDIUM
Anna Nagar Center,2026-06-18,22,3,100,4,96,1,5.0,4.0,LOW
Anna Nagar Center,2026-06-18,23,3,100,14,86,4,13.35,14.0,LOW
Guindy Corporate Park,2026-06-18,0,3,180,7,173,3,5.74,3.89,LOW
Guindy Corporate Park,2026-06-18,1,3,180,4,176,1,9.14,2.22,LOW
Guindy Corporate Park,2026-06-18,2,3,180,14,166,4,9.41,7.78,LOW
Guindy Corporate Park,2026-06-18,3,3,180,5,175,2,5.66,2.78,LOW
Guindy Corporate Park,2026-06-18,4,3,180,8,172,4,5.0,4.44,LOW
Guindy Corporate Park,2026-06-18,5,3,180,15,165,3,6.47,8.33,LOW
Guindy Corporate Park,2026-06-18,6,3,180,6,174,2,5.45,3.33,LOW
Guindy Corporate Park,2026-06-18,7,3,180,4,176,1,6.82,2.22,LOW
Guindy Corporate Park,2026-06-18,8,3,180,131,49,49,78.64,72.78,MEDIUM
Guindy Corporate Park,2026-06-18,9,3,180,145,35,61,82.37,80.56,HIGH
Guindy Corporate Park,2026-06-18,10,3,180,133,47,35,70.26,73.89,MEDIUM
Guindy Corporate Park,2026-06-18,11,3,180,140,40,58,79.03,77.78,MEDIUM
Guindy Corporate Park,2026-06-18,12,3,180,171,9,49,95.77,95.0,HIGH
Guindy Corporate Park,2026-06-18,13,3,180,145,35,72,82.89,80.56,HIGH
Guindy Corporate Park,2026-06-18,14,3,180,171,9,78,89.61,95.0,HIGH
Guindy Corporate Park,2026-06-18,15,3,180,165,15,58,86.56,91.67,HIGH
Guindy Corporate Park,2026-06-18,16,3,180,180,0,42,95.05,100.0,HIGH
Guindy Corporate Park,2026-06-18,17,3,180,113,67,44,56.34,62.78,MEDIUM
Guindy Corporate Park,2026-06-18,18,3,180,100,80,27,54.31,55.56,MEDIUM
Guindy Corporate Park,2026-06-18,19,3,180,130,50,47,72.74,72.22,MEDIUM
Guindy Corporate Park,2026-06-18,20,3,180,52,128,19,37.31,28.89,LOW
Guindy Corporate Park,2026-06-18,21,3,180,58,122,27,35.4,32.22,LOW
Guindy Corporate Park,2026-06-18,22,3,180,49,131,19,41.72,27.22,LOW
Guindy Corporate Park,2026-06-18,23,3,180,15,165,7,5.0,8.33,LOW
Chennai Mall,2026-06-19,0,4,150,9,141,3,9.15,6.0,LOW
Chennai Mall,2026-06-19,1,4,150,7,143,3,5.0,4.67,LOW
Chennai Mall,2026-06-19,2,4,150,39,111,8,22.0,26.0,LOW
Chennai Mall,2026-06-19,3,4,150,6,144,2,5.0,4.0,LOW
Chennai Mall,2026-06-19,4,4,150,28,122,8,12.52,18.67,LOW
Chennai Mall,2026-06-19,5,4,150,32,118,14,33.09,21.33,LOW
Chennai Mall,2026-06-19,6,4,150,28,122,13,15.01,18.67,LOW
Chennai Mall,2026-06-19,7,4,150,12,138,5,5.43,8.0,LOW
Chennai Mall,2026-06-19,8,4,150,31,119,7,24.57,20.67,LOW
Chennai Mall,2026-06-19,9,4,150,24,126,6,17.45,16.0,LOW
Chennai Mall,2026-06-19,10,4,150,12,138,5,6.37,8.0,LOW
Chennai Mall,2026-06-19,11,4,150,34,116,17,29.47,22.67,LOW
Chennai Mall,2026-06-19,12,4,150,73,77,17,54.93,48.67,LOW
Chennai Mall,2026-06-19,13,4,150,85,65,36,50.42,56.67,MEDIUM
Chennai Mall,2026-06-19,14,4,150,94,56,37,61.92,62.67,MEDIUM
Chennai Mall,2026-06-19,15,4,150,90,60,35,59.66,60.0,MEDIUM
Chennai Mall,2026-06-19,16,4,150,41,109,19,16.32,27.33,LOW
Chennai Mall,2026-06-19,17,4,150,112,38,22,73.86,74.67,MEDIUM
Chennai Mall,2026-06-19,18,4,150,121,29,35,79.29,80.67,HIGH
Chennai Mall,2026-06-19,19,4,150,124,26,27,73.09,82.67,HIGH
Chennai Mall,2026-06-19,20,4,150,92,58,27,67.8,61.33,MEDIUM
Chennai Mall,2026-06-19,21,4,150,101,49,24,69.77,67.33,MEDIUM
Chennai Mall,2026-06-19,22,4,150,40,110,17,17.85,26.67,LOW
Chennai Mall,2026-06-19,23,4,150,42,108,8,31.43,28.0,LOW
T Nagar Commercial Hub,2026-06-19,0,4,120,18,102,9,21.14,15.0,LOW
T Nagar Commercial Hub,2026-06-19,1,4,120,24,96,6,20.51,20.0,LOW
T Nagar Commercial Hub,2026-06-19,2,4,120,8,112,2,5.0,6.67,LOW
T Nagar Commercial Hub,2026-06-19,3,4,120,16,104,4,15.95,13.33,LOW
T Nagar Commercial Hub,2026-06-19,4,4,120,15,105,5,7.96,12.5,LOW
T Nagar Commercial Hub,2026-06-19,5,4,120,4,116,1,6.23,3.33,LOW
T Nagar Commercial Hub,2026-06-19,6,4,120,8,112,2,13.57,6.67,LOW
T Nagar Commercial Hub,2026-06-19,7,4,120,19,101,9,15.82,15.83,LOW
T Nagar Commercial Hub,2026-06-19,8,4,120,18,102,9,18.28,15.0,LOW
T Nagar Commercial Hub,2026-06-19,9,4,120,22,98,6,23.76,18.33,LOW
T Nagar Commercial Hub,2026-06-19,10,4,120,92,28,21,73.06,76.67,MEDIUM
T Nagar Commercial Hub,2026-06-19,11,4,120,78,42,23,67.59,65.0,MEDIUM
T Nagar Commercial Hub,2026-06-19,12,4,120,80,40,37,71.59,66.67,MEDIUM
T Nagar Commercial Hub,2026-06-19,13,4,120,85,35,24,75.4,70.83,MEDIUM
T Nagar Commercial Hub,2026-06-19,14,4,120,76,44,18,62.81,63.33,MEDIUM
T Nagar Commercial Hub,2026-06-19,15,4,120,78,42,20,72.95,65.0,MEDIUM
T Nagar Commercial Hub,2026-06-19,16,4,120,97,23,29,78.54,80.83,HIGH
T Nagar Commercial Hub,2026-06-19,17,4,120,91,29,39,75.32,75.83,MEDIUM
T Nagar Commercial Hub,2026-06-19,18,4,120,87,33,40,76.93,72.5,MEDIUM
T Nagar Commercial Hub,2026-06-19,19,4,120,88,32,40,69.56,73.33,MEDIUM
T Nagar Commercial Hub,2026-06-19,20,4,120,46,74,21,41.22,38.33,LOW
T Nagar Commercial Hub,2026-06-19,21,4,120,47,73,17,35.9,39.17,LOW
T Nagar Commercial Hub,2026-06-19,22,4,120,67,53,15,58.47,55.83,MEDIUM
T Nagar Commercial Hub,2026-06-19,23,4,120,13,107,4,26.69,10.83,LOW
Velachery Metro Station,2026-06-19,0,4,200,32,168,12,8.78,16.0,LOW
Velachery Metro Station,2026-06-19,1,4,200,27,173,12,19.46,13.5,LOW
Velachery Metro Station,2026-06-19,2,4,200,30,170,9,7.16,15.0,LOW
Velachery Metro Station,2026-06-19,3,4,200,46,154,10,15.89,23.0,LOW
Velachery Metro Station,2026-06-19,4,4,200,19,181,6,7.13,9.5,LOW
Velachery Metro Station,2026-06-19,5,4,200,34,166,12,18.9,17.0,LOW
Velachery Metro Station,2026-06-19,6,4,200,28,172,10,16.3,14.0,LOW
Velachery Metro Station,2026-06-19,7,4,200,196,4,77,98.0,98.0,HIGH
Velachery Metro Station,2026-06-19,8,4,200,182,18,90,92.83,91.0,HIGH
Velachery Metro Station,2026-06-19,9,4,200,189,11,61,85.66,94.5,HIGH
Velachery Metro Station,2026-06-19,10,4,200,165,35,76,85.21,82.5,HIGH
Velachery Metro Station,2026-06-19,11,4,200,144,56,62,73.62,72.0,MEDIUM
Velachery Metro Station,2026-06-19,12,4,200,158,42,42,81.18,79.0,MEDIUM
Velachery Metro Station,2026-06-19,13,4,200,148,52,55,64.14,74.0,MEDIUM
Velachery Metro Station,2026-06-19,14,4,200,152,48,41,82.88,76.0,MEDIUM
Velachery Metro Station,2026-06-19,15,4,200,147,53,38,77.72,73.5,MEDIUM
Velachery Metro Station,2026-06-19,16,4,200,149,51,59,76.05,74.5,MEDIUM
Velachery Metro Station,2026-06-19,17,4,200,178,22,81,95.52,89.0,HIGH
Velachery Metro Station,2026-06-19,18,4,200,188,12,48,87.01,94.0,HIGH
Velachery Metro Station,2026-06-19,19,4,200,167,33,75,91.14,83.5,HIGH
Velachery Metro Station,2026-06-19,20,4,200,198,2,87,94.89,99.0,HIGH
Velachery Metro Station,2026-06-19,21,4,200,95,105,32,55.89,47.5,LOW
Velachery Metro Station,2026-06-19,22,4,200,89,111,44,46.56,44.5,LOW
Velachery Metro Station,2026-06-19,23,4,200,107,93,30,43.09,53.5,MEDIUM
OMR IT Park,2026-06-19,0,4,300,24,276,9,5.0,8.0,LOW
OMR IT Park,2026-06-19,1,4,300,11,289,5,8.18,3.67,LOW
OMR IT Park,2026-06-19,2,4,300,21,279,8,5.0,7.0,LOW
OMR IT Park,2026-06-19,3,4,300,6,294,2,5.0,2.0,LOW
OMR IT Park,2026-06-19,4,4,300,18,282,5,11.52,6.0,LOW
OMR IT Park,2026-06-19,5,4,300,6,294,1,5.0,2.0,LOW
OMR IT Park,2026-06-19,6,4,300,22,278,6,15.7,7.33,LOW
OMR IT Park,2026-06-19,7,4,300,23,277,10,6.34,7.67,LOW
OMR IT Park,2026-06-19,8,4,300,239,61,111,76.86,79.67,MEDIUM
OMR IT Park,2026-06-19,9,4,300,211,89,81,71.3,70.33,MEDIUM
OMR IT Park,2026-06-19,10,4,300,244,56,114,79.37,81.33,HIGH
OMR IT Park,2026-06-19,11,4,300,263,37,109,89.16,87.67,HIGH
OMR IT Park,2026-06-19,12,4,300,280,20,92,98.0,93.33,HIGH
OMR IT Park,2026-06-19,13,4,300,257,43,86,94.66,85.67,HIGH
OMR IT Park,2026-06-19,14,4,300,279,21,113,90.4,93.0,HIGH
OMR IT Park,2026-06-19,15,4,300,254,46,109,87.19,84.67,HIGH
OMR IT Park,2026-06-19,16,4,300,227,73,61,86.24,75.67,MEDIUM
OMR IT Park,2026-06-19,17,4,300,199,101,98,65.45,66.33,MEDIUM
OMR IT Park,2026-06-19,18,4,300,194,106,78,51.36,64.67,MEDIUM
OMR IT Park,2026-06-19,19,4,300,153,147,34,51.43,51.0,MEDIUM
OMR IT Park,2026-06-19,20,4,300,70,230,24,18.53,23.33,LOW
OMR IT Park,2026-06-19,21,4,300,66,234,19,17.58,22.0,LOW
OMR IT Park,2026-06-19,22,4,300,81,219,40,19.93,27.0,LOW
OMR IT Park,2026-06-19,23,4,300,22,278,11,11.72,7.33,LOW
Anna Nagar Center,2026-06-19,0,4,100,7,93,3,5.96,7.0,LOW
Anna Nagar Center,2026-06-19,1,4,100,20,80,7,21.86,20.0,LOW
Anna Nagar Center,2026-06-19,2,4,100,16,84,6,25.24,16.0,LOW
Anna Nagar Center,2026-06-19,3,4,100,20,80,5,13.22,20.0,LOW
Anna Nagar Center,2026-06-19,4,4,100,19,81,6,19.97,19.0,LOW
Anna Nagar Center,2026-06-19,5,4,100,14,86,5,23.31,14.0,LOW
Anna Nagar Center,2026-06-19,6,4,100,25,75,8,24.7,25.0,LOW
Anna Nagar Center,2026-06-19,7,4,100,10,90,4,11.47,10.0,LOW
Anna Nagar Center,2026-06-19,8,4,100,58,42,12,57.94,58.0,MEDIUM
Anna Nagar Center,2026-06-19,9,4,100,51,49,17,50.54,51.0,MEDIUM
Anna Nagar Center,2026-06-19,10,4,100,46,54,18,51.36,46.0,LOW
Anna Nagar Center,2026-06-19,11,4,100,44,56,17,41.65,44.0,LOW
Anna Nagar Center,2026-06-19,12,4,100,75,25,21,74.07,75.0,MEDIUM
Anna Nagar Center,2026-06-19,13,4,100,79,21,32,84.05,79.0,MEDIUM
Anna Nagar Center,2026-06-19,14,4,100,76,24,20,67.36,76.0,MEDIUM
Anna Nagar Center,2026-06-19,15,4,100,74,26,37,76.89,74.0,MEDIUM
Anna Nagar Center,2026-06-19,16,4,100,40,60,17,45.44,40.0,LOW
Anna Nagar Center,2026-06-19,17,4,100,61,39,30,53.45,61.0,MEDIUM
Anna Nagar Center,2026-06-19,18,4,100,85,15,20,87.06,85.0,HIGH
Anna Nagar Center,2026-06-19,19,4,100,74,26,18,69.34,74.0,MEDIUM
Anna Nagar Center,2026-06-19,20,4,100,77,23,31,73.76,77.0,MEDIUM
Anna Nagar Center,2026-06-19,21,4,100,75,25,33,77.56,75.0,MEDIUM
Anna Nagar Center,2026-06-19,22,4,100,8,92,4,5.0,8.0,LOW
Anna Nagar Center,2026-06-19,23,4,100,11,89,3,5.0,11.0,LOW
Guindy Corporate Park,2026-06-19,0,4,180,12,168,4,10.51,6.67,LOW
Guindy Corporate Park,2026-06-19,1,4,180,21,159,5,5.0,11.67,LOW
Guindy Corporate Park,2026-06-19,2,4,180,14,166,4,5.39,7.78,LOW
Guindy Corporate Park,2026-06-19,3,4,180,4,176,1,5.0,2.22,LOW
Guindy Corporate Park,2026-06-19,4,4,180,18,162,8,18.37,10.0,LOW
Guindy Corporate Park,2026-06-19,5,4,180,8,172,3,18.32,4.44,LOW
Guindy Corporate Park,2026-06-19,6,4,180,14,166,5,5.0,7.78,LOW
Guindy Corporate Park,2026-06-19,7,4,180,22,158,11,5.0,12.22,LOW
Guindy Corporate Park,2026-06-19,8,4,180,157,23,48,87.33,87.22,HIGH
Guindy Corporate Park,2026-06-19,9,4,180,154,26,41,78.96,85.56,HIGH
Guindy Corporate Park,2026-06-19,10,4,180,146,34,41,92.5,81.11,HIGH
Guindy Corporate Park,2026-06-19,11,4,180,175,5,86,98.0,97.22,HIGH
Guindy Corporate Park,2026-06-19,12,4,180,156,24,48,84.43,86.67,HIGH
Guindy Corporate Park,2026-06-19,13,4,180,169,11,58,96.53,93.89,HIGH
Guindy Corporate Park,2026-06-19,14,4,180,165,15,62,98.0,91.67,HIGH
Guindy Corporate Park,2026-06-19,15,4,180,144,36,70,86.81,80.0,HIGH
Guindy Corporate Park,2026-06-19,16,4,180,154,26,42,86.03,85.56,HIGH
Guindy Corporate Park,2026-06-19,17,4,180,132,48,35,71.87,73.33,MEDIUM
Guindy Corporate Park,2026-06-19,18,4,180,95,85,48,51.93,52.78,MEDIUM
Guindy Corporate Park,2026-06-19,19,4,180,125,55,54,65.52,69.44,MEDIUM
Guindy Corporate Park,2026-06-19,20,4,180,24,156,6,19.86,13.33,LOW
Guindy Corporate Park,2026-06-19,21,4,180,22,158,6,14.33,12.22,LOW
Guindy Corporate Park,2026-06-19,22,4,180,29,151,8,23.36,16.11,LOW
Guindy Corporate Park,2026-06-19,23,4,180,8,172,3,5.0,4.44,LOW
Chennai Mall,2026-06-20,0,5,150,29,121,9,27.71,19.33,LOW
Chennai Mall,2026-06-20,1,5,150,28,122,9,18.99,18.67,LOW
Chennai Mall,2026-06-20,2,5,150,16,134,3,14.32,10.67,LOW
Chennai Mall,2026-06-20,3,5,150,33,117,7,16.93,22.0,LOW
Chennai Mall,2026-06-20,4,5,150,19,131,5,13.5,12.67,LOW
Chennai Mall,2026-06-20,5,5,150,27,123,12,14.63,18.0,LOW
Chennai Mall,2026-06-20,6,5,150,32,118,16,32.66,21.33,LOW
Chennai Mall,2026-06-20,7,5,150,31,119,15,25.75,20.67,LOW
Chennai Mall,2026-06-20,8,5,150,20,130,7,9.35,13.33,LOW
Chennai Mall,2026-06-20,9,5,150,25,125,9,17.95,16.67,LOW
Chennai Mall,2026-06-20,10,5,150,11,139,4,11.33,7.33,LOW
Chennai Mall,2026-06-20,11,5,150,105,45,21,70.49,70.0,MEDIUM
Chennai Mall,2026-06-20,12,5,150,121,29,48,79.73,80.67,HIGH
Chennai Mall,2026-06-20,13,5,150,103,47,38,68.82,68.67,MEDIUM
Chennai Mall,2026-06-20,14,5,150,121,29,27,87.56,80.67,HIGH
Chennai Mall,2026-06-20,15,5,150,132,18,35,85.5,88.0,HIGH
Chennai Mall,2026-06-20,16,5,150,134,16,54,84.11,89.33,HIGH
Chennai Mall,2026-06-20,17,5,150,140,10,34,98.0,93.33,HIGH
Chennai Mall,2026-06-20,18,5,150,138,12,50,96.66,92.0,HIGH
Chennai Mall,2026-06-20,19,5,150,145,5,54,95.43,96.67,HIGH
Chennai Mall,2026-06-20,20,5,150,146,4,69,89.44,97.33,HIGH
Chennai Mall,2026-06-20,21,5,150,138,12,30,94.51,92.0,HIGH
Chennai Mall,2026-06-20,22,5,150,62,88,15,41.87,41.33,LOW
Chennai Mall,2026-06-20,23,5,150,62,88,22,41.45,41.33,LOW
T Nagar Commercial Hub,2026-06-20,0,5,120,33,87,15,27.96,27.5,LOW
T Nagar Commercial Hub,2026-06-20,1,5,120,23,97,10,18.12,19.17,LOW
T Nagar Commercial Hub,2026-06-20,2,5,120,54,66,21,45.22,45.0,LOW
T Nagar Commercial Hub,2026-06-20,3,5,120,29,91,6,25.97,24.17,LOW
T Nagar Commercial Hub,2026-06-20,4,5,120,49,71,18,25.57,40.83,LOW
T Nagar Commercial Hub,2026-06-20,5,5,120,19,101,6,13.1,15.83,LOW
T Nagar Commercial Hub,2026-06-20,6,5,120,55,65,26,34.45,45.83,LOW
T Nagar Commercial Hub,2026-06-20,7,5,120,48,72,10,43.69,40.0,LOW
T Nagar Commercial Hub,2026-06-20,8,5,120,29,91,11,21.56,24.17,LOW
T Nagar Commercial Hub,2026-06-20,9,5,120,26,94,12,21.27,21.67,LOW
T Nagar Commercial Hub,2026-06-20,10,5,120,50,70,13,38.26,41.67,LOW
T Nagar Commercial Hub,2026-06-20,11,5,120,104,16,44,90.53,86.67,HIGH
T Nagar Commercial Hub,2026-06-20,12,5,120,113,7,30,90.36,94.17,HIGH
T Nagar Commercial Hub,2026-06-20,13,5,120,110,10,47,98.0,91.67,HIGH
T Nagar Commercial Hub,2026-06-20,14,5,120,109,11,54,91.03,90.83,HIGH
T Nagar Commercial Hub,2026-06-20,15,5,120,99,21,26,84.66,82.5,HIGH
T Nagar Commercial Hub,2026-06-20,16,5,120,110,10,28,96.24,91.67,HIGH
T Nagar Commercial Hub,2026-06-20,17,5,120,96,24,26,83.2,80.0,HIGH
T Nagar Commercial Hub,2026-06-20,18,5,120,112,8,49,92.13,93.33,HIGH
T Nagar Commercial Hub,2026-06-20,19,5,120,108,12,43,89.81,90.0,HIGH
T Nagar Commercial Hub,2026-06-20,20,5,120,109,11,47,85.74,90.83,HIGH
T Nagar Commercial Hub,2026-06-20,21,5,120,104,16,22,81.53,86.67,HIGH
T Nagar Commercial Hub,2026-06-20,22,5,120,27,93,12,30.18,22.5,LOW
T Nagar Commercial Hub,2026-06-20,23,5,120,48,72,20,32.78,40.0,LOW
Velachery Metro Station,2026-06-20,0,5,200,64,136,31,24.57,32.0,LOW
Velachery Metro Station,2026-06-20,1,5,200,82,118,27,34.5,41.0,LOW
Velachery Metro Station,2026-06-20,2,5,200,76,124,34,46.43,38.0,LOW
Velachery Metro Station,2026-06-20,3,5,200,77,123,35,43.4,38.5,LOW
Velachery Metro Station,2026-06-20,4,5,200,96,104,27,42.43,48.0,LOW
Velachery Metro Station,2026-06-20,5,5,200,81,119,38,44.8,40.5,LOW
Velachery Metro Station,2026-06-20,6,5,200,50,150,15,32.49,25.0,LOW
Velachery Metro Station,2026-06-20,7,5,200,52,148,19,19.81,26.0,LOW
Velachery Metro Station,2026-06-20,8,5,200,53,147,11,28.65,26.5,LOW
Velachery Metro Station,2026-06-20,9,5,200,75,125,36,39.64,37.5,LOW
Velachery Metro Station,2026-06-20,10,5,200,90,110,26,50.51,45.0,LOW
Velachery Metro Station,2026-06-20,11,5,200,60,140,15,19.17,30.0,LOW
Velachery Metro Station,2026-06-20,12,5,200,46,154,17,26.82,23.0,LOW
Velachery Metro Station,2026-06-20,13,5,200,100,100,38,53.66,50.0,MEDIUM
Velachery Metro Station,2026-06-20,14,5,200,67,133,29,33.58,33.5,LOW
Velachery Metro Station,2026-06-20,15,5,200,49,151,12,24.87,24.5,LOW
Velachery Metro Station,2026-06-20,16,5,200,51,149,23,22.94,25.5,LOW
Velachery Metro Station,2026-06-20,17,5,200,61,139,18,33.12,30.5,LOW
Velachery Metro Station,2026-06-20,18,5,200,42,158,16,33.79,21.0,LOW
Velachery Metro Station,2026-06-20,19,5,200,99,101,47,46.7,49.5,LOW
Velachery Metro Station,2026-06-20,20,5,200,66,134,25,24.57,33.0,LOW
Velachery Metro Station,2026-06-20,21,5,200,47,153,15,14.06,23.5,LOW
Velachery Metro Station,2026-06-20,22,5,200,51,149,18,25.74,25.5,LOW
Velachery Metro Station,2026-06-20,23,5,200,82,118,36,32.27,41.0,LOW
OMR IT Park,2026-06-20,0,5,300,16,284,5,7.21,5.33,LOW
OMR IT Park,2026-06-20,1,5,300,33,267,16,6.66,11.0,LOW
OMR IT Park,2026-06-20,2,5,300,52,248,17,10.1,17.33,LOW
OMR IT Park,2026-06-20,3,5,300,41,259,9,11.71,13.67,LOW
OMR IT Park,2026-06-20,4,5,300,47,253,14,20.55,15.67,LOW
OMR IT Park,2026-06-20,5,5,300,22,278,8,15.83,7.33,LOW
OMR IT Park,2026-06-20,6,5,300,30,270,14,8.62,10.0,LOW
OMR IT Park,2026-06-20,7,5,300,24,276,9,11.62,8.0,LOW
OMR IT Park,2026-06-20,8,5,300,27,273,7,8.0,9.0,LOW
OMR IT Park,2026-06-20,9,5,300,49,251,11,15.28,16.33,LOW
OMR IT Park,2026-06-20,10,5,300,27,273,9,5.0,9.0,LOW
OMR IT Park,2026-06-20,11,5,300,34,266,11,10.68,11.33,LOW
OMR IT Park,2026-06-20,12,5,300,30,270,11,5.64,10.0,LOW
OMR IT Park,2026-06-20,13,5,300,34,266,10,6.01,11.33,LOW
OMR IT Park,2026-06-20,14,5,300,44,256,14,19.61,14.67,LOW
OMR IT Park,2026-06-20,15,5,300,36,264,9,19.86,12.0,LOW
OMR IT Park,2026-06-20,16,5,300,46,254,12,28.29,15.33,LOW
OMR IT Park,2026-06-20,17,5,300,30,270,10,12.89,10.0,LOW
OMR IT Park,2026-06-20,18,5,300,33,267,8,18.59,11.0,LOW
OMR IT Park,2026-06-20,19,5,300,53,247,24,18.6,17.67,LOW
OMR IT Park,2026-06-20,20,5,300,50,250,20,5.3,16.67,LOW
OMR IT Park,2026-06-20,21,5,300,45,255,20,9.43,15.0,LOW
OMR IT Park,2026-06-20,22,5,300,31,269,7,13.14,10.33,LOW
OMR IT Park,2026-06-20,23,5,300,32,268,14,9.59,10.67,LOW
Anna Nagar Center,2026-06-20,0,5,100,28,72,14,31.84,28.0,LOW
Anna Nagar Center,2026-06-20,1,5,100,24,76,11,19.47,24.0,LOW
Anna Nagar Center,2026-06-20,2,5,100,42,58,18,46.59,42.0,LOW
Anna Nagar Center,2026-06-20,3,5,100,35,65,17,39.5,35.0,LOW
Anna Nagar Center,2026-06-20,4,5,100,33,67,13,39.88,33.0,LOW
Anna Nagar Center,2026-06-20,5,5,100,20,80,5,16.49,20.0,LOW
Anna Nagar Center,2026-06-20,6,5,100,25,75,8,29.02,25.0,LOW
Anna Nagar Center,2026-06-20,7,5,100,33,67,14,27.69,33.0,LOW
Anna Nagar Center,2026-06-20,8,5,100,27,73,8,32.96,27.0,LOW
Anna Nagar Center,2026-06-20,9,5,100,33,67,7,40.08,33.0,LOW
Anna Nagar Center,2026-06-20,10,5,100,16,84,7,14.32,16.0,LOW
Anna Nagar Center,2026-06-20,11,5,100,13,87,4,19.91,13.0,LOW
Anna Nagar Center,2026-06-20,12,5,100,83,17,19,80.35,83.0,HIGH
Anna Nagar Center,2026-06-20,13,5,100,81,19,23,85.03,81.0,HIGH
Anna Nagar Center,2026-06-20,14,5,100,78,22,39,83.04,78.0,MEDIUM
Anna Nagar Center,2026-06-20,15,5,100,69,31,29,62.59,69.0,MEDIUM
Anna Nagar Center,2026-06-20,16,5,100,84,16,40,75.71,84.0,HIGH
Anna Nagar Center,2026-06-20,17,5,100,87,13,18,88.69,87.0,HIGH
Anna Nagar Center,2026-06-20,18,5,100,71,29,25,76.62,71.0,MEDIUM
Anna Nagar Center,2026-06-20,19,5,100,71,29,34,75.13,71.0,MEDIUM
Anna Nagar Center,2026-06-20,20,5,100,91,9,19,89.8,91.0,HIGH
Anna Nagar Center,2026-06-20,21,5,100,88,12,20,90.17,88.0,HIGH
Anna Nagar Center,2026-06-20,22,5,100,79,21,36,80.26,79.0,MEDIUM
Anna Nagar Center,2026-06-20,23,5,100,25,75,10,17.74,25.0,LOW
Guindy Corporate Park,2026-06-20,0,5,180,34,146,12,18.09,18.89,LOW
Guindy Corporate Park,2026-06-20,1,5,180,21,159,9,12.98,11.67,LOW
Guindy Corporate Park,2026-06-20,2,5,180,38,142,8,28.98,21.11,LOW
Guindy Corporate Park,2026-06-20,3,5,180,7,173,2,5.0,3.89,LOW
Guindy Corporate Park,2026-06-20,4,5,180,12,168,3,5.0,6.67,LOW
Guindy Corporate Park,2026-06-20,5,5,180,12,168,4,15.57,6.67,LOW
Guindy Corporate Park,2026-06-20,6,5,180,25,155,10,20.68,13.89,LOW
Guindy Corporate Park,2026-06-20,7,5,180,33,147,13,25.2,18.33,LOW
Guindy Corporate Park,2026-06-20,8,5,180,16,164,6,7.87,8.89,LOW
Guindy Corporate Park,2026-06-20,9,5,180,31,149,12,19.38,17.22,LOW
Guindy Corporate Park,2026-06-20,10,5,180,21,159,6,5.84,11.67,LOW
Guindy Corporate Park,2026-06-20,11,5,180,14,166,5,8.99,7.78,LOW
Guindy Corporate Park,2026-06-20,12,5,180,30,150,12,14.76,16.67,LOW
Guindy Corporate Park,2026-06-20,13,5,180,19,161,7,12.46,10.56,LOW
Guindy Corporate Park,2026-06-20,14,5,180,41,139,16,21.54,22.78,LOW
Guindy Corporate Park,2026-06-20,15,5,180,31,149,8,17.96,17.22,LOW
Guindy Corporate Park,2026-06-20,16,5,180,17,163,3,15.96,9.44,LOW
Guindy Corporate Park,2026-06-20,17,5,180,11,169,4,8.12,6.11,LOW
Guindy Corporate Park,2026-06-20,18,5,180,13,167,4,5.52,7.22,LOW
Guindy Corporate Park,2026-06-20,19,5,180,9,171,4,5.0,5.0,LOW
Guindy Corporate Park,2026-06-20,20,5,180,21,159,10,23.53,11.67,LOW
Guindy Corporate Park,2026-06-20,21,5,180,32,148,12,16.54,17.78,LOW
Guindy Corporate Park,2026-06-20,22,5,180,22,158,8,5.0,12.22,LOW
Guindy Corporate Park,2026-06-20,23,5,180,21,159,6,10.23,11.67,LOW
Chennai Mall,2026-06-21,0,6,150,28,122,6,21.99,18.67,LOW
Chennai Mall,2026-06-21,1,6,150,22,128,6,12.09,14.67,LOW
Chennai Mall,2026-06-21,2,6,150,34,116,11,15.8,22.67,LOW
Chennai Mall,2026-06-21,3,6,150,28,122,6,13.98,18.67,LOW
Chennai Mall,2026-06-21,4,6,150,12,138,5,8.03,8.0,LOW
Chennai Mall,2026-06-21,5,6,150,31,119,7,27.26,20.67,LOW
Chennai Mall,2026-06-21,6,6,150,3,147,1,5.0,2.0,LOW
Chennai Mall,2026-06-21,7,6,150,15,135,6,5.0,10.0,LOW
Chennai Mall,2026-06-21,8,6,150,27,123,6,15.33,18.0,LOW
Chennai Mall,2026-06-21,9,6,150,24,126,10,8.28,16.0,LOW
Chennai Mall,2026-06-21,10,6,150,18,132,8,12.46,12.0,LOW
Chennai Mall,2026-06-21,11,6,150,116,34,38,78.44,77.33,MEDIUM
Chennai Mall,2026-06-21,12,6,150,110,40,23,75.62,73.33,MEDIUM
Chennai Mall,2026-06-21,13,6,150,108,42,49,65.39,72.0,MEDIUM
Chennai Mall,2026-06-21,14,6,150,109,41,40,73.71,72.67,MEDIUM
Chennai Mall,2026-06-21,15,6,150,129,21,33,92.83,86.0,HIGH
Chennai Mall,2026-06-21,16,6,150,141,9,63,87.46,94.0,HIGH
Chennai Mall,2026-06-21,17,6,150,138,12,63,95.11,92.0,HIGH
Chennai Mall,2026-06-21,18,6,150,132,18,33,91.26,88.0,HIGH
Chennai Mall,2026-06-21,19,6,150,123,27,49,85.53,82.0,HIGH
Chennai Mall,2026-06-21,20,6,150,139,11,69,86.4,92.67,HIGH
Chennai Mall,2026-06-21,21,6,150,142,8,38,98.0,94.67,HIGH
Chennai Mall,2026-06-21,22,6,150,55,95,15,39.87,36.67,LOW
Chennai Mall,2026-06-21,23,6,150,52,98,11,29.65,34.67,LOW
T Nagar Commercial Hub,2026-06-21,0,6,120,46,74,19,39.98,38.33,LOW
T Nagar Commercial Hub,2026-06-21,1,6,120,31,89,11,19.05,25.83,LOW
T Nagar Commercial Hub,2026-06-21,2,6,120,37,83,11,33.33,30.83,LOW
T Nagar Commercial Hub,2026-06-21,3,6,120,24,96,7,20.06,20.0,LOW
T Nagar Commercial Hub,2026-06-21,4,6,120,21,99,6,12.36,17.5,LOW
T Nagar Commercial Hub,2026-06-21,5,6,120,44,76,22,43.26,36.67,LOW
T Nagar Commercial Hub,2026-06-21,6,6,120,18,102,5,16.61,15.0,LOW
T Nagar Commercial Hub,2026-06-21,7,6,120,30,90,9,23.92,25.0,LOW
T Nagar Commercial Hub,2026-06-21,8,6,120,35,85,16,39.88,29.17,LOW
T Nagar Commercial Hub,2026-06-21,9,6,120,46,74,13,35.08,38.33,LOW
T Nagar Commercial Hub,2026-06-21,10,6,120,32,88,9,28.05,26.67,LOW
T Nagar Commercial Hub,2026-06-21,11,6,120,108,12,22,84.61,90.0,HIGH
T Nagar Commercial Hub,2026-06-21,12,6,120,100,20,23,92.33,83.33,HIGH
T Nagar Commercial Hub,2026-06-21,13,6,120,108,12,49,81.95,90.0,HIGH
T Nagar Commercial Hub,2026-06-21,14,6,120,112,8,53,98.0,93.33,HIGH
T Nagar Commercial Hub,2026-06-21,15,6,120,109,11,37,97.41,90.83,HIGH
T Nagar Commercial Hub,2026-06-21,16,6,120,100,20,23,94.76,83.33,HIGH
T Nagar Commercial Hub,2026-06-21,17,6,120,104,16,38,83.29,86.67,HIGH
T Nagar Commercial Hub,2026-06-21,18,6,120,114,6,38,82.93,95.0,HIGH
T Nagar Commercial Hub,2026-06-21,19,6,120,110,10,32,88.6,91.67,HIGH
T Nagar Commercial Hub,2026-06-21,20,6,120,103,17,47,76.02,85.83,HIGH
T Nagar Commercial Hub,2026-06-21,21,6,120,107,13,31,89.66,89.17,HIGH
T Nagar Commercial Hub,2026-06-21,22,6,120,36,84,8,24.54,30.0,LOW
T Nagar Commercial Hub,2026-06-21,23,6,120,32,88,10,33.47,26.67,LOW
Velachery Metro Station,2026-06-21,0,6,200,71,129,25,29.46,35.5,LOW
Velachery Metro Station,2026-06-21,1,6,200,98,102,38,45.07,49.0,LOW
Velachery Metro Station,2026-06-21,2,6,200,35,165,11,16.27,17.5,LOW
Velachery Metro Station,2026-06-21,3,6,200,53,147,20,25.51,26.5,LOW
Velachery Metro Station,2026-06-21,4,6,200,52,148,18,26.89,26.0,LOW
Velachery Metro Station,2026-06-21,5,6,200,86,114,32,56.64,43.0,LOW
Velachery Metro Station,2026-06-21,6,6,200,94,106,41,48.43,47.0,LOW
Velachery Metro Station,2026-06-21,7,6,200,48,152,16,18.88,24.0,LOW
Velachery Metro Station,2026-06-21,8,6,200,72,128,18,25.46,36.0,LOW
Velachery Metro Station,2026-06-21,9,6,200,71,129,33,35.22,35.5,LOW
Velachery Metro Station,2026-06-21,10,6,200,44,156,15,15.21,22.0,LOW
Velachery Metro Station,2026-06-21,11,6,200,35,165,12,28.52,17.5,LOW
Velachery Metro Station,2026-06-21,12,6,200,64,136,30,21.37,32.0,LOW
Velachery Metro Station,2026-06-21,13,6,200,46,154,23,25.14,23.0,LOW
Velachery Metro Station,2026-06-21,14,6,200,96,104,39,44.03,48.0,LOW
Velachery Metro Station,2026-06-21,15,6,200,89,111,38,51.73,44.5,LOW
Velachery Metro Station,2026-06-21,16,6,200,51,149,25,26.29,25.5,LOW
Velachery Metro Station,2026-06-21,17,6,200,43,157,21,31.02,21.5,LOW
Velachery Metro Station,2026-06-21,18,6,200,63,137,21,32.02,31.5,LOW
Velachery Metro Station,2026-06-21,19,6,200,65,135,28,32.34,32.5,LOW
Velachery Metro Station,2026-06-21,20,6,200,52,148,19,31.24,26.0,LOW
Velachery Metro Station,2026-06-21,21,6,200,93,107,35,41.9,46.5,LOW
Velachery Metro Station,2026-06-21,22,6,200,92,108,41,40.71,46.0,LOW
Velachery Metro Station,2026-06-21,23,6,200,38,162,16,15.03,19.0,LOW
OMR IT Park,2026-06-21,0,6,300,53,247,24,27.3,17.67,LOW
OMR IT Park,2026-06-21,1,6,300,15,285,6,7.54,5.0,LOW
OMR IT Park,2026-06-21,2,6,300,23,277,5,5.0,7.67,LOW
OMR IT Park,2026-06-21,3,6,300,13,287,6,15.34,4.33,LOW
OMR IT Park,2026-06-21,4,6,300,47,253,24,14.51,15.67,LOW
OMR IT Park,2026-06-21,5,6,300,29,271,10,16.78,9.67,LOW
OMR IT Park,2026-06-21,6,6,300,49,251,16,14.13,16.33,LOW
OMR IT Park,2026-06-21,7,6,300,53,247,12,14.74,17.67,LOW
OMR IT Park,2026-06-21,8,6,300,23,277,9,14.26,7.67,LOW
OMR IT Park,2026-06-21,9,6,300,23,277,10,11.23,7.67,LOW
OMR IT Park,2026-06-21,10,6,300,29,271,14,22.95,9.67,LOW
OMR IT Park,2026-06-21,11,6,300,34,266,16,28.36,11.33,LOW
OMR IT Park,2026-06-21,12,6,300,21,279,6,5.0,7.0,LOW
OMR IT Park,2026-06-21,13,6,300,22,278,10,12.54,7.33,LOW
OMR IT Park,2026-06-21,14,6,300,56,244,13,8.69,18.67,LOW
OMR IT Park,2026-06-21,15,6,300,41,259,12,11.24,13.67,LOW
OMR IT Park,2026-06-21,16,6,300,30,270,13,5.07,10.0,LOW
OMR IT Park,2026-06-21,17,6,300,50,250,23,8.01,16.67,LOW
OMR IT Park,2026-06-21,18,6,300,15,285,6,7.43,5.0,LOW
OMR IT Park,2026-06-21,19,6,300,51,249,12,14.56,17.0,LOW
OMR IT Park,2026-06-21,20,6,300,43,257,11,11.04,14.33,LOW
OMR IT Park,2026-06-21,21,6,300,40,260,17,15.04,13.33,LOW
OMR IT Park,2026-06-21,22,6,300,12,288,4,6.49,4.0,LOW
OMR IT Park,2026-06-21,23,6,300,23,277,8,20.25,7.67,LOW
Anna Nagar Center,2026-06-21,0,6,100,22,78,10,20.37,22.0,LOW
Anna Nagar Center,2026-06-21,1,6,100,26,74,11,27.53,26.0,LOW
Anna Nagar Center,2026-06-21,2,6,100,24,76,10,22.77,24.0,LOW
Anna Nagar Center,2026-06-21,3,6,100,18,82,8,16.95,18.0,LOW
Anna Nagar Center,2026-06-21,4,6,100,20,80,7,18.58,20.0,LOW
Anna Nagar Center,2026-06-21,5,6,100,38,62,12,43.17,38.0,LOW
Anna Nagar Center,2026-06-21,6,6,100,28,72,10,21.82,28.0,LOW
Anna Nagar Center,2026-06-21,7,6,100,14,86,6,10.33,14.0,LOW
Anna Nagar Center,2026-06-21,8,6,100,25,75,12,10.41,25.0,LOW
Anna Nagar Center,2026-06-21,9,6,100,23,77,10,17.58,23.0,LOW
Anna Nagar Center,2026-06-21,10,6,100,17,83,4,17.51,17.0,LOW
Anna Nagar Center,2026-06-21,11,6,100,30,70,11,24.69,30.0,LOW
Anna Nagar Center,2026-06-21,12,6,100,80,20,17,66.99,80.0,HIGH
Anna Nagar Center,2026-06-21,13,6,100,93,7,42,95.9,93.0,HIGH
Anna Nagar Center,2026-06-21,14,6,100,93,7,38,81.73,93.0,HIGH
Anna Nagar Center,2026-06-21,15,6,100,88,12,32,79.45,88.0,HIGH
Anna Nagar Center,2026-06-21,16,6,100,89,11,35,88.02,89.0,HIGH
Anna Nagar Center,2026-06-21,17,6,100,80,20,22,90.95,80.0,HIGH
Anna Nagar Center,2026-06-21,18,6,100,76,24,37,76.85,76.0,MEDIUM
Anna Nagar Center,2026-06-21,19,6,100,74,26,16,75.69,74.0,MEDIUM
Anna Nagar Center,2026-06-21,20,6,100,89,11,36,79.87,89.0,HIGH
Anna Nagar Center,2026-06-21,21,6,100,80,20,23,85.54,80.0,HIGH
Anna Nagar Center,2026-06-21,22,6,100,89,11,19,90.55,89.0,HIGH
Anna Nagar Center,2026-06-21,23,6,100,11,89,5,21.98,11.0,LOW
Guindy Corporate Park,2026-06-21,0,6,180,23,157,11,10.98,12.78,LOW
Guindy Corporate Park,2026-06-21,1,6,180,40,140,10,17.97,22.22,LOW
Guindy Corporate Park,2026-06-21,2,6,180,24,156,5,20.87,13.33,LOW
Guindy Corporate Park,2026-06-21,3,6,180,32,148,7,11.04,17.78,LOW
Guindy Corporate Park,2026-06-21,4,6,180,29,151,7,15.5,16.11,LOW
Guindy Corporate Park,2026-06-21,5,6,180,40,140,14,23.57,22.22,LOW
Guindy Corporate Park,2026-06-21,6,6,180,23,157,6,7.31,12.78,LOW
Guindy Corporate Park,2026-06-21,7,6,180,33,147,8,26.31,18.33,LOW
Guindy Corporate Park,2026-06-21,8,6,180,29,151,8,15.64,16.11,LOW
Guindy Corporate Park,2026-06-21,9,6,180,20,160,5,18.53,11.11,LOW
Guindy Corporate Park,2026-06-21,10,6,180,17,163,5,15.57,9.44,LOW
Guindy Corporate Park,2026-06-21,11,6,180,32,148,8,21.76,17.78,LOW
Guindy Corporate Park,2026-06-21,12,6,180,20,160,9,9.62,11.11,LOW
Guindy Corporate Park,2026-06-21,13,6,180,27,153,12,17.6,15.0,LOW
Guindy Corporate Park,2026-06-21,14,6,180,18,162,7,5.96,10.0,LOW
Guindy Corporate Park,2026-06-21,15,6,180,18,162,5,10.93,10.0,LOW
Guindy Corporate Park,2026-06-21,16,6,180,6,174,2,5.0,3.33,LOW
Guindy Corporate Park,2026-06-21,17,6,180,4,176,2,11.84,2.22,LOW
Guindy Corporate Park,2026-06-21,18,6,180,12,168,4,7.64,6.67,LOW
Guindy Corporate Park,2026-06-21,19,6,180,6,174,2,5.73,3.33,LOW
Guindy Corporate Park,2026-06-21,20,6,180,31,149,14,9.78,17.22,LOW
Guindy Corporate Park,2026-06-21,21,6,180,31,149,15,17.6,17.22,LOW
Guindy Corporate Park,2026-06-21,22,6,180,27,153,11,12.74,15.0,LOW
Guindy Corporate Park,2026-06-21,23,6,180,31,149,8,15.46,17.22,LOW
Chennai Mall,2026-06-22,0,0,150,30,120,12,17.45,20.0,LOW
Chennai Mall,2026-06-22,1,0,150,18,132,8,5.0,12.0,LOW
Chennai Mall,2026-06-22,2,0,150,38,112,17,23.36,25.33,LOW
Chennai Mall,2026-06-22,3,0,150,41,109,10,22.26,27.33,LOW
Chennai Mall,2026-06-22,4,0,150,15,135,4,7.8,10.0,LOW
Chennai Mall,2026-06-22,5,0,150,33,117,9,15.07,22.0,LOW
Chennai Mall,2026-06-22,6,0,150,25,125,6,9.35,16.67,LOW
Chennai Mall,2026-06-22,7,0,150,20,130,5,5.0,13.33,LOW
Chennai Mall,2026-06-22,8,0,150,12,138,3,11.14,8.0,LOW
Chennai Mall,2026-06-22,9,0,150,30,120,13,19.28,20.0,LOW
Chennai Mall,2026-06-22,10,0,150,19,131,7,16.17,12.67,LOW
Chennai Mall,2026-06-22,11,0,150,15,135,4,5.0,10.0,LOW
Chennai Mall,2026-06-22,12,0,150,94,56,23,45.31,62.67,MEDIUM
Chennai Mall,2026-06-22,13,0,150,66,84,15,43.71,44.0,LOW
Chennai Mall,2026-06-22,14,0,150,71,79,23,52.45,47.33,LOW
Chennai Mall,2026-06-22,15,0,150,67,83,31,42.26,44.67,LOW
Chennai Mall,2026-06-22,16,0,150,34,116,9,22.5,22.67,LOW
Chennai Mall,2026-06-22,17,0,150,125,25,37,78.17,83.33,HIGH
Chennai Mall,2026-06-22,18,0,150,119,31,26,84.51,79.33,MEDIUM
Chennai Mall,2026-06-22,19,0,150,121,29,59,71.01,80.67,HIGH
Chennai Mall,2026-06-22,20,0,150,124,26,29,73.88,82.67,HIGH
Chennai Mall,2026-06-22,21,0,150,107,43,22,73.77,71.33,MEDIUM
Chennai Mall,2026-06-22,22,0,150,41,109,19,27.87,27.33,LOW
Chennai Mall,2026-06-22,23,0,150,39,111,16,29.57,26.0,LOW
T Nagar Commercial Hub,2026-06-22,0,0,120,15,105,7,11.22,12.5,LOW
T Nagar Commercial Hub,2026-06-22,1,0,120,17,103,5,20.52,14.17,LOW
T Nagar Commercial Hub,2026-06-22,2,0,120,25,95,6,16.65,20.83,LOW
T Nagar Commercial Hub,2026-06-22,3,0,120,16,104,7,18.7,13.33,LOW
T Nagar Commercial Hub,2026-06-22,4,0,120,22,98,7,17.87,18.33,LOW
T Nagar Commercial Hub,2026-06-22,5,0,120,10,110,2,5.0,8.33,LOW
T Nagar Commercial Hub,2026-06-22,6,0,120,2,118,1,11.23,1.67,LOW
T Nagar Commercial Hub,2026-06-22,7,0,120,7,113,2,7.1,5.83,LOW
T Nagar Commercial Hub,2026-06-22,8,0,120,17,103,8,22.71,14.17,LOW
T Nagar Commercial Hub,2026-06-22,9,0,120,7,113,2,5.93,5.83,LOW
T Nagar Commercial Hub,2026-06-22,10,0,120,83,37,39,53.58,69.17,MEDIUM
T Nagar Commercial Hub,2026-06-22,11,0,120,100,20,32,86.07,83.33,HIGH
T Nagar Commercial Hub,2026-06-22,12,0,120,87,33,32,71.86,72.5,MEDIUM
T Nagar Commercial Hub,2026-06-22,13,0,120,95,25,34,83.84,79.17,MEDIUM
T Nagar Commercial Hub,2026-06-22,14,0,120,96,24,25,80.26,80.0,HIGH
T Nagar Commercial Hub,2026-06-22,15,0,120,89,31,40,74.09,74.17,MEDIUM
T Nagar Commercial Hub,2026-06-22,16,0,120,77,43,18,64.66,64.17,MEDIUM
T Nagar Commercial Hub,2026-06-22,17,0,120,70,50,22,63.83,58.33,MEDIUM
T Nagar Commercial Hub,2026-06-22,18,0,120,101,19,35,80.82,84.17,HIGH
T Nagar Commercial Hub,2026-06-22,19,0,120,83,37,19,70.49,69.17,MEDIUM
T Nagar Commercial Hub,2026-06-22,20,0,120,67,53,32,50.97,55.83,MEDIUM
T Nagar Commercial Hub,2026-06-22,21,0,120,54,66,27,57.54,45.0,LOW
T Nagar Commercial Hub,2026-06-22,22,0,120,66,54,29,57.54,55.0,MEDIUM
T Nagar Commercial Hub,2026-06-22,23,0,120,12,108,3,7.29,10.0,LOW
Velachery Metro Station,2026-06-22,0,0,200,23,177,7,5.0,11.5,LOW
Velachery Metro Station,2026-06-22,1,0,200,29,171,13,10.45,14.5,LOW
Velachery Metro Station,2026-06-22,2,0,200,39,161,17,10.69,19.5,LOW
Velachery Metro Station,2026-06-22,3,0,200,23,177,5,5.0,11.5,LOW
Velachery Metro Station,2026-06-22,4,0,200,13,187,3,5.0,6.5,LOW
Velachery Metro Station,2026-06-22,5,0,200,12,188,3,6.71,6.0,LOW
Velachery Metro Station,2026-06-22,6,0,200,47,153,18,13.46,23.5,LOW
Velachery Metro Station,2026-06-22,7,0,200,168,32,75,90.06,84.0,HIGH
Velachery Metro Station,2026-06-22,8,0,200,175,25,60,89.95,87.5,HIGH
Velachery Metro Station,2026-06-22,9,0,200,193,7,51,90.53,96.5,HIGH
Velachery Metro Station,2026-06-22,10,0,200,177,23,85,84.53,88.5,HIGH
Velachery Metro Station,2026-06-22,11,0,200,153,47,36,81.32,76.5,MEDIUM
Velachery Metro Station,2026-06-22,12,0,200,144,56,63,77.19,72.0,MEDIUM
Velachery Metro Station,2026-06-22,13,0,200,171,29,58,84.76,85.5,HIGH
Velachery Metro Station,2026-06-22,14,0,200,170,30,54,83.72,85.0,HIGH
Velachery Metro Station,2026-06-22,15,0,200,158,42,78,86.08,79.0,MEDIUM
Velachery Metro Station,2026-06-22,16,0,200,167,33,70,85.52,83.5,HIGH
Velachery Metro Station,2026-06-22,17,0,200,184,16,53,85.58,92.0,HIGH
Velachery Metro Station,2026-06-22,18,0,200,190,10,44,90.02,95.0,HIGH
Velachery Metro Station,2026-06-22,19,0,200,186,14,67,98.0,93.0,HIGH
Velachery Metro Station,2026-06-22,20,0,200,171,29,37,82.22,85.5,HIGH
Velachery Metro Station,2026-06-22,21,0,200,110,90,34,53.79,55.0,MEDIUM
Velachery Metro Station,2026-06-22,22,0,200,101,99,42,40.46,50.5,MEDIUM
Velachery Metro Station,2026-06-22,23,0,200,96,104,27,43.31,48.0,LOW
OMR IT Park,2026-06-22,0,0,300,6,294,2,5.0,2.0,LOW
OMR IT Park,2026-06-22,1,0,300,13,287,3,5.0,4.33,LOW
OMR IT Park,2026-06-22,2,0,300,6,294,2,11.82,2.0,LOW
OMR IT Park,2026-06-22,3,0,300,29,271,11,5.0,9.67,LOW
OMR IT Park,2026-06-22,4,0,300,15,285,4,5.12,5.0,LOW
OMR IT Park,2026-06-22,5,0,300,19,281,5,12.12,6.33,LOW
OMR IT Park,2026-06-22,6,0,300,33,267,7,9.57,11.0,LOW
OMR IT Park,2026-06-22,7,0,300,11,289,2,5.0,3.67,LOW
OMR IT Park,2026-06-22,8,0,300,230,70,106,81.01,76.67,MEDIUM
OMR IT Park,2026-06-22,9,0,300,234,66,49,71.0,78.0,MEDIUM
OMR IT Park,2026-06-22,10,0,300,257,43,97,90.65,85.67,HIGH
OMR IT Park,2026-06-22,11,0,300,240,60,71,80.17,80.0,HIGH
OMR IT Park,2026-06-22,12,0,300,294,6,97,85.99,98.0,HIGH
OMR IT Park,2026-06-22,13,0,300,254,46,56,97.54,84.67,HIGH
OMR IT Park,2026-06-22,14,0,300,273,27,101,93.43,91.0,HIGH
OMR IT Park,2026-06-22,15,0,300,268,32,119,90.44,89.33,HIGH
OMR IT Park,2026-06-22,16,0,300,278,22,128,98.0,92.67,HIGH
OMR IT Park,2026-06-22,17,0,300,217,83,51,77.94,72.33,MEDIUM
OMR IT Park,2026-06-22,18,0,300,152,148,53,48.75,50.67,MEDIUM
OMR IT Park,2026-06-22,19,0,300,202,98,72,68.96,67.33,MEDIUM
OMR IT Park,2026-06-22,20,0,300,88,212,18,39.7,29.33,LOW
OMR IT Park,2026-06-22,21,0,300,37,263,17,18.31,12.33,LOW
OMR IT Park,2026-06-22,22,0,300,101,199,26,24.73,33.67,LOW
OMR IT Park,2026-06-22,23,0,300,39,261,9,6.47,13.0,LOW
Anna Nagar Center,2026-06-22,0,0,100,4,96,2,13.47,4.0,LOW
Anna Nagar Center,2026-06-22,1,0,100,7,93,3,12.76,7.0,LOW
Anna Nagar Center,2026-06-22,2,0,100,21,79,10,23.85,21.0,LOW
Anna Nagar Center,2026-06-22,3,0,100,8,92,3,5.0,8.0,LOW
Anna Nagar Center,2026-06-22,4,0,100,16,84,4,18.31,16.0,LOW
Anna Nagar Center,2026-06-22,5,0,100,24,76,8,14.29,24.0,LOW
Anna Nagar Center,2026-06-22,6,0,100,5,95,1,5.81,5.0,LOW
Anna Nagar Center,2026-06-22,7,0,100,13,87,5,8.48,13.0,LOW
Anna Nagar Center,2026-06-22,8,0,100,67,33,27,67.44,67.0,MEDIUM
Anna Nagar Center,2026-06-22,9,0,100,50,50,23,52.24,50.0,MEDIUM
Anna Nagar Center,2026-06-22,10,0,100,62,38,13,55.66,62.0,MEDIUM
Anna Nagar Center,2026-06-22,11,0,100,48,52,10,48.34,48.0,LOW
Anna Nagar Center,2026-06-22,12,0,100,74,26,29,78.93,74.0,MEDIUM
Anna Nagar Center,2026-06-22,13,0,100,67,33,26,60.26,67.0,MEDIUM
Anna Nagar Center,2026-06-22,14,0,100,67,33,18,65.56,67.0,MEDIUM
Anna Nagar Center,2026-06-22,15,0,100,75,25,25,64.61,75.0,MEDIUM
Anna Nagar Center,2026-06-22,16,0,100,57,43,12,61.32,57.0,MEDIUM
Anna Nagar Center,2026-06-22,17,0,100,62,38,23,60.96,62.0,MEDIUM
Anna Nagar Center,2026-06-22,18,0,100,87,13,27,92.38,87.0,HIGH
Anna Nagar Center,2026-06-22,19,0,100,69,31,34,66.54,69.0,MEDIUM
Anna Nagar Center,2026-06-22,20,0,100,72,28,18,75.93,72.0,MEDIUM
Anna Nagar Center,2026-06-22,21,0,100,64,36,20,66.73,64.0,MEDIUM
Anna Nagar Center,2026-06-22,22,0,100,2,98,1,5.94,2.0,LOW
Anna Nagar Center,2026-06-22,23,0,100,8,92,2,6.66,8.0,LOW
Guindy Corporate Park,2026-06-22,0,0,180,20,160,9,14.64,11.11,LOW
Guindy Corporate Park,2026-06-22,1,0,180,6,174,3,5.0,3.33,LOW
Guindy Corporate Park,2026-06-22,2,0,180,20,160,8,11.24,11.11,LOW
Guindy Corporate Park,2026-06-22,3,0,180,19,161,8,8.3,10.56,LOW
Guindy Corporate Park,2026-06-22,4,0,180,9,171,2,14.1,5.0,LOW
Guindy Corporate Park,2026-06-22,5,0,180,8,172,2,13.05,4.44,LOW
Guindy Corporate Park,2026-06-22,6,0,180,18,162,7,10.73,10.0,LOW
Guindy Corporate Park,2026-06-22,7,0,180,9,171,3,16.5,5.0,LOW
Guindy Corporate Park,2026-06-22,8,0,180,164,16,72,92.61,91.11,HIGH
Guindy Corporate Park,2026-06-22,9,0,180,156,24,52,85.5,86.67,HIGH
Guindy Corporate Park,2026-06-22,10,0,180,153,27,41,90.14,85.0,HIGH
Guindy Corporate Park,2026-06-22,11,0,180,171,9,66,94.84,95.0,HIGH
Guindy Corporate Park,2026-06-22,12,0,180,180,0,41,98.0,100.0,HIGH
Guindy Corporate Park,2026-06-22,13,0,180,160,20,34,91.78,88.89,HIGH
Guindy Corporate Park,2026-06-22,14,0,180,169,11,56,85.4,93.89,HIGH
Guindy Corporate Park,2026-06-22,15,0,180,158,22,52,86.04,87.78,HIGH
Guindy Corporate Park,2026-06-22,16,0,180,146,34,47,87.74,81.11,HIGH
Guindy Corporate Park,2026-06-22,17,0,180,147,33,72,71.17,81.67,HIGH
Guindy Corporate Park,2026-06-22,18,0,180,129,51,64,65.78,71.67,MEDIUM
Guindy Corporate Park,2026-06-22,19,0,180,100,80,24,56.82,55.56,MEDIUM
Guindy Corporate Park,2026-06-22,20,0,180,50,130,11,33.72,27.78,LOW
Guindy Corporate Park,2026-06-22,21,0,180,56,124,26,29.27,31.11,LOW
Guindy Corporate Park,2026-06-22,22,0,180,50,130,25,25.58,27.78,LOW
Guindy Corporate Park,2026-06-22,23,0,180,4,176,1,7.75,2.22,LOW
Chennai Mall,2026-06-23,0,1,150,34,116,11,23.47,22.67,LOW
Chennai Mall,2026-06-23,1,1,150,7,143,3,5.96,4.67,LOW
Chennai Mall,2026-06-23,2,1,150,17,133,7,7.3,11.33,LOW
Chennai Mall,2026-06-23,3,1,150,15,135,5,7.55,10.0,LOW
Chennai Mall,2026-06-23,4,1,150,22,128,7,16.78,14.67,LOW
Chennai Mall,2026-06-23,5,1,150,28,122,9,20.1,18.67,LOW
Chennai Mall,2026-06-23,6,1,150,37,113,14,21.76,24.67,LOW
Chennai Mall,2026-06-23,7,1,150,34,116,9,24.97,22.67,LOW
Chennai Mall,2026-06-23,8,1,150,19,131,7,6.44,12.67,LOW
Chennai Mall,2026-06-23,9,1,150,43,107,21,22.47,28.67,LOW
Chennai Mall,2026-06-23,10,1,150,34,116,10,15.19,22.67,LOW
Chennai Mall,2026-06-23,11,1,150,24,126,8,10.7,16.0,LOW
Chennai Mall,2026-06-23,12,1,150,87,63,21,52.75,58.0,MEDIUM
Chennai Mall,2026-06-23,13,1,150,85,65,25,53.42,56.67,MEDIUM
Chennai Mall,2026-06-23,14,1,150,67,83,19,50.13,44.67,LOW
Chennai Mall,2026-06-23,15,1,150,77,73,29,39.55,51.33,MEDIUM
Chennai Mall,2026-06-23,16,1,150,19,131,4,21.6,12.67,LOW
Chennai Mall,2026-06-23,17,1,150,122,28,39,85.77,81.33,HIGH
Chennai Mall,2026-06-23,18,1,150,124,26,26,78.63,82.67,HIGH
Chennai Mall,2026-06-23,19,1,150,122,28,55,78.0,81.33,HIGH
Chennai Mall,2026-06-23,20,1,150,114,36,37,77.25,76.0,MEDIUM
Chennai Mall,2026-06-23,21,1,150,104,46,47,72.71,69.33,MEDIUM
Chennai Mall,2026-06-23,22,1,150,35,115,9,27.19,23.33,LOW
Chennai Mall,2026-06-23,23,1,150,44,106,14,26.73,29.33,LOW
T Nagar Commercial Hub,2026-06-23,0,1,120,21,99,5,10.53,17.5,LOW
T Nagar Commercial Hub,2026-06-23,1,1,120,16,104,7,30.18,13.33,LOW
T Nagar Commercial Hub,2026-06-23,2,1,120,22,98,6,17.98,18.33,LOW
T Nagar Commercial Hub,2026-06-23,3,1,120,21,99,8,19.07,17.5,LOW
T Nagar Commercial Hub,2026-06-23,4,1,120,12,108,6,20.4,10.0,LOW
T Nagar Commercial Hub,2026-06-23,5,1,120,19,101,9,24.55,15.83,LOW
T Nagar Commercial Hub,2026-06-23,6,1,120,15,105,5,5.99,12.5,LOW
T Nagar Commercial Hub,2026-06-23,7,1,120,18,102,8,11.08,15.0,LOW
T Nagar Commercial Hub,2026-06-23,8,1,120,7,113,2,12.97,5.83,LOW
T Nagar Commercial Hub,2026-06-23,9,1,120,16,104,6,17.7,13.33,LOW
T Nagar Commercial Hub,2026-06-23,10,1,120,88,32,28,70.99,73.33,MEDIUM
T Nagar Commercial Hub,2026-06-23,11,1,120,95,25,41,88.4,79.17,MEDIUM
T Nagar Commercial Hub,2026-06-23,12,1,120,99,21,30,81.57,82.5,HIGH
T Nagar Commercial Hub,2026-06-23,13,1,120,103,17,37,84.1,85.83,HIGH
T Nagar Commercial Hub,2026-06-23,14,1,120,71,49,29,69.03,59.17,MEDIUM
T Nagar Commercial Hub,2026-06-23,15,1,120,88,32,36,76.52,73.33,MEDIUM
T Nagar Commercial Hub,2026-06-23,16,1,120,76,44,27,70.88,63.33,MEDIUM
T Nagar Commercial Hub,2026-06-23,17,1,120,72,48,26,64.06,60.0,MEDIUM
T Nagar Commercial Hub,2026-06-23,18,1,120,91,29,42,63.91,75.83,MEDIUM
T Nagar Commercial Hub,2026-06-23,19,1,120,73,47,15,65.09,60.83,MEDIUM
T Nagar Commercial Hub,2026-06-23,20,1,120,46,74,21,46.78,38.33,LOW
T Nagar Commercial Hub,2026-06-23,21,1,120,58,62,15,46.74,48.33,LOW
T Nagar Commercial Hub,2026-06-23,22,1,120,56,64,14,41.5,46.67,LOW
T Nagar Commercial Hub,2026-06-23,23,1,120,17,103,5,19.88,14.17,LOW
Velachery Metro Station,2026-06-23,0,1,200,6,194,3,5.0,3.0,LOW
Velachery Metro Station,2026-06-23,1,1,200,40,160,15,18.48,20.0,LOW
Velachery Metro Station,2026-06-23,2,1,200,56,144,19,20.83,28.0,LOW
Velachery Metro Station,2026-06-23,3,1,200,17,183,4,5.97,8.5,LOW
Velachery Metro Station,2026-06-23,4,1,200,29,171,7,5.0,14.5,LOW
Velachery Metro Station,2026-06-23,5,1,200,45,155,10,11.1,22.5,LOW
Velachery Metro Station,2026-06-23,6,1,200,22,178,10,9.4,11.0,LOW
Velachery Metro Station,2026-06-23,7,1,200,185,15,89,90.62,92.5,HIGH
Velachery Metro Station,2026-06-23,8,1,200,198,2,41,98.0,99.0,HIGH
Velachery Metro Station,2026-06-23,9,1,200,167,33,63,79.65,83.5,HIGH
Velachery Metro Station,2026-06-23,10,1,200,183,17,60,93.6,91.5,HIGH
Velachery Metro Station,2026-06-23,11,1,200,151,49,75,78.84,75.5,MEDIUM
Velachery Metro Station,2026-06-23,12,1,200,150,50,54,67.34,75.0,MEDIUM
Velachery Metro Station,2026-06-23,13,1,200,156,44,60,85.7,78.0,MEDIUM
Velachery Metro Station,2026-06-23,14,1,200,166,34,77,81.04,83.0,HIGH
Velachery Metro Station,2026-06-23,15,1,200,145,55,44,69.51,72.5,MEDIUM
Velachery Metro Station,2026-06-23,16,1,200,156,44,55,83.74,78.0,MEDIUM
Velachery Metro Station,2026-06-23,17,1,200,188,12,39,98.0,94.0,HIGH
Velachery Metro Station,2026-06-23,18,1,200,175,25,76,98.0,87.5,HIGH
Velachery Metro Station,2026-06-23,19,1,200,186,14,89,95.76,93.0,HIGH
Velachery Metro Station,2026-06-23,20,1,200,191,9,77,84.21,95.5,HIGH
Velachery Metro Station,2026-06-23,21,1,200,67,133,17,39.34,33.5,LOW
Velachery Metro Station,2026-06-23,22,1,200,70,130,31,42.58,35.0,LOW
Velachery Metro Station,2026-06-23,23,1,200,96,104,26,28.01,48.0,LOW
OMR IT Park,2026-06-23,0,1,300,6,294,2,5.0,2.0,LOW
OMR IT Park,2026-06-23,1,1,300,6,294,1,5.0,2.0,LOW
OMR IT Park,2026-06-23,2,1,300,7,293,2,5.0,2.33,LOW
OMR IT Park,2026-06-23,3,1,300,27,273,12,13.31,9.0,LOW
OMR IT Park,2026-06-23,4,1,300,29,271,10,6.04,9.67,LOW
OMR IT Park,2026-06-23,5,1,300,6,294,3,5.0,2.0,LOW
OMR IT Park,2026-06-23,6,1,300,6,294,2,5.0,2.0,LOW
OMR IT Park,2026-06-23,7,1,300,24,276,10,5.63,8.0,LOW
OMR IT Park,2026-06-23,8,1,300,238,62,76,79.78,79.33,MEDIUM
OMR IT Park,2026-06-23,9,1,300,281,19,73,95.11,93.67,HIGH
OMR IT Park,2026-06-23,10,1,300,245,55,99,87.39,81.67,HIGH
OMR IT Park,2026-06-23,11,1,300,267,33,100,94.48,89.0,HIGH
OMR IT Park,2026-06-23,12,1,300,257,43,55,86.75,85.67,HIGH
OMR IT Park,2026-06-23,13,1,300,268,32,87,91.04,89.33,HIGH
OMR IT Park,2026-06-23,14,1,300,234,66,99,76.9,78.0,MEDIUM
OMR IT Park,2026-06-23,15,1,300,279,21,134,94.26,93.0,HIGH
OMR IT Park,2026-06-23,16,1,300,280,20,95,85.67,93.33,HIGH
OMR IT Park,2026-06-23,17,1,300,180,120,40,65.3,60.0,MEDIUM
OMR IT Park,2026-06-23,18,1,300,223,77,76,76.34,74.33,MEDIUM
OMR IT Park,2026-06-23,19,1,300,158,142,39,48.54,52.67,MEDIUM
OMR IT Park,2026-06-23,20,1,300,36,264,9,14.02,12.0,LOW
OMR IT Park,2026-06-23,21,1,300,56,244,25,12.01,18.67,LOW
OMR IT Park,2026-06-23,22,1,300,67,233,15,24.09,22.33,LOW
OMR IT Park,2026-06-23,23,1,300,27,273,10,5.59,9.0,LOW
Anna Nagar Center,2026-06-23,0,1,100,14,86,4,10.97,14.0,LOW
Anna Nagar Center,2026-06-23,1,1,100,25,75,12,20.19,25.0,LOW
Anna Nagar Center,2026-06-23,2,1,100,26,74,7,38.76,26.0,LOW
Anna Nagar Center,2026-06-23,3,1,100,21,79,7,23.11,21.0,LOW
Anna Nagar Center,2026-06-23,4,1,100,16,84,5,8.14,16.0,LOW
Anna Nagar Center,2026-06-23,5,1,100,5,95,2,11.68,5.0,LOW
Anna Nagar Center,2026-06-23,6,1,100,14,86,4,13.45,14.0,LOW
Anna Nagar Center,2026-06-23,7,1,100,3,97,1,5.0,3.0,LOW
Anna Nagar Center,2026-06-23,8,1,100,56,44,17,51.78,56.0,MEDIUM
Anna Nagar Center,2026-06-23,9,1,100,57,43,26,56.44,57.0,MEDIUM
Anna Nagar Center,2026-06-23,10,1,100,55,45,24,42.97,55.0,MEDIUM
Anna Nagar Center,2026-06-23,11,1,100,61,39,26,57.73,61.0,MEDIUM
Anna Nagar Center,2026-06-23,12,1,100,72,28,27,66.23,72.0,MEDIUM
Anna Nagar Center,2026-06-23,13,1,100,84,16,21,87.82,84.0,HIGH
Anna Nagar Center,2026-06-23,14,1,100,71,29,19,77.0,71.0,MEDIUM
Anna Nagar Center,2026-06-23,15,1,100,78,22,24,85.37,78.0,MEDIUM
Anna Nagar Center,2026-06-23,16,1,100,69,31,23,61.55,69.0,MEDIUM
Anna Nagar Center,2026-06-23,17,1,100,62,38,28,65.56,62.0,MEDIUM
Anna Nagar Center,2026-06-23,18,1,100,82,18,26,88.86,82.0,HIGH
Anna Nagar Center,2026-06-23,19,1,100,79,21,17,84.91,79.0,MEDIUM
Anna Nagar Center,2026-06-23,20,1,100,81,19,34,72.36,81.0,HIGH
Anna Nagar Center,2026-06-23,21,1,100,76,24,28,73.8,76.0,MEDIUM
Anna Nagar Center,2026-06-23,22,1,100,18,82,8,14.61,18.0,LOW
Anna Nagar Center,2026-06-23,23,1,100,13,87,5,18.29,13.0,LOW
Guindy Corporate Park,2026-06-23,0,1,180,6,174,3,5.18,3.33,LOW
Guindy Corporate Park,2026-06-23,1,1,180,7,173,2,15.22,3.89,LOW
Guindy Corporate Park,2026-06-23,2,1,180,14,166,6,10.84,7.78,LOW
Guindy Corporate Park,2026-06-23,3,1,180,15,165,5,5.0,8.33,LOW
Guindy Corporate Park,2026-06-23,4,1,180,19,161,7,10.71,10.56,LOW
Guindy Corporate Park,2026-06-23,5,1,180,4,176,1,5.0,2.22,LOW
Guindy Corporate Park,2026-06-23,6,1,180,16,164,7,9.19,8.89,LOW
Guindy Corporate Park,2026-06-23,7,1,180,7,173,3,7.87,3.89,LOW
Guindy Corporate Park,2026-06-23,8,1,180,135,45,33,75.7,75.0,MEDIUM
Guindy Corporate Park,2026-06-23,9,1,180,128,52,52,71.12,71.11,MEDIUM
Guindy Corporate Park,2026-06-23,10,1,180,122,58,59,72.37,67.78,MEDIUM
Guindy Corporate Park,2026-06-23,11,1,180,177,3,37,90.14,98.33,HIGH
Guindy Corporate Park,2026-06-23,12,1,180,171,9,52,96.92,95.0,HIGH
Guindy Corporate Park,2026-06-23,13,1,180,155,25,53,76.29,86.11,HIGH
Guindy Corporate Park,2026-06-23,14,1,180,155,25,36,84.46,86.11,HIGH
Guindy Corporate Park,2026-06-23,15,1,180,172,8,52,89.39,95.56,HIGH
Guindy Corporate Park,2026-06-23,16,1,180,148,32,47,94.67,82.22,HIGH
Guindy Corporate Park,2026-06-23,17,1,180,106,74,39,64.39,58.89,MEDIUM
Guindy Corporate Park,2026-06-23,18,1,180,120,60,26,64.46,66.67,MEDIUM
Guindy Corporate Park,2026-06-23,19,1,180,104,76,48,55.55,57.78,MEDIUM
Guindy Corporate Park,2026-06-23,20,1,180,39,141,9,7.96,21.67,LOW
Guindy Corporate Park,2026-06-23,21,1,180,57,123,12,31.56,31.67,LOW
Guindy Corporate Park,2026-06-23,22,1,180,38,142,18,24.22,21.11,LOW
Guindy Corporate Park,2026-06-23,23,1,180,12,168,3,12.22,6.67,LOW
Chennai Mall,2026-06-24,0,2,150,17,133,5,17.44,11.33,LOW
Chennai Mall,2026-06-24,1,2,150,32,118,10,17.3,21.33,LOW
Chennai Mall,2026-06-24,2,2,150,11,139,5,5.71,7.33,LOW
Chennai Mall,2026-06-24,3,2,150,36,114,18,15.72,24.0,LOW
Chennai Mall,2026-06-24,4,2,150,30,120,14,15.97,20.0,LOW
Chennai Mall,2026-06-24,5,2,150,36,114,15,16.69,24.0,LOW
Chennai Mall,2026-06-24,6,2,150,8,142,2,13.02,5.33,LOW
Chennai Mall,2026-06-24,7,2,150,9,141,3,21.15,6.0,LOW
Chennai Mall,2026-06-24,8,2,150,18,132,8,5.0,12.0,LOW
Chennai Mall,2026-06-24,9,2,150,14,136,4,6.08,9.33,LOW
Chennai Mall,2026-06-24,10,2,150,32,118,9,30.03,21.33,LOW
Chennai Mall,2026-06-24,11,2,150,26,124,9,12.4,17.33,LOW
Chennai Mall,2026-06-24,12,2,150,57,93,20,49.28,38.0,LOW
Chennai Mall,2026-06-24,13,2,150,70,80,15,45.56,46.67,LOW
Chennai Mall,2026-06-24,14,2,150,67,83,21,42.99,44.67,LOW
Chennai Mall,2026-06-24,15,2,150,100,50,36,63.8,66.67,MEDIUM
Chennai Mall,2026-06-24,16,2,150,20,130,6,6.73,13.33,LOW
Chennai Mall,2026-06-24,17,2,150,123,27,28,85.17,82.0,HIGH
Chennai Mall,2026-06-24,18,2,150,134,16,29,86.45,89.33,HIGH
Chennai Mall,2026-06-24,19,2,150,121,29,28,77.73,80.67,HIGH
Chennai Mall,2026-06-24,20,2,150,110,40,53,69.22,73.33,MEDIUM
Chennai Mall,2026-06-24,21,2,150,136,14,64,85.47,90.67,HIGH
Chennai Mall,2026-06-24,22,2,150,39,111,13,24.77,26.0,LOW
Chennai Mall,2026-06-24,23,2,150,23,127,9,18.35,15.33,LOW
T Nagar Commercial Hub,2026-06-24,0,2,120,8,112,4,24.51,6.67,LOW
T Nagar Commercial Hub,2026-06-24,1,2,120,11,109,3,5.0,9.17,LOW
T Nagar Commercial Hub,2026-06-24,2,2,120,15,105,7,17.38,12.5,LOW
T Nagar Commercial Hub,2026-06-24,3,2,120,19,101,8,11.97,15.83,LOW
T Nagar Commercial Hub,2026-06-24,4,2,120,19,101,6,21.09,15.83,LOW
T Nagar Commercial Hub,2026-06-24,5,2,120,14,106,5,11.69,11.67,LOW
T Nagar Commercial Hub,2026-06-24,6,2,120,4,116,2,14.83,3.33,LOW
T Nagar Commercial Hub,2026-06-24,7,2,120,4,116,1,8.7,3.33,LOW
T Nagar Commercial Hub,2026-06-24,8,2,120,18,102,8,5.0,15.0,LOW
T Nagar Commercial Hub,2026-06-24,9,2,120,20,100,10,18.38,16.67,LOW
T Nagar Commercial Hub,2026-06-24,10,2,120,84,36,34,73.06,70.0,MEDIUM
T Nagar Commercial Hub,2026-06-24,11,2,120,83,37,22,68.89,69.17,MEDIUM
T Nagar Commercial Hub,2026-06-24,12,2,120,85,35,27,75.03,70.83,MEDIUM
T Nagar Commercial Hub,2026-06-24,13,2,120,92,28,44,72.76,76.67,MEDIUM
T Nagar Commercial Hub,2026-06-24,14,2,120,94,26,19,83.76,78.33,MEDIUM
T Nagar Commercial Hub,2026-06-24,15,2,120,80,40,30,60.34,66.67,MEDIUM
T Nagar Commercial Hub,2026-06-24,16,2,120,95,25,35,81.31,79.17,MEDIUM
T Nagar Commercial Hub,2026-06-24,17,2,120,89,31,43,76.01,74.17,MEDIUM
T Nagar Commercial Hub,2026-06-24,18,2,120,90,30,41,84.13,75.0,MEDIUM
T Nagar Commercial Hub,2026-06-24,19,2,120,72,48,16,52.18,60.0,MEDIUM
T Nagar Commercial Hub,2026-06-24,20,2,120,58,62,12,49.13,48.33,LOW
T Nagar Commercial Hub,2026-06-24,21,2,120,62,58,23,58.69,51.67,MEDIUM
T Nagar Commercial Hub,2026-06-24,22,2,120,57,63,27,39.82,47.5,LOW
T Nagar Commercial Hub,2026-06-24,23,2,120,15,105,7,17.81,12.5,LOW
Velachery Metro Station,2026-06-24,0,2,200,26,174,6,9.3,13.0,LOW
Velachery Metro Station,2026-06-24,1,2,200,13,187,4,6.99,6.5,LOW
Velachery Metro Station,2026-06-24,2,2,200,25,175,9,12.99,12.5,LOW
Velachery Metro Station,2026-06-24,3,2,200,17,183,7,7.82,8.5,LOW
Velachery Metro Station,2026-06-24,4,2,200,36,164,11,16.62,18.0,LOW
Velachery Metro Station,2026-06-24,5,2,200,4,196,1,8.66,2.0,LOW
Velachery Metro Station,2026-06-24,6,2,200,21,179,9,16.26,10.5,LOW
Velachery Metro Station,2026-06-24,7,2,200,182,18,80,91.42,91.0,HIGH
Velachery Metro Station,2026-06-24,8,2,200,185,15,46,97.04,92.5,HIGH
Velachery Metro Station,2026-06-24,9,2,200,195,5,56,90.71,97.5,HIGH
Velachery Metro Station,2026-06-24,10,2,200,178,22,65,81.55,89.0,HIGH
Velachery Metro Station,2026-06-24,11,2,200,178,22,76,80.37,89.0,HIGH
Velachery Metro Station,2026-06-24,12,2,200,143,57,44,60.26,71.5,MEDIUM
Velachery Metro Station,2026-06-24,13,2,200,145,55,60,79.21,72.5,MEDIUM
Velachery Metro Station,2026-06-24,14,2,200,186,14,41,92.71,93.0,HIGH
Velachery Metro Station,2026-06-24,15,2,200,176,24,87,78.08,88.0,HIGH
Velachery Metro Station,2026-06-24,16,2,200,159,41,35,89.25,79.5,MEDIUM
Velachery Metro Station,2026-06-24,17,2,200,193,7,73,90.02,96.5,HIGH
Velachery Metro Station,2026-06-24,18,2,200,180,20,53,81.01,90.0,HIGH
Velachery Metro Station,2026-06-24,19,2,200,188,12,51,81.36,94.0,HIGH
Velachery Metro Station,2026-06-24,20,2,200,189,11,65,98.0,94.5,HIGH
Velachery Metro Station,2026-06-24,21,2,200,96,104,43,52.57,48.0,LOW
Velachery Metro Station,2026-06-24,22,2,200,84,116,33,36.54,42.0,LOW
Velachery Metro Station,2026-06-24,23,2,200,113,87,51,56.14,56.5,MEDIUM
OMR IT Park,2026-06-24,0,2,300,12,288,3,9.08,4.0,LOW
OMR IT Park,2026-06-24,1,2,300,20,280,7,5.0,6.67,LOW
OMR IT Park,2026-06-24,2,2,300,33,267,9,5.0,11.0,LOW
OMR IT Park,2026-06-24,3,2,300,29,271,13,11.73,9.67,LOW
OMR IT Park,2026-06-24,4,2,300,24,276,10,5.81,8.0,LOW
OMR IT Park,2026-06-24,5,2,300,20,280,6,5.0,6.67,LOW
OMR IT Park,2026-06-24,6,2,300,12,288,2,11.45,4.0,LOW
OMR IT Park,2026-06-24,7,2,300,6,294,3,9.57,2.0,LOW
OMR IT Park,2026-06-24,8,2,300,264,36,83,89.52,88.0,HIGH
OMR IT Park,2026-06-24,9,2,300,241,59,104,77.53,80.33,HIGH
OMR IT Park,2026-06-24,10,2,300,275,25,62,98.0,91.67,HIGH
OMR IT Park,2026-06-24,11,2,300,237,63,91,69.9,79.0,MEDIUM
OMR IT Park,2026-06-24,12,2,300,241,59,58,86.06,80.33,HIGH
OMR IT Park,2026-06-24,13,2,300,285,15,101,98.0,95.0,HIGH
OMR IT Park,2026-06-24,14,2,300,251,49,57,82.84,83.67,HIGH
OMR IT Park,2026-06-24,15,2,300,252,48,100,87.4,84.0,HIGH
OMR IT Park,2026-06-24,16,2,300,255,45,74,98.0,85.0,HIGH
OMR IT Park,2026-06-24,17,2,300,161,139,65,55.48,53.67,MEDIUM
OMR IT Park,2026-06-24,18,2,300,198,102,58,73.03,66.0,MEDIUM
OMR IT Park,2026-06-24,19,2,300,156,144,69,49.92,52.0,MEDIUM
OMR IT Park,2026-06-24,20,2,300,101,199,27,37.86,33.67,LOW
OMR IT Park,2026-06-24,21,2,300,87,213,23,26.68,29.0,LOW
OMR IT Park,2026-06-24,22,2,300,68,232,23,23.01,22.67,LOW
OMR IT Park,2026-06-24,23,2,300,36,264,9,9.93,12.0,LOW
Anna Nagar Center,2026-06-24,0,2,100,5,95,2,20.36,5.0,LOW
Anna Nagar Center,2026-06-24,1,2,100,17,83,6,18.63,17.0,LOW
Anna Nagar Center,2026-06-24,2,2,100,4,96,1,5.0,4.0,LOW
Anna Nagar Center,2026-06-24,3,2,100,7,93,3,6.16,7.0,LOW
Anna Nagar Center,2026-06-24,4,2,100,17,83,5,20.8,17.0,LOW
Anna Nagar Center,2026-06-24,5,2,100,9,91,2,10.92,9.0,LOW
Anna Nagar Center,2026-06-24,6,2,100,12,88,5,14.0,12.0,LOW
Anna Nagar Center,2026-06-24,7,2,100,12,88,5,7.03,12.0,LOW
Anna Nagar Center,2026-06-24,8,2,100,63,37,27,65.58,63.0,MEDIUM
Anna Nagar Center,2026-06-24,9,2,100,49,51,14,45.01,49.0,LOW
Anna Nagar Center,2026-06-24,10,2,100,48,52,22,45.08,48.0,LOW
Anna Nagar Center,2026-06-24,11,2,100,59,41,18,68.74,59.0,MEDIUM
Anna Nagar Center,2026-06-24,12,2,100,78,22,27,74.3,78.0,MEDIUM
Anna Nagar Center,2026-06-24,13,2,100,85,15,18,95.96,85.0,HIGH
Anna Nagar Center,2026-06-24,14,2,100,77,23,25,86.1,77.0,MEDIUM
Anna Nagar Center,2026-06-24,15,2,100,83,17,40,81.46,83.0,HIGH
Anna Nagar Center,2026-06-24,16,2,100,59,41,14,62.77,59.0,MEDIUM
Anna Nagar Center,2026-06-24,17,2,100,43,57,12,37.02,43.0,LOW
Anna Nagar Center,2026-06-24,18,2,100,80,20,40,74.52,80.0,HIGH
Anna Nagar Center,2026-06-24,19,2,100,66,34,15,66.03,66.0,MEDIUM
Anna Nagar Center,2026-06-24,20,2,100,81,19,36,71.61,81.0,HIGH
Anna Nagar Center,2026-06-24,21,2,100,78,22,17,75.7,78.0,MEDIUM
Anna Nagar Center,2026-06-24,22,2,100,14,86,6,20.39,14.0,LOW
Anna Nagar Center,2026-06-24,23,2,100,21,79,8,27.91,21.0,LOW
Guindy Corporate Park,2026-06-24,0,2,180,22,158,4,6.6,12.22,LOW
Guindy Corporate Park,2026-06-24,1,2,180,8,172,3,5.92,4.44,LOW
Guindy Corporate Park,2026-06-24,2,2,180,15,165,7,7.29,8.33,LOW
Guindy Corporate Park,2026-06-24,3,2,180,8,172,2,13.26,4.44,LOW
Guindy Corporate Park,2026-06-24,4,2,180,14,166,6,5.0,7.78,LOW
Guindy Corporate Park,2026-06-24,5,2,180,4,176,1,6.79,2.22,LOW
Guindy Corporate Park,2026-06-24,6,2,180,4,176,1,5.0,2.22,LOW
Guindy Corporate Park,2026-06-24,7,2,180,8,172,4,7.18,4.44,LOW
Guindy Corporate Park,2026-06-24,8,2,180,127,53,53,78.94,70.56,MEDIUM
Guindy Corporate Park,2026-06-24,9,2,180,144,36,60,76.78,80.0,HIGH
Guindy Corporate Park,2026-06-24,10,2,180,147,33,64,76.03,81.67,HIGH
Guindy Corporate Park,2026-06-24,11,2,180,175,5,54,84.82,97.22,HIGH
Guindy Corporate Park,2026-06-24,12,2,180,148,32,49,90.69,82.22,HIGH
Guindy Corporate Park,2026-06-24,13,2,180,160,20,64,88.42,88.89,HIGH
Guindy Corporate Park,2026-06-24,14,2,180,163,17,35,94.6,90.56,HIGH
Guindy Corporate Park,2026-06-24,15,2,180,147,33,66,79.0,81.67,HIGH
Guindy Corporate Park,2026-06-24,16,2,180,158,22,71,84.54,87.78,HIGH
Guindy Corporate Park,2026-06-24,17,2,180,117,63,24,64.91,65.0,MEDIUM
Guindy Corporate Park,2026-06-24,18,2,180,97,83,21,43.73,53.89,MEDIUM
Guindy Corporate Park,2026-06-24,19,2,180,99,81,38,47.78,55.0,MEDIUM
Guindy Corporate Park,2026-06-24,20,2,180,43,137,10,19.27,23.89,LOW
Guindy Corporate Park,2026-06-24,21,2,180,39,141,15,20.7,21.67,LOW
Guindy Corporate Park,2026-06-24,22,2,180,22,158,7,19.81,12.22,LOW
Guindy Corporate Park,2026-06-24,23,2,180,4,176,1,5.16,2.22,LOW
Chennai Mall,2026-06-25,0,3,150,11,139,5,10.86,7.33,LOW
Chennai Mall,2026-06-25,1,3,150,10,140,4,5.0,6.67,LOW
Chennai Mall,2026-06-25,2,3,150,11,139,3,5.0,7.33,LOW
Chennai Mall,2026-06-25,3,3,150,15,135,3,8.33,10.0,LOW
Chennai Mall,2026-06-25,4,3,150,10,140,2,6.39,6.67,LOW
Chennai Mall,2026-06-25,5,3,150,22,128,9,24.33,14.67,LOW
Chennai Mall,2026-06-25,6,3,150,30,120,11,21.2,20.0,LOW
Chennai Mall,2026-06-25,7,3,150,6,144,2,5.0,4.0,LOW
Chennai Mall,2026-06-25,8,3,150,16,134,5,8.65,10.67,LOW
Chennai Mall,2026-06-25,9,3,150,22,128,8,12.47,14.67,LOW
Chennai Mall,2026-06-25,10,3,150,38,112,18,23.0,25.33,LOW
Chennai Mall,2026-06-25,11,3,150,24,126,7,18.89,16.0,LOW
Chennai Mall,2026-06-25,12,3,150,69,81,30,44.34,46.0,LOW
Chennai Mall,2026-06-25,13,3,150,60,90,24,42.64,40.0,LOW
Chennai Mall,2026-06-25,14,3,150,65,85,19,45.37,43.33,LOW
Chennai Mall,2026-06-25,15,3,150,90,60,31,61.09,60.0,MEDIUM
Chennai Mall,2026-06-25,16,3,150,10,140,3,7.84,6.67,LOW
Chennai Mall,2026-06-25,17,3,150,111,39,23,72.13,74.0,MEDIUM
Chennai Mall,2026-06-25,18,3,150,110,40,52,89.72,73.33,MEDIUM
Chennai Mall,2026-06-25,19,3,150,94,56,24,69.01,62.67,MEDIUM
Chennai Mall,2026-06-25,20,3,150,126,24,38,77.21,84.0,HIGH
Chennai Mall,2026-06-25,21,3,150,120,30,45,76.78,80.0,HIGH
Chennai Mall,2026-06-25,22,3,150,46,104,21,20.91,30.67,LOW
Chennai Mall,2026-06-25,23,3,150,30,120,8,18.25,20.0,LOW
T Nagar Commercial Hub,2026-06-25,0,3,120,8,112,2,6.01,6.67,LOW
T Nagar Commercial Hub,2026-06-25,1,3,120,22,98,6,16.86,18.33,LOW
T Nagar Commercial Hub,2026-06-25,2,3,120,26,94,6,22.35,21.67,LOW
T Nagar Commercial Hub,2026-06-25,3,3,120,16,104,6,14.58,13.33,LOW
T Nagar Commercial Hub,2026-06-25,4,3,120,22,98,11,18.53,18.33,LOW
T Nagar Commercial Hub,2026-06-25,5,3,120,9,111,4,8.37,7.5,LOW
T Nagar Commercial Hub,2026-06-25,6,3,120,7,113,2,11.6,5.83,LOW
T Nagar Commercial Hub,2026-06-25,7,3,120,9,111,2,5.0,7.5,LOW
T Nagar Commercial Hub,2026-06-25,8,3,120,13,107,3,9.47,10.83,LOW
T Nagar Commercial Hub,2026-06-25,9,3,120,10,110,3,13.87,8.33,LOW
T Nagar Commercial Hub,2026-06-25,10,3,120,88,32,32,71.54,73.33,MEDIUM
T Nagar Commercial Hub,2026-06-25,11,3,120,79,41,34,76.05,65.83,MEDIUM
T Nagar Commercial Hub,2026-06-25,12,3,120,99,21,29,79.83,82.5,HIGH
T Nagar Commercial Hub,2026-06-25,13,3,120,79,41,27,67.3,65.83,MEDIUM
T Nagar Commercial Hub,2026-06-25,14,3,120,88,32,39,70.02,73.33,MEDIUM
T Nagar Commercial Hub,2026-06-25,15,3,120,92,28,28,68.31,76.67,MEDIUM
T Nagar Commercial Hub,2026-06-25,16,3,120,80,40,33,72.38,66.67,MEDIUM
T Nagar Commercial Hub,2026-06-25,17,3,120,105,15,48,82.64,87.5,HIGH
T Nagar Commercial Hub,2026-06-25,18,3,120,85,35,21,73.62,70.83,MEDIUM
T Nagar Commercial Hub,2026-06-25,19,3,120,93,27,28,87.36,77.5,MEDIUM
T Nagar Commercial Hub,2026-06-25,20,3,120,75,45,27,55.3,62.5,MEDIUM
T Nagar Commercial Hub,2026-06-25,21,3,120,62,58,23,49.73,51.67,MEDIUM
T Nagar Commercial Hub,2026-06-25,22,3,120,70,50,29,57.78,58.33,MEDIUM
T Nagar Commercial Hub,2026-06-25,23,3,120,19,101,4,8.58,15.83,LOW
Velachery Metro Station,2026-06-25,0,3,200,23,177,7,12.21,11.5,LOW
Velachery Metro Station,2026-06-25,1,3,200,23,177,10,11.01,11.5,LOW
Velachery Metro Station,2026-06-25,2,3,200,40,160,16,22.45,20.0,LOW
Velachery Metro Station,2026-06-25,3,3,200,21,179,8,5.38,10.5,LOW
Velachery Metro Station,2026-06-25,4,3,200,26,174,12,19.79,13.0,LOW
Velachery Metro Station,2026-06-25,5,3,200,26,174,9,10.26,13.0,LOW
Velachery Metro Station,2026-06-25,6,3,200,20,180,9,20.66,10.0,LOW
Velachery Metro Station,2026-06-25,7,3,200,176,24,82,89.28,88.0,HIGH
Velachery Metro Station,2026-06-25,8,3,200,159,41,62,85.31,79.5,MEDIUM
Velachery Metro Station,2026-06-25,9,3,200,195,5,84,90.84,97.5,HIGH
Velachery Metro Station,2026-06-25,10,3,200,200,0,85,95.99,100.0,HIGH
Velachery Metro Station,2026-06-25,11,3,200,166,34,83,91.39,83.0,HIGH
Velachery Metro Station,2026-06-25,12,3,200,155,45,37,76.86,77.5,MEDIUM
Velachery Metro Station,2026-06-25,13,3,200,144,56,58,71.86,72.0,MEDIUM
Velachery Metro Station,2026-06-25,14,3,200,142,58,53,70.42,71.0,MEDIUM
Velachery Metro Station,2026-06-25,15,3,200,171,29,38,83.55,85.5,HIGH
Velachery Metro Station,2026-06-25,16,3,200,169,31,46,80.28,84.5,HIGH
Velachery Metro Station,2026-06-25,17,3,200,178,22,82,94.38,89.0,HIGH
Velachery Metro Station,2026-06-25,18,3,200,188,12,71,94.75,94.0,HIGH
Velachery Metro Station,2026-06-25,19,3,200,195,5,96,93.34,97.5,HIGH
Velachery Metro Station,2026-06-25,20,3,200,180,20,82,80.1,90.0,HIGH
Velachery Metro Station,2026-06-25,21,3,200,93,107,19,43.16,46.5,LOW
Velachery Metro Station,2026-06-25,22,3,200,97,103,43,39.32,48.5,LOW
Velachery Metro Station,2026-06-25,23,3,200,60,140,16,25.59,30.0,LOW
OMR IT Park,2026-06-25,0,3,300,6,294,2,5.0,2.0,LOW
OMR IT Park,2026-06-25,1,3,300,16,284,5,12.41,5.33,LOW
OMR IT Park,2026-06-25,2,3,300,27,273,9,6.41,9.0,LOW
OMR IT Park,2026-06-25,3,3,300,42,258,20,7.36,14.0,LOW
OMR IT Park,2026-06-25,4,3,300,6,294,2,5.0,2.0,LOW
OMR IT Park,2026-06-25,5,3,300,28,272,7,5.0,9.33,LOW
OMR IT Park,2026-06-25,6,3,300,27,273,6,11.84,9.0,LOW
OMR IT Park,2026-06-25,7,3,300,16,284,7,15.08,5.33,LOW
OMR IT Park,2026-06-25,8,3,300,300,0,87,98.0,100.0,HIGH
OMR IT Park,2026-06-25,9,3,300,238,62,52,81.87,79.33,MEDIUM
OMR IT Park,2026-06-25,10,3,300,231,69,88,69.36,77.0,MEDIUM
OMR IT Park,2026-06-25,11,3,300,261,39,118,81.65,87.0,HIGH
OMR IT Park,2026-06-25,12,3,300,265,35,105,89.87,88.33,HIGH
OMR IT Park,2026-06-25,13,3,300,251,49,121,82.97,83.67,HIGH
OMR IT Park,2026-06-25,14,3,300,299,1,100,89.64,99.67,HIGH
OMR IT Park,2026-06-25,15,3,300,272,28,129,89.4,90.67,HIGH
OMR IT Park,2026-06-25,16,3,300,258,42,104,85.93,86.0,HIGH
OMR IT Park,2026-06-25,17,3,300,176,124,69,60.99,58.67,MEDIUM
OMR IT Park,2026-06-25,18,3,300,208,92,45,65.6,69.33,MEDIUM
OMR IT Park,2026-06-25,19,3,300,204,96,88,69.33,68.0,MEDIUM
OMR IT Park,2026-06-25,20,3,300,68,232,20,13.92,22.67,LOW
OMR IT Park,2026-06-25,21,3,300,103,197,34,29.59,34.33,LOW
OMR IT Park,2026-06-25,22,3,300,57,243,23,23.29,19.0,LOW
OMR IT Park,2026-06-25,23,3,300,33,267,10,11.41,11.0,LOW
Anna Nagar Center,2026-06-25,0,3,100,10,90,5,11.61,10.0,LOW
Anna Nagar Center,2026-06-25,1,3,100,7,93,1,9.43,7.0,LOW
Anna Nagar Center,2026-06-25,2,3,100,22,78,8,14.39,22.0,LOW
Anna Nagar Center,2026-06-25,3,3,100,7,93,3,10.89,7.0,LOW
Anna Nagar Center,2026-06-25,4,3,100,10,90,3,19.22,10.0,LOW
Anna Nagar Center,2026-06-25,5,3,100,10,90,4,10.23,10.0,LOW
Anna Nagar Center,2026-06-25,6,3,100,18,82,6,17.0,18.0,LOW
Anna Nagar Center,2026-06-25,7,3,100,6,94,2,15.49,6.0,LOW
Anna Nagar Center,2026-06-25,8,3,100,59,41,26,65.05,59.0,MEDIUM
Anna Nagar Center,2026-06-25,9,3,100,69,31,21,67.77,69.0,MEDIUM
Anna Nagar Center,2026-06-25,10,3,100,50,50,20,50.29,50.0,MEDIUM
Anna Nagar Center,2026-06-25,11,3,100,58,42,21,56.98,58.0,MEDIUM
Anna Nagar Center,2026-06-25,12,3,100,65,35,28,73.61,65.0,MEDIUM
Anna Nagar Center,2026-06-25,13,3,100,80,20,31,82.84,80.0,HIGH
Anna Nagar Center,2026-06-25,14,3,100,87,13,18,88.35,87.0,HIGH
Anna Nagar Center,2026-06-25,15,3,100,74,26,34,69.8,74.0,MEDIUM
Anna Nagar Center,2026-06-25,16,3,100,43,57,20,42.73,43.0,LOW
Anna Nagar Center,2026-06-25,17,3,100,50,50,19,61.51,50.0,MEDIUM
Anna Nagar Center,2026-06-25,18,3,100,77,23,29,66.72,77.0,MEDIUM
Anna Nagar Center,2026-06-25,19,3,100,71,29,23,66.72,71.0,MEDIUM
Anna Nagar Center,2026-06-25,20,3,100,77,23,27,76.42,77.0,MEDIUM
Anna Nagar Center,2026-06-25,21,3,100,72,28,27,78.94,72.0,MEDIUM
Anna Nagar Center,2026-06-25,22,3,100,23,77,6,23.5,23.0,LOW
Anna Nagar Center,2026-06-25,23,3,100,13,87,6,12.63,13.0,LOW
Guindy Corporate Park,2026-06-25,0,3,180,13,167,4,8.1,7.22,LOW
Guindy Corporate Park,2026-06-25,1,3,180,16,164,7,10.52,8.89,LOW
Guindy Corporate Park,2026-06-25,2,3,180,4,176,1,6.52,2.22,LOW
Guindy Corporate Park,2026-06-25,3,3,180,12,168,6,9.41,6.67,LOW
Guindy Corporate Park,2026-06-25,4,3,180,4,176,2,7.47,2.22,LOW
Guindy Corporate Park,2026-06-25,5,3,180,12,168,4,5.0,6.67,LOW
Guindy Corporate Park,2026-06-25,6,3,180,13,167,3,5.0,7.22,LOW
Guindy Corporate Park,2026-06-25,7,3,180,10,170,4,5.0,5.56,LOW
Guindy Corporate Park,2026-06-25,8,3,180,140,40,37,79.54,77.78,MEDIUM
Guindy Corporate Park,2026-06-25,9,3,180,148,32,72,65.19,82.22,HIGH
Guindy Corporate Park,2026-06-25,10,3,180,133,47,47,83.97,73.89,MEDIUM
Guindy Corporate Park,2026-06-25,11,3,180,166,14,34,98.0,92.22,HIGH
Guindy Corporate Park,2026-06-25,12,3,180,157,23,40,76.88,87.22,HIGH
Guindy Corporate Park,2026-06-25,13,3,180,142,38,70,81.29,78.89,MEDIUM
Guindy Corporate Park,2026-06-25,14,3,180,146,34,64,83.72,81.11,HIGH
Guindy Corporate Park,2026-06-25,15,3,180,164,16,77,87.12,91.11,HIGH
Guindy Corporate Park,2026-06-25,16,3,180,152,28,71,77.17,84.44,HIGH
Guindy Corporate Park,2026-06-25,17,3,180,112,68,48,62.86,62.22,MEDIUM
Guindy Corporate Park,2026-06-25,18,3,180,118,62,45,63.66,65.56,MEDIUM
Guindy Corporate Park,2026-06-25,19,3,180,130,50,36,62.28,72.22,MEDIUM
Guindy Corporate Park,2026-06-25,20,3,180,37,143,15,29.02,20.56,LOW
Guindy Corporate Park,2026-06-25,21,3,180,30,150,11,30.98,16.67,LOW
Guindy Corporate Park,2026-06-25,22,3,180,42,138,12,23.92,23.33,LOW
Guindy Corporate Park,2026-06-25,23,3,180,15,165,6,9.65,8.33,LOW
Chennai Mall,2026-06-26,0,4,150,21,129,6,10.82,14.0,LOW
Chennai Mall,2026-06-26,1,4,150,10,140,5,9.52,6.67,LOW
Chennai Mall,2026-06-26,2,4,150,37,113,9,20.06,24.67,LOW
Chennai Mall,2026-06-26,3,4,150,4,146,2,9.5,2.67,LOW
Chennai Mall,2026-06-26,4,4,150,7,143,3,7.56,4.67,LOW
Chennai Mall,2026-06-26,5,4,150,14,136,4,5.67,9.33,LOW
Chennai Mall,2026-06-26,6,4,150,26,124,10,13.58,17.33,LOW
Chennai Mall,2026-06-26,7,4,150,21,129,5,8.45,14.0,LOW
Chennai Mall,2026-06-26,8,4,150,6,144,2,5.0,4.0,LOW
Chennai Mall,2026-06-26,9,4,150,10,140,4,6.73,6.67,LOW
Chennai Mall,2026-06-26,10,4,150,38,112,11,24.36,25.33,LOW
Chennai Mall,2026-06-26,11,4,150,7,143,2,5.0,4.67,LOW
Chennai Mall,2026-06-26,12,4,150,55,95,13,38.49,36.67,LOW
Chennai Mall,2026-06-26,13,4,150,70,80,29,50.75,46.67,LOW
Chennai Mall,2026-06-26,14,4,150,76,74,24,53.2,50.67,MEDIUM
Chennai Mall,2026-06-26,15,4,150,77,73,18,51.72,51.33,MEDIUM
Chennai Mall,2026-06-26,16,4,150,43,107,15,17.72,28.67,LOW
Chennai Mall,2026-06-26,17,4,150,122,28,58,98.0,81.33,HIGH
Chennai Mall,2026-06-26,18,4,150,125,25,45,83.84,83.33,HIGH
Chennai Mall,2026-06-26,19,4,150,112,38,45,87.85,74.67,MEDIUM
Chennai Mall,2026-06-26,20,4,150,95,55,24,72.68,63.33,MEDIUM
Chennai Mall,2026-06-26,21,4,150,117,33,37,81.6,78.0,MEDIUM
Chennai Mall,2026-06-26,22,4,150,55,95,20,30.76,36.67,LOW
Chennai Mall,2026-06-26,23,4,150,51,99,11,33.07,34.0,LOW
T Nagar Commercial Hub,2026-06-26,0,4,120,11,109,5,10.55,9.17,LOW
T Nagar Commercial Hub,2026-06-26,1,4,120,27,93,10,12.22,22.5,LOW
T Nagar Commercial Hub,2026-06-26,2,4,120,23,97,8,21.4,19.17,LOW
T Nagar Commercial Hub,2026-06-26,3,4,120,22,98,9,23.01,18.33,LOW
T Nagar Commercial Hub,2026-06-26,4,4,120,20,100,5,13.98,16.67,LOW
T Nagar Commercial Hub,2026-06-26,5,4,120,20,100,10,19.88,16.67,LOW
T Nagar Commercial Hub,2026-06-26,6,4,120,26,94,9,16.2,21.67,LOW
T Nagar Commercial Hub,2026-06-26,7,4,120,16,104,7,20.74,13.33,LOW
T Nagar Commercial Hub,2026-06-26,8,4,120,4,116,2,5.0,3.33,LOW
T Nagar Commercial Hub,2026-06-26,9,4,120,25,95,5,10.75,20.83,LOW
T Nagar Commercial Hub,2026-06-26,10,4,120,83,37,36,71.08,69.17,MEDIUM
T Nagar Commercial Hub,2026-06-26,11,4,120,87,33,43,75.79,72.5,MEDIUM
T Nagar Commercial Hub,2026-06-26,12,4,120,86,34,43,70.88,71.67,MEDIUM
T Nagar Commercial Hub,2026-06-26,13,4,120,70,50,25,66.64,58.33,MEDIUM
T Nagar Commercial Hub,2026-06-26,14,4,120,79,41,24,62.88,65.83,MEDIUM
T Nagar Commercial Hub,2026-06-26,15,4,120,76,44,37,63.89,63.33,MEDIUM
T Nagar Commercial Hub,2026-06-26,16,4,120,88,32,42,80.93,73.33,MEDIUM
T Nagar Commercial Hub,2026-06-26,17,4,120,85,35,36,85.8,70.83,MEDIUM
T Nagar Commercial Hub,2026-06-26,18,4,120,87,33,33,71.93,72.5,MEDIUM
T Nagar Commercial Hub,2026-06-26,19,4,120,86,34,30,68.11,71.67,MEDIUM
T Nagar Commercial Hub,2026-06-26,20,4,120,66,54,29,52.62,55.0,MEDIUM
T Nagar Commercial Hub,2026-06-26,21,4,120,64,56,22,48.81,53.33,MEDIUM
T Nagar Commercial Hub,2026-06-26,22,4,120,54,66,16,45.6,45.0,LOW
T Nagar Commercial Hub,2026-06-26,23,4,120,6,114,3,5.0,5.0,LOW
Velachery Metro Station,2026-06-26,0,4,200,53,147,11,20.53,26.5,LOW
Velachery Metro Station,2026-06-26,1,4,200,9,191,2,11.51,4.5,LOW
Velachery Metro Station,2026-06-26,2,4,200,31,169,9,17.07,15.5,LOW
Velachery Metro Station,2026-06-26,3,4,200,32,168,10,20.86,16.0,LOW
Velachery Metro Station,2026-06-26,4,4,200,28,172,9,14.03,14.0,LOW
Velachery Metro Station,2026-06-26,5,4,200,34,166,16,20.04,17.0,LOW
Velachery Metro Station,2026-06-26,6,4,200,13,187,5,5.0,6.5,LOW
Velachery Metro Station,2026-06-26,7,4,200,191,9,56,89.44,95.5,HIGH
Velachery Metro Station,2026-06-26,8,4,200,191,9,76,91.16,95.5,HIGH
Velachery Metro Station,2026-06-26,9,4,200,197,3,44,91.15,98.5,HIGH
Velachery Metro Station,2026-06-26,10,4,200,200,0,45,97.86,100.0,HIGH
Velachery Metro Station,2026-06-26,11,4,200,174,26,60,88.26,87.0,HIGH
Velachery Metro Station,2026-06-26,12,4,200,166,34,79,73.02,83.0,HIGH
Velachery Metro Station,2026-06-26,13,4,200,174,26,47,88.52,87.0,HIGH
Velachery Metro Station,2026-06-26,14,4,200,140,60,44,72.43,70.0,MEDIUM
Velachery Metro Station,2026-06-26,15,4,200,167,33,74,85.57,83.5,HIGH
Velachery Metro Station,2026-06-26,16,4,200,156,44,34,75.77,78.0,MEDIUM
Velachery Metro Station,2026-06-26,17,4,200,183,17,87,90.41,91.5,HIGH
Velachery Metro Station,2026-06-26,18,4,200,192,8,69,92.86,96.0,HIGH
Velachery Metro Station,2026-06-26,19,4,200,185,15,87,92.73,92.5,HIGH
Velachery Metro Station,2026-06-26,20,4,200,183,17,43,88.49,91.5,HIGH
Velachery Metro Station,2026-06-26,21,4,200,103,97,39,47.35,51.5,MEDIUM
Velachery Metro Station,2026-06-26,22,4,200,82,118,32,33.38,41.0,LOW
Velachery Metro Station,2026-06-26,23,4,200,82,118,29,45.4,41.0,LOW
OMR IT Park,2026-06-26,0,4,300,20,280,5,5.0,6.67,LOW
OMR IT Park,2026-06-26,1,4,300,26,274,10,5.0,8.67,LOW
OMR IT Park,2026-06-26,2,4,300,29,271,12,12.71,9.67,LOW
OMR IT Park,2026-06-26,3,4,300,33,267,16,5.0,11.0,LOW
OMR IT Park,2026-06-26,4,4,300,8,292,2,5.0,2.67,LOW
OMR IT Park,2026-06-26,5,4,300,6,294,2,5.0,2.0,LOW
OMR IT Park,2026-06-26,6,4,300,23,277,11,6.3,7.67,LOW
OMR IT Park,2026-06-26,7,4,300,11,289,3,12.93,3.67,LOW
OMR IT Park,2026-06-26,8,4,300,222,78,91,78.17,74.0,MEDIUM
OMR IT Park,2026-06-26,9,4,300,275,25,135,91.89,91.67,HIGH
OMR IT Park,2026-06-26,10,4,300,245,55,99,78.54,81.67,HIGH
OMR IT Park,2026-06-26,11,4,300,300,0,61,87.25,100.0,HIGH
OMR IT Park,2026-06-26,12,4,300,258,42,115,82.35,86.0,HIGH
OMR IT Park,2026-06-26,13,4,300,238,62,56,84.38,79.33,MEDIUM
OMR IT Park,2026-06-26,14,4,300,269,31,56,85.39,89.67,HIGH
OMR IT Park,2026-06-26,15,4,300,266,34,55,87.93,88.67,HIGH
OMR IT Park,2026-06-26,16,4,300,275,25,66,94.16,91.67,HIGH
OMR IT Park,2026-06-26,17,4,300,193,107,88,65.2,64.33,MEDIUM
OMR IT Park,2026-06-26,18,4,300,221,79,93,74.22,73.67,MEDIUM
OMR IT Park,2026-06-26,19,4,300,207,93,82,68.79,69.0,MEDIUM
OMR IT Park,2026-06-26,20,4,300,72,228,15,20.28,24.0,LOW
OMR IT Park,2026-06-26,21,4,300,87,213,43,29.3,29.0,LOW
OMR IT Park,2026-06-26,22,4,300,82,218,24,20.01,27.33,LOW
OMR IT Park,2026-06-26,23,4,300,6,294,2,5.0,2.0,LOW
Anna Nagar Center,2026-06-26,0,4,100,18,82,7,17.82,18.0,LOW
Anna Nagar Center,2026-06-26,1,4,100,19,81,7,24.28,19.0,LOW
Anna Nagar Center,2026-06-26,2,4,100,2,98,1,5.01,2.0,LOW
Anna Nagar Center,2026-06-26,3,4,100,17,83,6,18.88,17.0,LOW
Anna Nagar Center,2026-06-26,4,4,100,17,83,6,15.47,17.0,LOW
Anna Nagar Center,2026-06-26,5,4,100,12,88,4,5.0,12.0,LOW
Anna Nagar Center,2026-06-26,6,4,100,7,93,3,9.44,7.0,LOW
Anna Nagar Center,2026-06-26,7,4,100,8,92,4,5.47,8.0,LOW
Anna Nagar Center,2026-06-26,8,4,100,47,53,14,41.15,47.0,LOW
Anna Nagar Center,2026-06-26,9,4,100,57,43,12,58.66,57.0,MEDIUM
Anna Nagar Center,2026-06-26,10,4,100,64,36,17,63.29,64.0,MEDIUM
Anna Nagar Center,2026-06-26,11,4,100,32,68,10,37.5,32.0,LOW
Anna Nagar Center,2026-06-26,12,4,100,89,11,22,92.13,89.0,HIGH
Anna Nagar Center,2026-06-26,13,4,100,80,20,38,90.05,80.0,HIGH
Anna Nagar Center,2026-06-26,14,4,100,68,32,30,68.36,68.0,MEDIUM
Anna Nagar Center,2026-06-26,15,4,100,77,23,16,76.82,77.0,MEDIUM
Anna Nagar Center,2026-06-26,16,4,100,39,61,11,42.69,39.0,LOW
Anna Nagar Center,2026-06-26,17,4,100,67,33,14,62.47,67.0,MEDIUM
Anna Nagar Center,2026-06-26,18,4,100,69,31,16,72.95,69.0,MEDIUM
Anna Nagar Center,2026-06-26,19,4,100,86,14,19,84.43,86.0,HIGH
Anna Nagar Center,2026-06-26,20,4,100,76,24,20,79.27,76.0,MEDIUM
Anna Nagar Center,2026-06-26,21,4,100,86,14,37,89.34,86.0,HIGH
Anna Nagar Center,2026-06-26,22,4,100,23,77,9,22.28,23.0,LOW
Anna Nagar Center,2026-06-26,23,4,100,18,82,6,11.45,18.0,LOW
Guindy Corporate Park,2026-06-26,0,4,180,11,169,5,9.15,6.11,LOW
Guindy Corporate Park,2026-06-26,1,4,180,4,176,2,6.97,2.22,LOW
Guindy Corporate Park,2026-06-26,2,4,180,11,169,3,5.84,6.11,LOW
Guindy Corporate Park,2026-06-26,3,4,180,15,165,3,13.56,8.33,LOW
Guindy Corporate Park,2026-06-26,4,4,180,11,169,5,5.0,6.11,LOW
Guindy Corporate Park,2026-06-26,5,4,180,18,162,4,5.0,10.0,LOW
Guindy Corporate Park,2026-06-26,6,4,180,11,169,4,5.0,6.11,LOW
Guindy Corporate Park,2026-06-26,7,4,180,15,165,6,6.08,8.33,LOW
Guindy Corporate Park,2026-06-26,8,4,180,171,9,79,91.61,95.0,HIGH
Guindy Corporate Park,2026-06-26,9,4,180,149,31,62,80.09,82.78,HIGH
Guindy Corporate Park,2026-06-26,10,4,180,170,10,40,98.0,94.44,HIGH
Guindy Corporate Park,2026-06-26,11,4,180,155,25,65,82.56,86.11,HIGH
Guindy Corporate Park,2026-06-26,12,4,180,152,28,31,75.8,84.44,HIGH
Guindy Corporate Park,2026-06-26,13,4,180,174,6,77,92.02,96.67,HIGH
Guindy Corporate Park,2026-06-26,14,4,180,166,14,56,81.73,92.22,HIGH
Guindy Corporate Park,2026-06-26,15,4,180,155,25,70,92.1,86.11,HIGH
Guindy Corporate Park,2026-06-26,16,4,180,149,31,53,94.98,82.78,HIGH
Guindy Corporate Park,2026-06-26,17,4,180,97,83,36,56.55,53.89,MEDIUM
Guindy Corporate Park,2026-06-26,18,4,180,116,64,28,68.58,64.44,MEDIUM
Guindy Corporate Park,2026-06-26,19,4,180,116,64,26,61.79,64.44,MEDIUM
Guindy Corporate Park,2026-06-26,20,4,180,45,135,10,25.92,25.0,LOW
Guindy Corporate Park,2026-06-26,21,4,180,39,141,8,21.03,21.67,LOW
Guindy Corporate Park,2026-06-26,22,4,180,65,115,32,42.21,36.11,LOW
Guindy Corporate Park,2026-06-26,23,4,180,12,168,4,12.83,6.67,LOW
Chennai Mall,2026-06-27,0,5,150,34,116,9,11.28,22.67,LOW
Chennai Mall,2026-06-27,1,5,150,19,131,9,5.0,12.67,LOW
Chennai Mall,2026-06-27,2,5,150,21,129,10,17.84,14.0,LOW
Chennai Mall,2026-06-27,3,5,150,32,118,9,22.35,21.33,LOW
Chennai Mall,2026-06-27,4,5,150,28,122,8,18.51,18.67,LOW
Chennai Mall,2026-06-27,5,5,150,40,110,11,26.9,26.67,LOW
Chennai Mall,2026-06-27,6,5,150,22,128,7,18.39,14.67,LOW
Chennai Mall,2026-06-27,7,5,150,14,136,7,11.55,9.33,LOW
Chennai Mall,2026-06-27,8,5,150,37,113,15,26.82,24.67,LOW
Chennai Mall,2026-06-27,9,5,150,25,125,8,19.32,16.67,LOW
Chennai Mall,2026-06-27,10,5,150,12,138,3,5.0,8.0,LOW
Chennai Mall,2026-06-27,11,5,150,106,44,47,74.96,70.67,MEDIUM
Chennai Mall,2026-06-27,12,5,150,114,36,34,80.86,76.0,MEDIUM
Chennai Mall,2026-06-27,13,5,150,120,30,32,81.55,80.0,HIGH
Chennai Mall,2026-06-27,14,5,150,124,26,51,85.31,82.67,HIGH
Chennai Mall,2026-06-27,15,5,150,147,3,72,98.0,98.0,HIGH
Chennai Mall,2026-06-27,16,5,150,144,6,58,94.7,96.0,HIGH
Chennai Mall,2026-06-27,17,5,150,139,11,34,88.0,92.67,HIGH
Chennai Mall,2026-06-27,18,5,150,138,12,53,91.54,92.0,HIGH
Chennai Mall,2026-06-27,19,5,150,147,3,57,92.78,98.0,HIGH
Chennai Mall,2026-06-27,20,5,150,143,7,56,85.03,95.33,HIGH
Chennai Mall,2026-06-27,21,5,150,139,11,68,92.82,92.67,HIGH
Chennai Mall,2026-06-27,22,5,150,68,82,18,38.49,45.33,LOW
Chennai Mall,2026-06-27,23,5,150,43,107,13,38.38,28.67,LOW
T Nagar Commercial Hub,2026-06-27,0,5,120,43,77,13,48.53,35.83,LOW
T Nagar Commercial Hub,2026-06-27,1,5,120,24,96,12,14.88,20.0,LOW
T Nagar Commercial Hub,2026-06-27,2,5,120,16,104,7,12.41,13.33,LOW
T Nagar Commercial Hub,2026-06-27,3,5,120,26,94,9,24.86,21.67,LOW
T Nagar Commercial Hub,2026-06-27,4,5,120,18,102,8,18.48,15.0,LOW
T Nagar Commercial Hub,2026-06-27,5,5,120,36,84,11,40.09,30.0,LOW
T Nagar Commercial Hub,2026-06-27,6,5,120,28,92,9,32.46,23.33,LOW
T Nagar Commercial Hub,2026-06-27,7,5,120,47,73,11,40.63,39.17,LOW
T Nagar Commercial Hub,2026-06-27,8,5,120,41,79,13,31.13,34.17,LOW
T Nagar Commercial Hub,2026-06-27,9,5,120,24,96,7,23.98,20.0,LOW
T Nagar Commercial Hub,2026-06-27,10,5,120,22,98,8,16.28,18.33,LOW
T Nagar Commercial Hub,2026-06-27,11,5,120,118,2,52,92.09,98.33,HIGH
T Nagar Commercial Hub,2026-06-27,12,5,120,108,12,41,85.29,90.0,HIGH
T Nagar Commercial Hub,2026-06-27,13,5,120,115,5,46,96.82,95.83,HIGH
T Nagar Commercial Hub,2026-06-27,14,5,120,106,14,51,81.48,88.33,HIGH
T Nagar Commercial Hub,2026-06-27,15,5,120,91,29,24,83.25,75.83,MEDIUM
T Nagar Commercial Hub,2026-06-27,16,5,120,109,11,53,91.76,90.83,HIGH
T Nagar Commercial Hub,2026-06-27,17,5,120,95,25,28,92.7,79.17,MEDIUM
T Nagar Commercial Hub,2026-06-27,18,5,120,111,9,35,94.13,92.5,HIGH
T Nagar Commercial Hub,2026-06-27,19,5,120,115,5,29,92.35,95.83,HIGH
T Nagar Commercial Hub,2026-06-27,20,5,120,95,25,31,87.96,79.17,MEDIUM
T Nagar Commercial Hub,2026-06-27,21,5,120,107,13,33,94.65,89.17,HIGH
T Nagar Commercial Hub,2026-06-27,22,5,120,29,91,12,9.64,24.17,LOW
T Nagar Commercial Hub,2026-06-27,23,5,120,20,100,6,12.14,16.67,LOW
Velachery Metro Station,2026-06-27,0,5,200,60,140,21,37.04,30.0,LOW
Velachery Metro Station,2026-06-27,1,5,200,82,118,30,34.01,41.0,LOW
Velachery Metro Station,2026-06-27,2,5,200,63,137,29,37.0,31.5,LOW
Velachery Metro Station,2026-06-27,3,5,200,79,121,35,38.22,39.5,LOW
Velachery Metro Station,2026-06-27,4,5,200,74,126,27,45.82,37.0,LOW
Velachery Metro Station,2026-06-27,5,5,200,47,153,18,13.72,23.5,LOW
Velachery Metro Station,2026-06-27,6,5,200,106,94,44,53.72,53.0,MEDIUM
Velachery Metro Station,2026-06-27,7,5,200,75,125,24,36.11,37.5,LOW
Velachery Metro Station,2026-06-27,8,5,200,63,137,28,29.08,31.5,LOW
Velachery Metro Station,2026-06-27,9,5,200,78,122,22,33.02,39.0,LOW
Velachery Metro Station,2026-06-27,10,5,200,77,123,36,43.9,38.5,LOW
Velachery Metro Station,2026-06-27,11,5,200,47,153,10,22.81,23.5,LOW
Velachery Metro Station,2026-06-27,12,5,200,90,110,25,45.26,45.0,LOW
Velachery Metro Station,2026-06-27,13,5,200,62,138,25,43.04,31.0,LOW
Velachery Metro Station,2026-06-27,14,5,200,80,120,33,37.26,40.0,LOW
Velachery Metro Station,2026-06-27,15,5,200,76,124,24,36.11,38.0,LOW
Velachery Metro Station,2026-06-27,16,5,200,61,139,24,25.42,30.5,LOW
Velachery Metro Station,2026-06-27,17,5,200,74,126,19,36.88,37.0,LOW
Velachery Metro Station,2026-06-27,18,5,200,84,116,25,40.76,42.0,LOW
Velachery Metro Station,2026-06-27,19,5,200,34,166,15,24.71,17.0,LOW
Velachery Metro Station,2026-06-27,20,5,200,65,135,18,30.66,32.5,LOW
Velachery Metro Station,2026-06-27,21,5,200,79,121,28,45.21,39.5,LOW
Velachery Metro Station,2026-06-27,22,5,200,65,135,22,37.06,32.5,LOW
Velachery Metro Station,2026-06-27,23,5,200,91,109,42,39.36,45.5,LOW
OMR IT Park,2026-06-27,0,5,300,51,249,25,25.02,17.0,LOW
OMR IT Park,2026-06-27,1,5,300,23,277,11,12.81,7.67,LOW
OMR IT Park,2026-06-27,2,5,300,53,247,21,19.17,17.67,LOW
OMR IT Park,2026-06-27,3,5,300,19,281,7,9.25,6.33,LOW
OMR IT Park,2026-06-27,4,5,300,17,283,5,6.41,5.67,LOW
OMR IT Park,2026-06-27,5,5,300,19,281,6,10.28,6.33,LOW
OMR IT Park,2026-06-27,6,5,300,45,255,11,14.06,15.0,LOW
OMR IT Park,2026-06-27,7,5,300,28,272,6,10.59,9.33,LOW
OMR IT Park,2026-06-27,8,5,300,25,275,12,6.23,8.33,LOW
OMR IT Park,2026-06-27,9,5,300,19,281,7,11.52,6.33,LOW
OMR IT Park,2026-06-27,10,5,300,35,265,14,15.29,11.67,LOW
OMR IT Park,2026-06-27,11,5,300,52,248,12,15.73,17.33,LOW
OMR IT Park,2026-06-27,12,5,300,6,294,2,7.81,2.0,LOW
OMR IT Park,2026-06-27,13,5,300,61,239,14,13.71,20.33,LOW
OMR IT Park,2026-06-27,14,5,300,35,265,11,9.98,11.67,LOW
OMR IT Park,2026-06-27,15,5,300,9,291,2,5.0,3.0,LOW
OMR IT Park,2026-06-27,16,5,300,42,258,16,10.52,14.0,LOW
OMR IT Park,2026-06-27,17,5,300,45,255,13,8.34,15.0,LOW
OMR IT Park,2026-06-27,18,5,300,22,278,5,6.49,7.33,LOW
OMR IT Park,2026-06-27,19,5,300,34,266,8,13.79,11.33,LOW
OMR IT Park,2026-06-27,20,5,300,45,255,11,17.04,15.0,LOW
OMR IT Park,2026-06-27,21,5,300,50,250,18,8.79,16.67,LOW
OMR IT Park,2026-06-27,22,5,300,28,272,11,28.11,9.33,LOW
OMR IT Park,2026-06-27,23,5,300,40,260,9,11.18,13.33,LOW
Anna Nagar Center,2026-06-27,0,5,100,30,70,12,40.29,30.0,LOW
Anna Nagar Center,2026-06-27,1,5,100,17,83,6,18.48,17.0,LOW
Anna Nagar Center,2026-06-27,2,5,100,34,66,12,32.1,34.0,LOW
Anna Nagar Center,2026-06-27,3,5,100,24,76,11,37.46,24.0,LOW
Anna Nagar Center,2026-06-27,4,5,100,25,75,12,21.75,25.0,LOW
Anna Nagar Center,2026-06-27,5,5,100,44,56,14,37.78,44.0,LOW
Anna Nagar Center,2026-06-27,6,5,100,28,72,12,15.52,28.0,LOW
Anna Nagar Center,2026-06-27,7,5,100,29,71,12,30.0,29.0,LOW
Anna Nagar Center,2026-06-27,8,5,100,38,62,14,34.72,38.0,LOW
Anna Nagar Center,2026-06-27,9,5,100,25,75,10,20.9,25.0,LOW
Anna Nagar Center,2026-06-27,10,5,100,36,64,9,31.6,36.0,LOW
Anna Nagar Center,2026-06-27,11,5,100,33,67,13,34.14,33.0,LOW
Anna Nagar Center,2026-06-27,12,5,100,83,17,32,80.05,83.0,HIGH
Anna Nagar Center,2026-06-27,13,5,100,85,15,37,85.73,85.0,HIGH
Anna Nagar Center,2026-06-27,14,5,100,90,10,21,91.21,90.0,HIGH
Anna Nagar Center,2026-06-27,15,5,100,80,20,25,88.89,80.0,HIGH
Anna Nagar Center,2026-06-27,16,5,100,70,30,19,78.11,70.0,MEDIUM
Anna Nagar Center,2026-06-27,17,5,100,78,22,31,88.68,78.0,MEDIUM
Anna Nagar Center,2026-06-27,18,5,100,74,26,18,79.44,74.0,MEDIUM
Anna Nagar Center,2026-06-27,19,5,100,85,15,20,90.09,85.0,HIGH
Anna Nagar Center,2026-06-27,20,5,100,86,14,34,93.99,86.0,HIGH
Anna Nagar Center,2026-06-27,21,5,100,72,28,23,72.76,72.0,MEDIUM
Anna Nagar Center,2026-06-27,22,5,100,64,36,21,67.58,64.0,MEDIUM
Anna Nagar Center,2026-06-27,23,5,100,20,80,6,12.64,20.0,LOW
Guindy Corporate Park,2026-06-27,0,5,180,22,158,8,6.31,12.22,LOW
Guindy Corporate Park,2026-06-27,1,5,180,38,142,19,19.92,21.11,LOW
Guindy Corporate Park,2026-06-27,2,5,180,34,146,12,9.89,18.89,LOW
Guindy Corporate Park,2026-06-27,3,5,180,28,152,10,17.28,15.56,LOW
Guindy Corporate Park,2026-06-27,4,5,180,18,162,6,22.49,10.0,LOW
Guindy Corporate Park,2026-06-27,5,5,180,9,171,4,5.0,5.0,LOW
Guindy Corporate Park,2026-06-27,6,5,180,5,175,1,10.74,2.78,LOW
Guindy Corporate Park,2026-06-27,7,5,180,30,150,15,25.87,16.67,LOW
Guindy Corporate Park,2026-06-27,8,5,180,19,161,9,5.0,10.56,LOW
Guindy Corporate Park,2026-06-27,9,5,180,13,167,6,8.61,7.22,LOW
Guindy Corporate Park,2026-06-27,10,5,180,11,169,4,10.55,6.11,LOW
Guindy Corporate Park,2026-06-27,11,5,180,35,145,13,14.19,19.44,LOW
Guindy Corporate Park,2026-06-27,12,5,180,21,159,9,12.96,11.67,LOW
Guindy Corporate Park,2026-06-27,13,5,180,29,151,11,10.81,16.11,LOW
Guindy Corporate Park,2026-06-27,14,5,180,29,151,8,11.62,16.11,LOW
Guindy Corporate Park,2026-06-27,15,5,180,27,153,6,17.53,15.0,LOW
Guindy Corporate Park,2026-06-27,16,5,180,27,153,12,17.8,15.0,LOW
Guindy Corporate Park,2026-06-27,17,5,180,19,161,6,7.86,10.56,LOW
Guindy Corporate Park,2026-06-27,18,5,180,5,175,2,7.25,2.78,LOW
Guindy Corporate Park,2026-06-27,19,5,180,28,152,7,16.58,15.56,LOW
Guindy Corporate Park,2026-06-27,20,5,180,17,163,8,17.86,9.44,LOW
Guindy Corporate Park,2026-06-27,21,5,180,32,148,12,18.07,17.78,LOW
Guindy Corporate Park,2026-06-27,22,5,180,10,170,3,5.0,5.56,LOW
Guindy Corporate Park,2026-06-27,23,5,180,20,160,6,9.78,11.11,LOW
Chennai Mall,2026-06-28,0,6,150,17,133,8,13.16,11.33,LOW
Chennai Mall,2026-06-28,1,6,150,14,136,5,5.0,9.33,LOW
Chennai Mall,2026-06-28,2,6,150,20,130,7,18.88,13.33,LOW
Chennai Mall,2026-06-28,3,6,150,40,110,14,18.01,26.67,LOW
Chennai Mall,2026-06-28,4,6,150,17,133,3,5.0,11.33,LOW
Chennai Mall,2026-06-28,5,6,150,31,119,7,26.67,20.67,LOW
Chennai Mall,2026-06-28,6,6,150,42,108,13,27.79,28.0,LOW
Chennai Mall,2026-06-28,7,6,150,38,112,12,14.93,25.33,LOW
Chennai Mall,2026-06-28,8,6,150,17,133,7,5.0,11.33,LOW
Chennai Mall,2026-06-28,9,6,150,14,136,6,5.0,9.33,LOW
Chennai Mall,2026-06-28,10,6,150,15,135,4,15.44,10.0,LOW
Chennai Mall,2026-06-28,11,6,150,103,47,46,77.42,68.67,MEDIUM
Chennai Mall,2026-06-28,12,6,150,124,26,32,88.29,82.67,HIGH
Chennai Mall,2026-06-28,13,6,150,138,12,28,92.04,92.0,HIGH
Chennai Mall,2026-06-28,14,6,150,114,36,42,77.9,76.0,MEDIUM
Chennai Mall,2026-06-28,15,6,150,133,17,52,88.9,88.67,HIGH
Chennai Mall,2026-06-28,16,6,150,135,15,46,86.67,90.0,HIGH
Chennai Mall,2026-06-28,17,6,150,137,13,28,91.35,91.33,HIGH
Chennai Mall,2026-06-28,18,6,150,129,21,56,95.65,86.0,HIGH
Chennai Mall,2026-06-28,19,6,150,140,10,58,96.61,93.33,HIGH
Chennai Mall,2026-06-28,20,6,150,136,14,34,86.91,90.67,HIGH
Chennai Mall,2026-06-28,21,6,150,132,18,31,78.38,88.0,HIGH
Chennai Mall,2026-06-28,22,6,150,64,86,17,41.3,42.67,LOW
Chennai Mall,2026-06-28,23,6,150,73,77,24,40.76,48.67,LOW
T Nagar Commercial Hub,2026-06-28,0,6,120,19,101,5,21.99,15.83,LOW
T Nagar Commercial Hub,2026-06-28,1,6,120,27,93,7,29.24,22.5,LOW
T Nagar Commercial Hub,2026-06-28,2,6,120,9,111,2,10.24,7.5,LOW
T Nagar Commercial Hub,2026-06-28,3,6,120,25,95,10,14.89,20.83,LOW
T Nagar Commercial Hub,2026-06-28,4,6,120,48,72,15,32.53,40.0,LOW
T Nagar Commercial Hub,2026-06-28,5,6,120,33,87,16,29.02,27.5,LOW
T Nagar Commercial Hub,2026-06-28,6,6,120,37,83,18,33.01,30.83,LOW
T Nagar Commercial Hub,2026-06-28,7,6,120,35,85,13,39.74,29.17,LOW
T Nagar Commercial Hub,2026-06-28,8,6,120,50,70,12,39.11,41.67,LOW
T Nagar Commercial Hub,2026-06-28,9,6,120,47,73,15,29.27,39.17,LOW
T Nagar Commercial Hub,2026-06-28,10,6,120,23,97,9,11.73,19.17,LOW
T Nagar Commercial Hub,2026-06-28,11,6,120,101,19,33,75.66,84.17,HIGH
T Nagar Commercial Hub,2026-06-28,12,6,120,102,18,40,92.19,85.0,HIGH
T Nagar Commercial Hub,2026-06-28,13,6,120,93,27,33,85.21,77.5,MEDIUM
T Nagar Commercial Hub,2026-06-28,14,6,120,110,10,45,98.0,91.67,HIGH
T Nagar Commercial Hub,2026-06-28,15,6,120,113,7,46,98.0,94.17,HIGH
T Nagar Commercial Hub,2026-06-28,16,6,120,98,22,31,87.31,81.67,HIGH
T Nagar Commercial Hub,2026-06-28,17,6,120,100,20,21,79.85,83.33,HIGH
T Nagar Commercial Hub,2026-06-28,18,6,120,106,14,35,91.9,88.33,HIGH
T Nagar Commercial Hub,2026-06-28,19,6,120,104,16,21,89.71,86.67,HIGH
T Nagar Commercial Hub,2026-06-28,20,6,120,107,13,47,84.81,89.17,HIGH
T Nagar Commercial Hub,2026-06-28,21,6,120,102,18,41,88.22,85.0,HIGH
T Nagar Commercial Hub,2026-06-28,22,6,120,29,91,6,28.41,24.17,LOW
T Nagar Commercial Hub,2026-06-28,23,6,120,34,86,12,29.87,28.33,LOW
Velachery Metro Station,2026-06-28,0,6,200,78,122,27,42.89,39.0,LOW
Velachery Metro Station,2026-06-28,1,6,200,100,100,31,53.21,50.0,MEDIUM
Velachery Metro Station,2026-06-28,2,6,200,66,134,19,45.28,33.0,LOW
Velachery Metro Station,2026-06-28,3,6,200,54,146,15,41.22,27.0,LOW
Velachery Metro Station,2026-06-28,4,6,200,81,119,25,43.1,40.5,LOW
Velachery Metro Station,2026-06-28,5,6,200,88,112,43,52.22,44.0,LOW
Velachery Metro Station,2026-06-28,6,6,200,44,156,14,21.34,22.0,LOW
Velachery Metro Station,2026-06-28,7,6,200,75,125,24,38.23,37.5,LOW
Velachery Metro Station,2026-06-28,8,6,200,62,138,26,33.81,31.0,LOW
Velachery Metro Station,2026-06-28,9,6,200,73,127,19,29.18,36.5,LOW
Velachery Metro Station,2026-06-28,10,6,200,65,135,16,40.21,32.5,LOW
Velachery Metro Station,2026-06-28,11,6,200,87,113,30,37.83,43.5,LOW
Velachery Metro Station,2026-06-28,12,6,200,70,130,15,37.47,35.0,LOW
Velachery Metro Station,2026-06-28,13,6,200,68,132,26,30.59,34.0,LOW
Velachery Metro Station,2026-06-28,14,6,200,91,109,41,48.32,45.5,LOW
Velachery Metro Station,2026-06-28,15,6,200,75,125,31,27.24,37.5,LOW
Velachery Metro Station,2026-06-28,16,6,200,87,113,42,39.98,43.5,LOW
Velachery Metro Station,2026-06-28,17,6,200,78,122,39,32.26,39.0,LOW
Velachery Metro Station,2026-06-28,18,6,200,85,115,39,48.05,42.5,LOW
Velachery Metro Station,2026-06-28,19,6,200,70,130,15,39.47,35.0,LOW
Velachery Metro Station,2026-06-28,20,6,200,74,126,36,29.32,37.0,LOW
Velachery Metro Station,2026-06-28,21,6,200,81,119,35,45.68,40.5,LOW
Velachery Metro Station,2026-06-28,22,6,200,91,109,35,54.57,45.5,LOW
Velachery Metro Station,2026-06-28,23,6,200,87,113,42,38.0,43.5,LOW
OMR IT Park,2026-06-28,0,6,300,45,255,18,16.44,15.0,LOW
OMR IT Park,2026-06-28,1,6,300,38,262,8,18.27,12.67,LOW
OMR IT Park,2026-06-28,2,6,300,61,239,15,19.89,20.33,LOW
OMR IT Park,2026-06-28,3,6,300,21,279,9,7.76,7.0,LOW
OMR IT Park,2026-06-28,4,6,300,28,272,9,8.58,9.33,LOW
OMR IT Park,2026-06-28,5,6,300,26,274,12,10.64,8.67,LOW
OMR IT Park,2026-06-28,6,6,300,47,253,19,21.27,15.67,LOW
OMR IT Park,2026-06-28,7,6,300,47,253,15,20.17,15.67,LOW
OMR IT Park,2026-06-28,8,6,300,7,293,2,11.88,2.33,LOW
OMR IT Park,2026-06-28,9,6,300,26,274,7,10.45,8.67,LOW
OMR IT Park,2026-06-28,10,6,300,22,278,7,11.61,7.33,LOW
OMR IT Park,2026-06-28,11,6,300,35,265,17,13.39,11.67,LOW
OMR IT Park,2026-06-28,12,6,300,18,282,4,10.31,6.0,LOW
OMR IT Park,2026-06-28,13,6,300,24,276,7,12.06,8.0,LOW
OMR IT Park,2026-06-28,14,6,300,34,266,8,5.07,11.33,LOW
OMR IT Park,2026-06-28,15,6,300,6,294,1,6.35,2.0,LOW
OMR IT Park,2026-06-28,16,6,300,36,264,16,13.48,12.0,LOW
OMR IT Park,2026-06-28,17,6,300,40,260,10,24.54,13.33,LOW
OMR IT Park,2026-06-28,18,6,300,46,254,19,16.19,15.33,LOW
OMR IT Park,2026-06-28,19,6,300,20,280,7,5.05,6.67,LOW
OMR IT Park,2026-06-28,20,6,300,36,264,17,12.31,12.0,LOW
OMR IT Park,2026-06-28,21,6,300,23,277,7,12.12,7.67,LOW
OMR IT Park,2026-06-28,22,6,300,45,255,14,15.27,15.0,LOW
OMR IT Park,2026-06-28,23,6,300,57,243,23,8.49,19.0,LOW
Anna Nagar Center,2026-06-28,0,6,100,33,67,8,37.93,33.0,LOW
Anna Nagar Center,2026-06-28,1,6,100,28,72,6,20.27,28.0,LOW
Anna Nagar Center,2026-06-28,2,6,100,25,75,10,28.44,25.0,LOW
Anna Nagar Center,2026-06-28,3,6,100,37,63,12,40.58,37.0,LOW
Anna Nagar Center,2026-06-28,4,6,100,35,65,10,41.18,35.0,LOW
Anna Nagar Center,2026-06-28,5,6,100,32,68,10,34.47,32.0,LOW
Anna Nagar Center,2026-06-28,6,6,100,34,66,8,29.72,34.0,LOW
Anna Nagar Center,2026-06-28,7,6,100,14,86,3,11.36,14.0,LOW
Anna Nagar Center,2026-06-28,8,6,100,15,85,7,19.14,15.0,LOW
Anna Nagar Center,2026-06-28,9,6,100,21,79,6,27.68,21.0,LOW
Anna Nagar Center,2026-06-28,10,6,100,34,66,14,31.07,34.0,LOW
Anna Nagar Center,2026-06-28,11,6,100,35,65,13,31.14,35.0,LOW
Anna Nagar Center,2026-06-28,12,6,100,94,6,39,82.73,94.0,HIGH
Anna Nagar Center,2026-06-28,13,6,100,80,20,20,86.68,80.0,HIGH
Anna Nagar Center,2026-06-28,14,6,100,77,23,23,74.63,77.0,MEDIUM
Anna Nagar Center,2026-06-28,15,6,100,81,19,32,90.65,81.0,HIGH
Anna Nagar Center,2026-06-28,16,6,100,88,12,30,89.72,88.0,HIGH
Anna Nagar Center,2026-06-28,17,6,100,88,12,24,89.51,88.0,HIGH
Anna Nagar Center,2026-06-28,18,6,100,79,21,23,77.09,79.0,MEDIUM
Anna Nagar Center,2026-06-28,19,6,100,69,31,17,77.64,69.0,MEDIUM
Anna Nagar Center,2026-06-28,20,6,100,76,24,23,64.85,76.0,MEDIUM
Anna Nagar Center,2026-06-28,21,6,100,70,30,28,67.71,70.0,MEDIUM
Anna Nagar Center,2026-06-28,22,6,100,69,31,18,72.97,69.0,MEDIUM
Anna Nagar Center,2026-06-28,23,6,100,20,80,7,16.82,20.0,LOW
Guindy Corporate Park,2026-06-28,0,6,180,37,143,11,13.66,20.56,LOW
Guindy Corporate Park,2026-06-28,1,6,180,17,163,8,9.96,9.44,LOW
Guindy Corporate Park,2026-06-28,2,6,180,27,153,10,18.91,15.0,LOW
Guindy Corporate Park,2026-06-28,3,6,180,6,174,2,8.42,3.33,LOW
Guindy Corporate Park,2026-06-28,4,6,180,30,150,12,19.68,16.67,LOW
Guindy Corporate Park,2026-06-28,5,6,180,11,169,5,6.63,6.11,LOW
Guindy Corporate Park,2026-06-28,6,6,180,33,147,11,18.16,18.33,LOW
Guindy Corporate Park,2026-06-28,7,6,180,29,151,14,18.2,16.11,LOW
Guindy Corporate Park,2026-06-28,8,6,180,20,160,7,13.35,11.11,LOW
Guindy Corporate Park,2026-06-28,9,6,180,29,151,14,18.38,16.11,LOW
Guindy Corporate Park,2026-06-28,10,6,180,17,163,4,13.86,9.44,LOW
Guindy Corporate Park,2026-06-28,11,6,180,12,168,5,12.71,6.67,LOW
Guindy Corporate Park,2026-06-28,12,6,180,22,158,6,21.38,12.22,LOW
Guindy Corporate Park,2026-06-28,13,6,180,18,162,5,16.15,10.0,LOW
Guindy Corporate Park,2026-06-28,14,6,180,32,148,13,15.94,17.78,LOW
Guindy Corporate Park,2026-06-28,15,6,180,26,154,8,12.44,14.44,LOW
Guindy Corporate Park,2026-06-28,16,6,180,31,149,11,17.43,17.22,LOW
Guindy Corporate Park,2026-06-28,17,6,180,8,172,4,5.0,4.44,LOW
Guindy Corporate Park,2026-06-28,18,6,180,27,153,10,10.18,15.0,LOW
Guindy Corporate Park,2026-06-28,19,6,180,33,147,14,13.49,18.33,LOW
Guindy Corporate Park,2026-06-28,20,6,180,25,155,11,15.64,13.89,LOW
Guindy Corporate Park,2026-06-28,21,6,180,30,150,14,14.77,16.67,LOW
Guindy Corporate Park,2026-06-28,22,6,180,24,156,9,18.38,13.33,LOW
Guindy Corporate Park,2026-06-28,23,6,180,5,175,1,13.98,2.78,LOW
Chennai Mall,2026-06-29,0,0,150,12,138,5,5.25,8.0,LOW
Chennai Mall,2026-06-29,1,0,150,31,119,15,24.94,20.67,LOW
Chennai Mall,2026-06-29,2,0,150,22,128,9,13.93,14.67,LOW
Chennai Mall,2026-06-29,3,0,150,3,147,1,9.36,2.0,LOW
Chennai Mall,2026-06-29,4,0,150,20,130,10,18.07,13.33,LOW
Chennai Mall,2026-06-29,5,0,150,10,140,4,8.93,6.67,LOW
Chennai Mall,2026-06-29,6,0,150,24,126,5,10.15,16.0,LOW
Chennai Mall,2026-06-29,7,0,150,33,117,12,21.15,22.0,LOW
Chennai Mall,2026-06-29,8,0,150,7,143,3,11.01,4.67,LOW
Chennai Mall,2026-06-29,9,0,150,22,128,10,15.36,14.67,LOW
Chennai Mall,2026-06-29,10,0,150,29,121,7,21.71,19.33,LOW
Chennai Mall,2026-06-29,11,0,150,21,129,7,20.44,14.0,LOW
Chennai Mall,2026-06-29,12,0,150,76,74,18,47.74,50.67,MEDIUM
Chennai Mall,2026-06-29,13,0,150,99,51,20,67.81,66.0,MEDIUM
Chennai Mall,2026-06-29,14,0,150,69,81,30,60.27,46.0,LOW
Chennai Mall,2026-06-29,15,0,150,80,70,19,45.85,53.33,MEDIUM
Chennai Mall,2026-06-29,16,0,150,11,139,4,10.31,7.33,LOW
Chennai Mall,2026-06-29,17,0,150,112,38,24,72.1,74.67,MEDIUM
Chennai Mall,2026-06-29,18,0,150,125,25,50,81.84,83.33,HIGH
Chennai Mall,2026-06-29,19,0,150,109,41,48,75.77,72.67,MEDIUM
Chennai Mall,2026-06-29,20,0,150,117,33,52,74.38,78.0,MEDIUM
Chennai Mall,2026-06-29,21,0,150,116,34,32,73.88,77.33,MEDIUM
Chennai Mall,2026-06-29,22,0,150,45,105,15,36.24,30.0,LOW
Chennai Mall,2026-06-29,23,0,150,65,85,18,47.66,43.33,LOW
T Nagar Commercial Hub,2026-06-29,0,0,120,10,110,5,21.03,8.33,LOW
T Nagar Commercial Hub,2026-06-29,1,0,120,23,97,8,26.41,19.17,LOW
T Nagar Commercial Hub,2026-06-29,2,0,120,13,107,4,5.0,10.83,LOW
T Nagar Commercial Hub,2026-06-29,3,0,120,22,98,9,12.32,18.33,LOW
T Nagar Commercial Hub,2026-06-29,4,0,120,17,103,5,8.79,14.17,LOW
T Nagar Commercial Hub,2026-06-29,5,0,120,25,95,11,9.62,20.83,LOW
T Nagar Commercial Hub,2026-06-29,6,0,120,13,107,4,13.64,10.83,LOW
T Nagar Commercial Hub,2026-06-29,7,0,120,19,101,9,12.75,15.83,LOW
T Nagar Commercial Hub,2026-06-29,8,0,120,26,94,8,13.19,21.67,LOW
T Nagar Commercial Hub,2026-06-29,9,0,120,8,112,2,7.46,6.67,LOW
T Nagar Commercial Hub,2026-06-29,10,0,120,85,35,40,72.68,70.83,MEDIUM
T Nagar Commercial Hub,2026-06-29,11,0,120,79,41,32,58.81,65.83,MEDIUM
T Nagar Commercial Hub,2026-06-29,12,0,120,72,48,22,53.64,60.0,MEDIUM
T Nagar Commercial Hub,2026-06-29,13,0,120,89,31,42,78.02,74.17,MEDIUM
T Nagar Commercial Hub,2026-06-29,14,0,120,84,36,41,70.93,70.0,MEDIUM
T Nagar Commercial Hub,2026-06-29,15,0,120,81,39,33,77.93,67.5,MEDIUM
T Nagar Commercial Hub,2026-06-29,16,0,120,90,30,19,70.6,75.0,MEDIUM
T Nagar Commercial Hub,2026-06-29,17,0,120,99,21,34,87.97,82.5,HIGH
T Nagar Commercial Hub,2026-06-29,18,0,120,89,31,43,73.27,74.17,MEDIUM
T Nagar Commercial Hub,2026-06-29,19,0,120,92,28,29,81.08,76.67,MEDIUM
T Nagar Commercial Hub,2026-06-29,20,0,120,47,73,20,41.02,39.17,LOW
T Nagar Commercial Hub,2026-06-29,21,0,120,57,63,17,51.43,47.5,LOW
T Nagar Commercial Hub,2026-06-29,22,0,120,43,77,18,40.92,35.83,LOW
T Nagar Commercial Hub,2026-06-29,23,0,120,14,106,4,14.77,11.67,LOW
Velachery Metro Station,2026-06-29,0,0,200,16,184,7,11.52,8.0,LOW
Velachery Metro Station,2026-06-29,1,0,200,36,164,15,12.18,18.0,LOW
Velachery Metro Station,2026-06-29,2,0,200,30,170,8,14.35,15.0,LOW
Velachery Metro Station,2026-06-29,3,0,200,25,175,12,14.6,12.5,LOW
Velachery Metro Station,2026-06-29,4,0,200,6,194,2,5.0,3.0,LOW
Velachery Metro Station,2026-06-29,5,0,200,5,195,2,12.18,2.5,LOW
Velachery Metro Station,2026-06-29,6,0,200,40,160,10,17.8,20.0,LOW
Velachery Metro Station,2026-06-29,7,0,200,190,10,73,88.45,95.0,HIGH
Velachery Metro Station,2026-06-29,8,0,200,176,24,47,92.6,88.0,HIGH
Velachery Metro Station,2026-06-29,9,0,200,176,24,61,98.0,88.0,HIGH
Velachery Metro Station,2026-06-29,10,0,200,191,9,50,98.0,95.5,HIGH
Velachery Metro Station,2026-06-29,11,0,200,178,22,52,88.69,89.0,HIGH
Velachery Metro Station,2026-06-29,12,0,200,161,39,59,88.57,80.5,HIGH
Velachery Metro Station,2026-06-29,13,0,200,170,30,77,80.92,85.0,HIGH
Velachery Metro Station,2026-06-29,14,0,200,170,30,54,92.37,85.0,HIGH
Velachery Metro Station,2026-06-29,15,0,200,160,40,56,84.65,80.0,HIGH
Velachery Metro Station,2026-06-29,16,0,200,139,61,39,78.84,69.5,MEDIUM
Velachery Metro Station,2026-06-29,17,0,200,200,0,77,98.0,100.0,HIGH
Velachery Metro Station,2026-06-29,18,0,200,197,3,96,98.0,98.5,HIGH
Velachery Metro Station,2026-06-29,19,0,200,175,25,63,90.71,87.5,HIGH
Velachery Metro Station,2026-06-29,20,0,200,187,13,93,90.79,93.5,HIGH
Velachery Metro Station,2026-06-29,21,0,200,108,92,54,55.7,54.0,MEDIUM
Velachery Metro Station,2026-06-29,22,0,200,80,120,28,43.86,40.0,LOW
Velachery Metro Station,2026-06-29,23,0,200,109,91,48,55.85,54.5,MEDIUM
OMR IT Park,2026-06-29,0,0,300,17,283,4,10.74,5.67,LOW
OMR IT Park,2026-06-29,1,0,300,12,288,3,5.0,4.0,LOW
OMR IT Park,2026-06-29,2,0,300,24,276,10,5.0,8.0,LOW
OMR IT Park,2026-06-29,3,0,300,6,294,2,13.85,2.0,LOW
OMR IT Park,2026-06-29,4,0,300,16,284,7,5.0,5.33,LOW
OMR IT Park,2026-06-29,5,0,300,11,289,4,9.4,3.67,LOW
OMR IT Park,2026-06-29,6,0,300,6,294,3,5.0,2.0,LOW
OMR IT Park,2026-06-29,7,0,300,41,259,17,8.96,13.67,LOW
OMR IT Park,2026-06-29,8,0,300,285,15,58,98.0,95.0,HIGH
OMR IT Park,2026-06-29,9,0,300,228,72,80,75.36,76.0,MEDIUM
OMR IT Park,2026-06-29,10,0,300,276,24,132,96.17,92.0,HIGH
OMR IT Park,2026-06-29,11,0,300,266,34,75,93.91,88.67,HIGH
OMR IT Park,2026-06-29,12,0,300,290,10,87,84.27,96.67,HIGH
OMR IT Park,2026-06-29,13,0,300,266,34,114,89.74,88.67,HIGH
OMR IT Park,2026-06-29,14,0,300,227,73,54,83.25,75.67,MEDIUM
OMR IT Park,2026-06-29,15,0,300,276,24,78,90.43,92.0,HIGH
OMR IT Park,2026-06-29,16,0,300,268,32,80,82.91,89.33,HIGH
OMR IT Park,2026-06-29,17,0,300,221,79,67,78.35,73.67,MEDIUM
OMR IT Park,2026-06-29,18,0,300,205,95,89,73.12,68.33,MEDIUM
OMR IT Park,2026-06-29,19,0,300,190,110,81,72.13,63.33,MEDIUM
OMR IT Park,2026-06-29,20,0,300,63,237,28,22.09,21.0,LOW
OMR IT Park,2026-06-29,21,0,300,78,222,31,26.07,26.0,LOW
OMR IT Park,2026-06-29,22,0,300,71,229,31,10.93,23.67,LOW
OMR IT Park,2026-06-29,23,0,300,39,261,18,11.52,13.0,LOW
Anna Nagar Center,2026-06-29,0,0,100,23,77,10,24.6,23.0,LOW
Anna Nagar Center,2026-06-29,1,0,100,9,91,4,11.11,9.0,LOW
Anna Nagar Center,2026-06-29,2,0,100,26,74,13,30.57,26.0,LOW
Anna Nagar Center,2026-06-29,3,0,100,10,90,2,6.13,10.0,LOW
Anna Nagar Center,2026-06-29,4,0,100,9,91,2,8.06,9.0,LOW
Anna Nagar Center,2026-06-29,5,0,100,23,77,11,15.5,23.0,LOW
Anna Nagar Center,2026-06-29,6,0,100,23,77,10,22.85,23.0,LOW
Anna Nagar Center,2026-06-29,7,0,100,25,75,9,24.03,25.0,LOW
Anna Nagar Center,2026-06-29,8,0,100,47,53,22,52.08,47.0,LOW
Anna Nagar Center,2026-06-29,9,0,100,43,57,12,40.35,43.0,LOW
Anna Nagar Center,2026-06-29,10,0,100,69,31,32,67.78,69.0,MEDIUM
Anna Nagar Center,2026-06-29,11,0,100,60,40,24,59.48,60.0,MEDIUM
Anna Nagar Center,2026-06-29,12,0,100,81,19,35,82.86,81.0,HIGH
Anna Nagar Center,2026-06-29,13,0,100,64,36,24,66.09,64.0,MEDIUM
Anna Nagar Center,2026-06-29,14,0,100,68,32,17,63.12,68.0,MEDIUM
Anna Nagar Center,2026-06-29,15,0,100,69,31,21,70.16,69.0,MEDIUM
Anna Nagar Center,2026-06-29,16,0,100,63,37,19,51.31,63.0,MEDIUM
Anna Nagar Center,2026-06-29,17,0,100,58,42,24,67.5,58.0,MEDIUM
Anna Nagar Center,2026-06-29,18,0,100,86,14,29,83.72,86.0,HIGH
Anna Nagar Center,2026-06-29,19,0,100,71,29,28,78.42,71.0,MEDIUM
Anna Nagar Center,2026-06-29,20,0,100,77,23,26,80.8,77.0,MEDIUM
Anna Nagar Center,2026-06-29,21,0,100,76,24,26,73.11,76.0,MEDIUM
Anna Nagar Center,2026-06-29,22,0,100,9,91,4,5.0,9.0,LOW
Anna Nagar Center,2026-06-29,23,0,100,15,85,5,7.09,15.0,LOW
Guindy Corporate Park,2026-06-29,0,0,180,25,155,9,15.08,13.89,LOW
Guindy Corporate Park,2026-06-29,1,0,180,9,171,4,11.68,5.0,LOW
Guindy Corporate Park,2026-06-29,2,0,180,11,169,2,5.0,6.11,LOW
Guindy Corporate Park,2026-06-29,3,0,180,14,166,5,5.0,7.78,LOW
Guindy Corporate Park,2026-06-29,4,0,180,4,176,2,11.06,2.22,LOW
Guindy Corporate Park,2026-06-29,5,0,180,6,174,2,9.56,3.33,LOW
Guindy Corporate Park,2026-06-29,6,0,180,24,156,6,5.0,13.33,LOW
Guindy Corporate Park,2026-06-29,7,0,180,9,171,4,8.61,5.0,LOW
Guindy Corporate Park,2026-06-29,8,0,180,132,48,46,79.62,73.33,MEDIUM
Guindy Corporate Park,2026-06-29,9,0,180,164,16,77,98.0,91.11,HIGH
Guindy Corporate Park,2026-06-29,10,0,180,143,37,65,86.74,79.44,MEDIUM
Guindy Corporate Park,2026-06-29,11,0,180,167,13,43,86.83,92.78,HIGH
Guindy Corporate Park,2026-06-29,12,0,180,158,22,55,80.1,87.78,HIGH
Guindy Corporate Park,2026-06-29,13,0,180,165,15,68,83.51,91.67,HIGH
Guindy Corporate Park,2026-06-29,14,0,180,157,23,65,90.68,87.22,HIGH
Guindy Corporate Park,2026-06-29,15,0,180,152,28,48,85.58,84.44,HIGH
Guindy Corporate Park,2026-06-29,16,0,180,170,10,41,93.83,94.44,HIGH
Guindy Corporate Park,2026-06-29,17,0,180,108,72,22,56.66,60.0,MEDIUM
Guindy Corporate Park,2026-06-29,18,0,180,137,43,30,72.92,76.11,MEDIUM
Guindy Corporate Park,2026-06-29,19,0,180,97,83,43,48.5,53.89,MEDIUM
Guindy Corporate Park,2026-06-29,20,0,180,42,138,14,21.83,23.33,LOW
Guindy Corporate Park,2026-06-29,21,0,180,49,131,12,31.54,27.22,LOW
Guindy Corporate Park,2026-06-29,22,0,180,50,130,11,37.34,27.78,LOW
Guindy Corporate Park,2026-06-29,23,0,180,4,176,1,5.0,2.22,LOW
Chennai Mall,2026-06-30,0,1,150,11,139,6,11.56,7.33,LOW
Chennai Mall,2026-06-30,1,1,150,13,137,5,15.06,8.67,LOW
Chennai Mall,2026-06-30,2,1,150,15,135,4,8.09,10.0,LOW
Chennai Mall,2026-06-30,3,1,150,25,125,9,7.72,16.67,LOW
Chennai Mall,2026-06-30,4,1,150,31,119,11,20.84,20.67,LOW
Chennai Mall,2026-06-30,5,1,150,21,129,7,13.17,14.0,LOW
Chennai Mall,2026-06-30,6,1,150,16,134,3,10.95,10.67,LOW
Chennai Mall,2026-06-30,7,1,150,36,114,18,27.86,24.0,LOW
Chennai Mall,2026-06-30,8,1,150,29,121,13,22.01,19.33,LOW
Chennai Mall,2026-06-30,9,1,150,32,118,8,22.61,21.33,LOW
Chennai Mall,2026-06-30,10,1,150,8,142,2,5.0,5.33,LOW
Chennai Mall,2026-06-30,11,1,150,4,146,1,5.0,2.67,LOW
Chennai Mall,2026-06-30,12,1,150,79,71,18,51.63,52.67,MEDIUM
Chennai Mall,2026-06-30,13,1,150,64,86,27,48.38,42.67,LOW
Chennai Mall,2026-06-30,14,1,150,64,86,30,46.77,42.67,LOW
Chennai Mall,2026-06-30,15,1,150,88,62,23,61.41,58.67,MEDIUM
Chennai Mall,2026-06-30,16,1,150,29,121,11,10.36,19.33,LOW
Chennai Mall,2026-06-30,17,1,150,104,46,26,68.59,69.33,MEDIUM
Chennai Mall,2026-06-30,18,1,150,116,34,33,68.48,77.33,MEDIUM
Chennai Mall,2026-06-30,19,1,150,110,40,35,84.93,73.33,MEDIUM
Chennai Mall,2026-06-30,20,1,150,109,41,37,70.91,72.67,MEDIUM
Chennai Mall,2026-06-30,21,1,150,108,42,49,64.88,72.0,MEDIUM
Chennai Mall,2026-06-30,22,1,150,38,112,13,23.84,25.33,LOW
Chennai Mall,2026-06-30,23,1,150,55,95,22,35.69,36.67,LOW
T Nagar Commercial Hub,2026-06-30,0,1,120,8,112,3,15.43,6.67,LOW
T Nagar Commercial Hub,2026-06-30,1,1,120,14,106,5,14.9,11.67,LOW
T Nagar Commercial Hub,2026-06-30,2,1,120,6,114,3,5.0,5.0,LOW
T Nagar Commercial Hub,2026-06-30,3,1,120,9,111,4,11.66,7.5,LOW
T Nagar Commercial Hub,2026-06-30,4,1,120,5,115,1,5.0,4.17,LOW
T Nagar Commercial Hub,2026-06-30,5,1,120,11,109,4,5.0,9.17,LOW
T Nagar Commercial Hub,2026-06-30,6,1,120,17,103,7,11.88,14.17,LOW
T Nagar Commercial Hub,2026-06-30,7,1,120,4,116,2,5.0,3.33,LOW
T Nagar Commercial Hub,2026-06-30,8,1,120,18,102,6,17.72,15.0,LOW
T Nagar Commercial Hub,2026-06-30,9,1,120,11,109,2,5.0,9.17,LOW
T Nagar Commercial Hub,2026-06-30,10,1,120,98,22,28,78.71,81.67,HIGH
T Nagar Commercial Hub,2026-06-30,11,1,120,101,19,38,85.39,84.17,HIGH
T Nagar Commercial Hub,2026-06-30,12,1,120,82,38,41,69.67,68.33,MEDIUM
T Nagar Commercial Hub,2026-06-30,13,1,120,92,28,45,67.84,76.67,MEDIUM
T Nagar Commercial Hub,2026-06-30,14,1,120,79,41,20,54.58,65.83,MEDIUM
T Nagar Commercial Hub,2026-06-30,15,1,120,76,44,16,58.63,63.33,MEDIUM
T Nagar Commercial Hub,2026-06-30,16,1,120,85,35,41,72.0,70.83,MEDIUM
T Nagar Commercial Hub,2026-06-30,17,1,120,76,44,21,67.38,63.33,MEDIUM
T Nagar Commercial Hub,2026-06-30,18,1,120,92,28,23,65.32,76.67,MEDIUM
T Nagar Commercial Hub,2026-06-30,19,1,120,78,42,27,58.84,65.0,MEDIUM
T Nagar Commercial Hub,2026-06-30,20,1,120,44,76,11,46.1,36.67,LOW
T Nagar Commercial Hub,2026-06-30,21,1,120,58,62,20,45.65,48.33,LOW
T Nagar Commercial Hub,2026-06-30,22,1,120,59,61,12,50.57,49.17,LOW
T Nagar Commercial Hub,2026-06-30,23,1,120,20,100,6,15.39,16.67,LOW
Velachery Metro Station,2026-06-30,0,1,200,13,187,4,9.19,6.5,LOW
Velachery Metro Station,2026-06-30,1,1,200,34,166,17,12.97,17.0,LOW
Velachery Metro Station,2026-06-30,2,1,200,20,180,9,13.76,10.0,LOW
Velachery Metro Station,2026-06-30,3,1,200,22,178,7,5.43,11.0,LOW
Velachery Metro Station,2026-06-30,4,1,200,34,166,11,19.2,17.0,LOW
Velachery Metro Station,2026-06-30,5,1,200,23,177,9,13.42,11.5,LOW
Velachery Metro Station,2026-06-30,6,1,200,35,165,10,22.05,17.5,LOW
Velachery Metro Station,2026-06-30,7,1,200,197,3,98,98.0,98.5,HIGH
Velachery Metro Station,2026-06-30,8,1,200,189,11,71,88.45,94.5,HIGH
Velachery Metro Station,2026-06-30,9,1,200,175,25,73,89.02,87.5,HIGH
Velachery Metro Station,2026-06-30,10,1,200,200,0,73,93.45,100.0,HIGH
Velachery Metro Station,2026-06-30,11,1,200,158,42,58,77.39,79.0,MEDIUM
Velachery Metro Station,2026-06-30,12,1,200,141,59,69,66.25,70.5,MEDIUM
Velachery Metro Station,2026-06-30,13,1,200,140,60,69,70.91,70.0,MEDIUM
Velachery Metro Station,2026-06-30,14,1,200,149,51,43,77.55,74.5,MEDIUM
Velachery Metro Station,2026-06-30,15,1,200,145,55,68,76.88,72.5,MEDIUM
Velachery Metro Station,2026-06-30,16,1,200,165,35,65,84.83,82.5,HIGH
Velachery Metro Station,2026-06-30,17,1,200,193,7,76,92.79,96.5,HIGH
Velachery Metro Station,2026-06-30,18,1,200,189,11,75,98.0,94.5,HIGH
Velachery Metro Station,2026-06-30,19,1,200,186,14,93,91.91,93.0,HIGH
Velachery Metro Station,2026-06-30,20,1,200,178,22,81,83.54,89.0,HIGH
Velachery Metro Station,2026-06-30,21,1,200,95,105,22,51.84,47.5,LOW
Velachery Metro Station,2026-06-30,22,1,200,66,134,27,34.93,33.0,LOW
Velachery Metro Station,2026-06-30,23,1,200,80,120,17,37.9,40.0,LOW
OMR IT Park,2026-06-30,0,1,300,24,276,10,8.0,8.0,LOW
OMR IT Park,2026-06-30,1,1,300,23,277,8,9.8,7.67,LOW
OMR IT Park,2026-06-30,2,1,300,10,290,4,11.36,3.33,LOW
OMR IT Park,2026-06-30,3,1,300,30,270,14,7.38,10.0,LOW
OMR IT Park,2026-06-30,4,1,300,6,294,2,6.77,2.0,LOW
OMR IT Park,2026-06-30,5,1,300,24,276,9,10.64,8.0,LOW
OMR IT Park,2026-06-30,6,1,300,42,258,18,12.22,14.0,LOW
OMR IT Park,2026-06-30,7,1,300,27,273,9,5.0,9.0,LOW
OMR IT Park,2026-06-30,8,1,300,261,39,74,87.9,87.0,HIGH
OMR IT Park,2026-06-30,9,1,300,222,78,67,64.32,74.0,MEDIUM
OMR IT Park,2026-06-30,10,1,300,253,47,78,80.85,84.33,HIGH
OMR IT Park,2026-06-30,11,1,300,254,46,120,86.64,84.67,HIGH
OMR IT Park,2026-06-30,12,1,300,255,45,92,84.43,85.0,HIGH
OMR IT Park,2026-06-30,13,1,300,287,13,97,90.42,95.67,HIGH
OMR IT Park,2026-06-30,14,1,300,222,78,89,75.7,74.0,MEDIUM
OMR IT Park,2026-06-30,15,1,300,288,12,96,93.85,96.0,HIGH
OMR IT Park,2026-06-30,16,1,300,262,38,54,95.64,87.33,HIGH
OMR IT Park,2026-06-30,17,1,300,204,96,76,72.86,68.0,MEDIUM
OMR IT Park,2026-06-30,18,1,300,156,144,51,50.36,52.0,MEDIUM
OMR IT Park,2026-06-30,19,1,300,207,93,58,73.69,69.0,MEDIUM
OMR IT Park,2026-06-30,20,1,300,59,241,19,32.91,19.67,LOW
OMR IT Park,2026-06-30,21,1,300,77,223,16,25.72,25.67,LOW
OMR IT Park,2026-06-30,22,1,300,58,242,25,16.71,19.33,LOW
OMR IT Park,2026-06-30,23,1,300,33,267,9,9.38,11.0,LOW
Anna Nagar Center,2026-06-30,0,1,100,18,82,6,14.69,18.0,LOW
Anna Nagar Center,2026-06-30,1,1,100,3,97,1,5.0,3.0,LOW
Anna Nagar Center,2026-06-30,2,1,100,7,93,2,12.37,7.0,LOW
Anna Nagar Center,2026-06-30,3,1,100,18,82,5,11.27,18.0,LOW
Anna Nagar Center,2026-06-30,4,1,100,21,79,6,15.36,21.0,LOW
Anna Nagar Center,2026-06-30,5,1,100,22,78,9,26.84,22.0,LOW
Anna Nagar Center,2026-06-30,6,1,100,14,86,5,5.0,14.0,LOW
Anna Nagar Center,2026-06-30,7,1,100,13,87,4,20.88,13.0,LOW
Anna Nagar Center,2026-06-30,8,1,100,70,30,28,69.21,70.0,MEDIUM
Anna Nagar Center,2026-06-30,9,1,100,63,37,26,62.65,63.0,MEDIUM
Anna Nagar Center,2026-06-30,10,1,100,54,46,23,46.45,54.0,MEDIUM
Anna Nagar Center,2026-06-30,11,1,100,56,44,21,54.15,56.0,MEDIUM
Anna Nagar Center,2026-06-30,12,1,100,81,19,38,77.43,81.0,HIGH
Anna Nagar Center,2026-06-30,13,1,100,57,43,24,76.02,57.0,MEDIUM
Anna Nagar Center,2026-06-30,14,1,100,69,31,18,72.32,69.0,MEDIUM
Anna Nagar Center,2026-06-30,15,1,100,89,11,29,81.78,89.0,HIGH
Anna Nagar Center,2026-06-30,16,1,100,64,36,13,69.41,64.0,MEDIUM
Anna Nagar Center,2026-06-30,17,1,100,64,36,22,61.52,64.0,MEDIUM
Anna Nagar Center,2026-06-30,18,1,100,81,19,24,80.15,81.0,HIGH
Anna Nagar Center,2026-06-30,19,1,100,71,29,33,68.01,71.0,MEDIUM
Anna Nagar Center,2026-06-30,20,1,100,72,28,27,74.57,72.0,MEDIUM
Anna Nagar Center,2026-06-30,21,1,100,81,19,21,74.85,81.0,HIGH
Anna Nagar Center,2026-06-30,22,1,100,16,84,4,13.24,16.0,LOW
Anna Nagar Center,2026-06-30,23,1,100,24,76,9,19.05,24.0,LOW
Guindy Corporate Park,2026-06-30,0,1,180,9,171,4,5.29,5.0,LOW
Guindy Corporate Park,2026-06-30,1,1,180,16,164,4,10.68,8.89,LOW
Guindy Corporate Park,2026-06-30,2,1,180,5,175,2,5.0,2.78,LOW
Guindy Corporate Park,2026-06-30,3,1,180,27,153,11,7.46,15.0,LOW
Guindy Corporate Park,2026-06-30,4,1,180,7,173,3,5.0,3.89,LOW
Guindy Corporate Park,2026-06-30,5,1,180,22,158,7,8.59,12.22,LOW
Guindy Corporate Park,2026-06-30,6,1,180,10,170,2,8.15,5.56,LOW
Guindy Corporate Park,2026-06-30,7,1,180,11,169,3,5.0,6.11,LOW
Guindy Corporate Park,2026-06-30,8,1,180,158,22,70,81.89,87.78,HIGH
Guindy Corporate Park,2026-06-30,9,1,180,151,29,67,90.43,83.89,HIGH
Guindy Corporate Park,2026-06-30,10,1,180,130,50,52,71.75,72.22,MEDIUM
Guindy Corporate Park,2026-06-30,11,1,180,161,19,37,98.0,89.44,HIGH
Guindy Corporate Park,2026-06-30,12,1,180,160,20,60,97.47,88.89,HIGH
Guindy Corporate Park,2026-06-30,13,1,180,149,31,40,78.38,82.78,HIGH
Guindy Corporate Park,2026-06-30,14,1,180,152,28,53,89.27,84.44,HIGH
Guindy Corporate Park,2026-06-30,15,1,180,168,12,41,98.0,93.33,HIGH
Guindy Corporate Park,2026-06-30,16,1,180,164,16,45,84.45,91.11,HIGH
Guindy Corporate Park,2026-06-30,17,1,180,111,69,51,72.81,61.67,MEDIUM
Guindy Corporate Park,2026-06-30,18,1,180,132,48,29,71.59,73.33,MEDIUM
Guindy Corporate Park,2026-06-30,19,1,180,98,82,38,41.86,54.44,MEDIUM
Guindy Corporate Park,2026-06-30,20,1,180,44,136,20,24.24,24.44,LOW
Guindy Corporate Park,2026-06-30,21,1,180,65,115,25,38.6,36.11,LOW
Guindy Corporate Park,2026-06-30,22,1,180,44,136,16,15.84,24.44,LOW
Guindy Corporate Park,2026-06-30,23,1,180,8,172,4,5.0,4.44,LOW
Chennai Mall,2026-07-01,0,2,150,3,147,1,8.0,2.0,LOW
Chennai Mall,2026-07-01,1,2,150,30,120,7,20.88,20.0,LOW
Chennai Mall,2026-07-01,2,2,150,16,134,4,5.0,10.67,LOW
Chennai Mall,2026-07-01,3,2,150,22,128,8,22.15,14.67,LOW
Chennai Mall,2026-07-01,4,2,150,19,131,7,16.6,12.67,LOW
Chennai Mall,2026-07-01,5,2,150,28,122,10,18.07,18.67,LOW
Chennai Mall,2026-07-01,6,2,150,3,147,1,9.53,2.0,LOW
Chennai Mall,2026-07-01,7,2,150,22,128,6,7.13,14.67,LOW
Chennai Mall,2026-07-01,8,2,150,15,135,6,12.6,10.0,LOW
Chennai Mall,2026-07-01,9,2,150,11,139,4,18.03,7.33,LOW
Chennai Mall,2026-07-01,10,2,150,13,137,5,8.97,8.67,LOW
Chennai Mall,2026-07-01,11,2,150,28,122,9,20.61,18.67,LOW
Chennai Mall,2026-07-01,12,2,150,78,72,26,39.24,52.0,MEDIUM
Chennai Mall,2026-07-01,13,2,150,96,54,40,63.76,64.0,MEDIUM
Chennai Mall,2026-07-01,14,2,150,98,52,24,64.8,65.33,MEDIUM
Chennai Mall,2026-07-01,15,2,150,63,87,21,41.54,42.0,LOW
Chennai Mall,2026-07-01,16,2,150,24,126,7,10.81,16.0,LOW
Chennai Mall,2026-07-01,17,2,150,118,32,37,75.42,78.67,MEDIUM
Chennai Mall,2026-07-01,18,2,150,112,38,35,72.3,74.67,MEDIUM
Chennai Mall,2026-07-01,19,2,150,117,33,42,87.45,78.0,MEDIUM
Chennai Mall,2026-07-01,20,2,150,105,45,41,73.63,70.0,MEDIUM
Chennai Mall,2026-07-01,21,2,150,107,43,40,69.61,71.33,MEDIUM
Chennai Mall,2026-07-01,22,2,150,39,111,14,29.85,26.0,LOW
Chennai Mall,2026-07-01,23,2,150,46,104,20,26.87,30.67,LOW
T Nagar Commercial Hub,2026-07-01,0,2,120,21,99,6,14.62,17.5,LOW
T Nagar Commercial Hub,2026-07-01,1,2,120,23,97,9,15.27,19.17,LOW
T Nagar Commercial Hub,2026-07-01,2,2,120,13,107,3,15.2,10.83,LOW
T Nagar Commercial Hub,2026-07-01,3,2,120,12,108,6,13.93,10.0,LOW
T Nagar Commercial Hub,2026-07-01,4,2,120,23,97,7,9.36,19.17,LOW
T Nagar Commercial Hub,2026-07-01,5,2,120,19,101,9,19.62,15.83,LOW
T Nagar Commercial Hub,2026-07-01,6,2,120,17,103,6,11.73,14.17,LOW
T Nagar Commercial Hub,2026-07-01,7,2,120,10,110,3,16.27,8.33,LOW
T Nagar Commercial Hub,2026-07-01,8,2,120,26,94,7,21.59,21.67,LOW
T Nagar Commercial Hub,2026-07-01,9,2,120,16,104,5,6.94,13.33,LOW
T Nagar Commercial Hub,2026-07-01,10,2,120,82,38,38,65.82,68.33,MEDIUM
T Nagar Commercial Hub,2026-07-01,11,2,120,90,30,24,69.64,75.0,MEDIUM
T Nagar Commercial Hub,2026-07-01,12,2,120,68,52,30,62.77,56.67,MEDIUM
T Nagar Commercial Hub,2026-07-01,13,2,120,76,44,36,64.77,63.33,MEDIUM
T Nagar Commercial Hub,2026-07-01,14,2,120,75,45,27,72.0,62.5,MEDIUM
T Nagar Commercial Hub,2026-07-01,15,2,120,97,23,22,80.71,80.83,HIGH
T Nagar Commercial Hub,2026-07-01,16,2,120,77,43,19,66.67,64.17,MEDIUM
T Nagar Commercial Hub,2026-07-01,17,2,120,76,44,17,52.0,63.33,MEDIUM
T Nagar Commercial Hub,2026-07-01,18,2,120,103,17,26,88.14,85.83,HIGH
T Nagar Commercial Hub,2026-07-01,19,2,120,91,29,39,75.21,75.83,MEDIUM
T Nagar Commercial Hub,2026-07-01,20,2,120,59,61,12,50.3,49.17,LOW
T Nagar Commercial Hub,2026-07-01,21,2,120,60,60,23,56.86,50.0,MEDIUM
T Nagar Commercial Hub,2026-07-01,22,2,120,66,54,15,54.52,55.0,MEDIUM
T Nagar Commercial Hub,2026-07-01,23,2,120,2,118,1,5.0,1.67,LOW
Velachery Metro Station,2026-07-01,0,2,200,37,163,9,25.48,18.5,LOW
Velachery Metro Station,2026-07-01,1,2,200,27,173,12,14.49,13.5,LOW
Velachery Metro Station,2026-07-01,2,2,200,23,177,11,8.47,11.5,LOW
Velachery Metro Station,2026-07-01,3,2,200,26,174,11,5.0,13.0,LOW
Velachery Metro Station,2026-07-01,4,2,200,15,185,4,6.51,7.5,LOW
Velachery Metro Station,2026-07-01,5,2,200,32,168,14,22.55,16.0,LOW
Velachery Metro Station,2026-07-01,6,2,200,39,161,17,12.1,19.5,LOW
Velachery Metro Station,2026-07-01,7,2,200,175,25,78,86.74,87.5,HIGH
Velachery Metro Station,2026-07-01,8,2,200,165,35,41,89.32,82.5,HIGH
Velachery Metro Station,2026-07-01,9,2,200,187,13,91,75.22,93.5,HIGH
Velachery Metro Station,2026-07-01,10,2,200,176,24,88,92.26,88.0,HIGH
Velachery Metro Station,2026-07-01,11,2,200,166,34,58,88.85,83.0,HIGH
Velachery Metro Station,2026-07-01,12,2,200,162,38,76,74.52,81.0,HIGH
Velachery Metro Station,2026-07-01,13,2,200,147,53,41,71.08,73.5,MEDIUM
Velachery Metro Station,2026-07-01,14,2,200,156,44,69,87.13,78.0,MEDIUM
Velachery Metro Station,2026-07-01,15,2,200,162,38,75,82.45,81.0,HIGH
Velachery Metro Station,2026-07-01,16,2,200,139,61,46,69.39,69.5,MEDIUM
Velachery Metro Station,2026-07-01,17,2,200,200,0,60,96.91,100.0,HIGH
Velachery Metro Station,2026-07-01,18,2,200,178,22,78,94.33,89.0,HIGH
Velachery Metro Station,2026-07-01,19,2,200,177,23,76,91.34,88.5,HIGH
Velachery Metro Station,2026-07-01,20,2,200,178,22,82,86.17,89.0,HIGH
Velachery Metro Station,2026-07-01,21,2,200,59,141,15,22.08,29.5,LOW
Velachery Metro Station,2026-07-01,22,2,200,93,107,37,42.9,46.5,LOW
Velachery Metro Station,2026-07-01,23,2,200,86,114,23,38.83,43.0,LOW
OMR IT Park,2026-07-01,0,2,300,6,294,3,5.0,2.0,LOW
OMR IT Park,2026-07-01,1,2,300,25,275,7,9.78,8.33,LOW
OMR IT Park,2026-07-01,2,2,300,6,294,2,5.0,2.0,LOW
OMR IT Park,2026-07-01,3,2,300,9,291,2,5.0,3.0,LOW
OMR IT Park,2026-07-01,4,2,300,13,287,3,5.0,4.33,LOW
OMR IT Park,2026-07-01,5,2,300,17,283,8,6.88,5.67,LOW
OMR IT Park,2026-07-01,6,2,300,23,277,5,5.38,7.67,LOW
OMR IT Park,2026-07-01,7,2,300,18,282,5,8.62,6.0,LOW
OMR IT Park,2026-07-01,8,2,300,211,89,55,75.66,70.33,MEDIUM
OMR IT Park,2026-07-01,9,2,300,252,48,83,90.35,84.0,HIGH
OMR IT Park,2026-07-01,10,2,300,260,40,97,98.0,86.67,HIGH
OMR IT Park,2026-07-01,11,2,300,265,35,104,90.39,88.33,HIGH
OMR IT Park,2026-07-01,12,2,300,249,51,61,96.5,83.0,HIGH
OMR IT Park,2026-07-01,13,2,300,274,26,95,91.6,91.33,HIGH
OMR IT Park,2026-07-01,14,2,300,261,39,85,80.92,87.0,HIGH
OMR IT Park,2026-07-01,15,2,300,263,37,115,92.76,87.67,HIGH
OMR IT Park,2026-07-01,16,2,300,231,69,51,82.14,77.0,MEDIUM
OMR IT Park,2026-07-01,17,2,300,205,95,87,62.55,68.33,MEDIUM
OMR IT Park,2026-07-01,18,2,300,220,80,82,62.15,73.33,MEDIUM
OMR IT Park,2026-07-01,19,2,300,187,113,48,61.17,62.33,MEDIUM
OMR IT Park,2026-07-01,20,2,300,98,202,28,31.56,32.67,LOW
OMR IT Park,2026-07-01,21,2,300,87,213,29,32.68,29.0,LOW
OMR IT Park,2026-07-01,22,2,300,101,199,41,40.09,33.67,LOW
OMR IT Park,2026-07-01,23,2,300,6,294,2,11.07,2.0,LOW
Anna Nagar Center,2026-07-01,0,2,100,11,89,5,5.0,11.0,LOW
Anna Nagar Center,2026-07-01,1,2,100,31,69,8,29.79,31.0,LOW
Anna Nagar Center,2026-07-01,2,2,100,18,82,7,17.11,18.0,LOW
Anna Nagar Center,2026-07-01,3,2,100,10,90,2,10.33,10.0,LOW
Anna Nagar Center,2026-07-01,4,2,100,12,88,3,6.92,12.0,LOW
Anna Nagar Center,2026-07-01,5,2,100,21,79,9,14.56,21.0,LOW
Anna Nagar Center,2026-07-01,6,2,100,20,80,5,18.89,20.0,LOW
Anna Nagar Center,2026-07-01,7,2,100,11,89,3,18.63,11.0,LOW
Anna Nagar Center,2026-07-01,8,2,100,47,53,14,54.64,47.0,LOW
Anna Nagar Center,2026-07-01,9,2,100,56,44,24,57.28,56.0,MEDIUM
Anna Nagar Center,2026-07-01,10,2,100,48,52,21,40.59,48.0,LOW
Anna Nagar Center,2026-07-01,11,2,100,50,50,12,46.17,50.0,MEDIUM
Anna Nagar Center,2026-07-01,12,2,100,87,13,43,86.32,87.0,HIGH
Anna Nagar Center,2026-07-01,13,2,100,74,26,20,73.43,74.0,MEDIUM
Anna Nagar Center,2026-07-01,14,2,100,86,14,34,87.44,86.0,HIGH
Anna Nagar Center,2026-07-01,15,2,100,74,26,17,80.48,74.0,MEDIUM
Anna Nagar Center,2026-07-01,16,2,100,59,41,14,47.68,59.0,MEDIUM
Anna Nagar Center,2026-07-01,17,2,100,64,36,26,58.16,64.0,MEDIUM
Anna Nagar Center,2026-07-01,18,2,100,77,23,16,75.57,77.0,MEDIUM
Anna Nagar Center,2026-07-01,19,2,100,74,26,23,68.2,74.0,MEDIUM
Anna Nagar Center,2026-07-01,20,2,100,87,13,43,80.83,87.0,HIGH
Anna Nagar Center,2026-07-01,21,2,100,72,28,32,75.43,72.0,MEDIUM
Anna Nagar Center,2026-07-01,22,2,100,14,86,3,16.0,14.0,LOW
Anna Nagar Center,2026-07-01,23,2,100,19,81,8,13.15,19.0,LOW
Guindy Corporate Park,2026-07-01,0,2,180,4,176,2,5.0,2.22,LOW
Guindy Corporate Park,2026-07-01,1,2,180,20,160,5,16.22,11.11,LOW
Guindy Corporate Park,2026-07-01,2,2,180,15,165,5,5.0,8.33,LOW
Guindy Corporate Park,2026-07-01,3,2,180,22,158,7,6.58,12.22,LOW
Guindy Corporate Park,2026-07-01,4,2,180,6,174,3,6.41,3.33,LOW
Guindy Corporate Park,2026-07-01,5,2,180,19,161,9,6.73,10.56,LOW
Guindy Corporate Park,2026-07-01,6,2,180,12,168,4,5.0,6.67,LOW
Guindy Corporate Park,2026-07-01,7,2,180,5,175,2,5.0,2.78,LOW
Guindy Corporate Park,2026-07-01,8,2,180,148,32,44,80.32,82.22,HIGH
Guindy Corporate Park,2026-07-01,9,2,180,165,15,44,94.8,91.67,HIGH
Guindy Corporate Park,2026-07-01,10,2,180,133,47,60,67.71,73.89,MEDIUM
Guindy Corporate Park,2026-07-01,11,2,180,169,11,80,98.0,93.89,HIGH
Guindy Corporate Park,2026-07-01,12,2,180,157,23,57,81.87,87.22,HIGH
Guindy Corporate Park,2026-07-01,13,2,180,177,3,38,88.88,98.33,HIGH
Guindy Corporate Park,2026-07-01,14,2,180,159,21,42,98.0,88.33,HIGH
Guindy Corporate Park,2026-07-01,15,2,180,159,21,44,94.37,88.33,HIGH
Guindy Corporate Park,2026-07-01,16,2,180,152,28,31,87.37,84.44,HIGH
Guindy Corporate Park,2026-07-01,17,2,180,121,59,60,71.5,67.22,MEDIUM
Guindy Corporate Park,2026-07-01,18,2,180,104,76,49,65.28,57.78,MEDIUM
Guindy Corporate Park,2026-07-01,19,2,180,97,83,42,54.24,53.89,MEDIUM
Guindy Corporate Park,2026-07-01,20,2,180,41,139,16,29.48,22.78,LOW
Guindy Corporate Park,2026-07-01,21,2,180,61,119,19,27.59,33.89,LOW
Guindy Corporate Park,2026-07-01,22,2,180,55,125,27,27.65,30.56,LOW
Guindy Corporate Park,2026-07-01,23,2,180,15,165,3,5.0,8.33,LOW
Chennai Mall,2026-07-02,0,3,150,25,125,6,28.35,16.67,LOW
Chennai Mall,2026-07-02,1,3,150,28,122,8,25.19,18.67,LOW
Chennai Mall,2026-07-02,2,3,150,19,131,9,11.22,12.67,LOW
Chennai Mall,2026-07-02,3,3,150,20,130,6,20.36,13.33,LOW
Chennai Mall,2026-07-02,4,3,150,32,118,16,18.72,21.33,LOW
Chennai Mall,2026-07-02,5,3,150,11,139,3,7.69,7.33,LOW
Chennai Mall,2026-07-02,6,3,150,17,133,6,5.26,11.33,LOW
Chennai Mall,2026-07-02,7,3,150,30,120,14,20.89,20.0,LOW
Chennai Mall,2026-07-02,8,3,150,18,132,5,17.52,12.0,LOW
Chennai Mall,2026-07-02,9,3,150,22,128,6,5.0,14.67,LOW
Chennai Mall,2026-07-02,10,3,150,39,111,8,24.11,26.0,LOW
Chennai Mall,2026-07-02,11,3,150,13,137,4,11.02,8.67,LOW
Chennai Mall,2026-07-02,12,3,150,98,52,30,64.63,65.33,MEDIUM
Chennai Mall,2026-07-02,13,3,150,93,57,30,72.02,62.0,MEDIUM
Chennai Mall,2026-07-02,14,3,150,102,48,33,66.11,68.0,MEDIUM
Chennai Mall,2026-07-02,15,3,150,72,78,25,53.13,48.0,LOW
Chennai Mall,2026-07-02,16,3,150,29,121,14,14.42,19.33,LOW
Chennai Mall,2026-07-02,17,3,150,124,26,55,77.07,82.67,HIGH
Chennai Mall,2026-07-02,18,3,150,122,28,44,79.12,81.33,HIGH
Chennai Mall,2026-07-02,19,3,150,112,38,51,64.73,74.67,MEDIUM
Chennai Mall,2026-07-02,20,3,150,112,38,50,83.18,74.67,MEDIUM
Chennai Mall,2026-07-02,21,3,150,99,51,40,63.91,66.0,MEDIUM
Chennai Mall,2026-07-02,22,3,150,34,116,8,25.71,22.67,LOW
Chennai Mall,2026-07-02,23,3,150,46,104,18,31.36,30.67,LOW
T Nagar Commercial Hub,2026-07-02,0,3,120,14,106,5,16.15,11.67,LOW
T Nagar Commercial Hub,2026-07-02,1,3,120,17,103,4,5.0,14.17,LOW
T Nagar Commercial Hub,2026-07-02,2,3,120,11,109,5,7.69,9.17,LOW
T Nagar Commercial Hub,2026-07-02,3,3,120,14,106,3,7.3,11.67,LOW
T Nagar Commercial Hub,2026-07-02,4,3,120,9,111,4,5.0,7.5,LOW
T Nagar Commercial Hub,2026-07-02,5,3,120,12,108,4,16.04,10.0,LOW
T Nagar Commercial Hub,2026-07-02,6,3,120,26,94,8,17.38,21.67,LOW
T Nagar Commercial Hub,2026-07-02,7,3,120,15,105,4,13.55,12.5,LOW
T Nagar Commercial Hub,2026-07-02,8,3,120,29,91,14,22.95,24.17,LOW
T Nagar Commercial Hub,2026-07-02,9,3,120,14,106,4,9.41,11.67,LOW
T Nagar Commercial Hub,2026-07-02,10,3,120,82,38,28,70.73,68.33,MEDIUM
T Nagar Commercial Hub,2026-07-02,11,3,120,88,32,23,77.37,73.33,MEDIUM
T Nagar Commercial Hub,2026-07-02,12,3,120,76,44,30,62.36,63.33,MEDIUM
T Nagar Commercial Hub,2026-07-02,13,3,120,106,14,34,93.01,88.33,HIGH
T Nagar Commercial Hub,2026-07-02,14,3,120,75,45,32,67.67,62.5,MEDIUM
T Nagar Commercial Hub,2026-07-02,15,3,120,78,42,19,66.07,65.0,MEDIUM
T Nagar Commercial Hub,2026-07-02,16,3,120,95,25,36,84.29,79.17,MEDIUM
T Nagar Commercial Hub,2026-07-02,17,3,120,83,37,33,63.67,69.17,MEDIUM
T Nagar Commercial Hub,2026-07-02,18,3,120,77,43,17,68.27,64.17,MEDIUM
T Nagar Commercial Hub,2026-07-02,19,3,120,101,19,44,82.45,84.17,HIGH
T Nagar Commercial Hub,2026-07-02,20,3,120,66,54,23,58.75,55.0,MEDIUM
T Nagar Commercial Hub,2026-07-02,21,3,120,36,84,16,43.07,30.0,LOW
T Nagar Commercial Hub,2026-07-02,22,3,120,52,68,12,46.61,43.33,LOW
T Nagar Commercial Hub,2026-07-02,23,3,120,9,111,4,5.0,7.5,LOW
Velachery Metro Station,2026-07-02,0,3,200,39,161,12,17.87,19.5,LOW
Velachery Metro Station,2026-07-02,1,3,200,28,172,7,5.44,14.0,LOW
Velachery Metro Station,2026-07-02,2,3,200,14,186,5,5.87,7.0,LOW
Velachery Metro Station,2026-07-02,3,3,200,33,167,14,27.05,16.5,LOW
Velachery Metro Station,2026-07-02,4,3,200,31,169,8,11.63,15.5,LOW
Velachery Metro Station,2026-07-02,5,3,200,22,178,7,15.79,11.0,LOW
Velachery Metro Station,2026-07-02,6,3,200,53,147,24,24.27,26.5,LOW
Velachery Metro Station,2026-07-02,7,3,200,174,26,44,90.1,87.0,HIGH
Velachery Metro Station,2026-07-02,8,3,200,178,22,87,87.25,89.0,HIGH
Velachery Metro Station,2026-07-02,9,3,200,191,9,78,95.19,95.5,HIGH
Velachery Metro Station,2026-07-02,10,3,200,176,24,69,85.74,88.0,HIGH
Velachery Metro Station,2026-07-02,11,3,200,159,41,62,76.56,79.5,MEDIUM
Velachery Metro Station,2026-07-02,12,3,200,152,48,75,73.81,76.0,MEDIUM
Velachery Metro Station,2026-07-02,13,3,200,155,45,72,60.94,77.5,MEDIUM
Velachery Metro Station,2026-07-02,14,3,200,156,44,33,88.67,78.0,MEDIUM
Velachery Metro Station,2026-07-02,15,3,200,179,21,68,89.1,89.5,HIGH
Velachery Metro Station,2026-07-02,16,3,200,147,53,45,72.01,73.5,MEDIUM
Velachery Metro Station,2026-07-02,17,3,200,193,7,59,93.82,96.5,HIGH
Velachery Metro Station,2026-07-02,18,3,200,170,30,77,84.57,85.0,HIGH
Velachery Metro Station,2026-07-02,19,3,200,177,23,70,93.4,88.5,HIGH
Velachery Metro Station,2026-07-02,20,3,200,185,15,82,85.78,92.5,HIGH
Velachery Metro Station,2026-07-02,21,3,200,57,143,14,33.03,28.5,LOW
Velachery Metro Station,2026-07-02,22,3,200,88,112,26,49.35,44.0,LOW
Velachery Metro Station,2026-07-02,23,3,200,122,78,38,50.6,61.0,MEDIUM
OMR IT Park,2026-07-02,0,3,300,22,278,6,5.0,7.33,LOW
OMR IT Park,2026-07-02,1,3,300,23,277,5,5.0,7.67,LOW
OMR IT Park,2026-07-02,2,3,300,11,289,4,5.0,3.67,LOW
OMR IT Park,2026-07-02,3,3,300,24,276,7,20.35,8.0,LOW
OMR IT Park,2026-07-02,4,3,300,8,292,4,11.34,2.67,LOW
OMR IT Park,2026-07-02,5,3,300,13,287,5,5.0,4.33,LOW
OMR IT Park,2026-07-02,6,3,300,38,262,11,11.32,12.67,LOW
OMR IT Park,2026-07-02,7,3,300,18,282,9,6.93,6.0,LOW
OMR IT Park,2026-07-02,8,3,300,282,18,132,76.91,94.0,HIGH
OMR IT Park,2026-07-02,9,3,300,248,52,88,75.81,82.67,HIGH
OMR IT Park,2026-07-02,10,3,300,213,87,68,73.94,71.0,MEDIUM
OMR IT Park,2026-07-02,11,3,300,294,6,89,93.9,98.0,HIGH
OMR IT Park,2026-07-02,12,3,300,295,5,80,98.0,98.33,HIGH
OMR IT Park,2026-07-02,13,3,300,299,1,105,97.74,99.67,HIGH
OMR IT Park,2026-07-02,14,3,300,248,52,89,85.46,82.67,HIGH
OMR IT Park,2026-07-02,15,3,300,268,32,102,86.52,89.33,HIGH
OMR IT Park,2026-07-02,16,3,300,282,18,140,95.72,94.0,HIGH
OMR IT Park,2026-07-02,17,3,300,170,130,58,51.6,56.67,MEDIUM
OMR IT Park,2026-07-02,18,3,300,201,99,85,74.92,67.0,MEDIUM
OMR IT Park,2026-07-02,19,3,300,190,110,90,56.74,63.33,MEDIUM
OMR IT Park,2026-07-02,20,3,300,79,221,18,38.17,26.33,LOW
OMR IT Park,2026-07-02,21,3,300,67,233,18,30.88,22.33,LOW
OMR IT Park,2026-07-02,22,3,300,105,195,25,39.11,35.0,LOW
OMR IT Park,2026-07-02,23,3,300,12,288,3,5.0,4.0,LOW
Anna Nagar Center,2026-07-02,0,3,100,27,73,13,19.9,27.0,LOW
Anna Nagar Center,2026-07-02,1,3,100,25,75,6,28.3,25.0,LOW
Anna Nagar Center,2026-07-02,2,3,100,13,87,6,18.43,13.0,LOW
Anna Nagar Center,2026-07-02,3,3,100,8,92,2,12.56,8.0,LOW
Anna Nagar Center,2026-07-02,4,3,100,24,76,9,14.29,24.0,LOW
Anna Nagar Center,2026-07-02,5,3,100,16,84,4,6.61,16.0,LOW
Anna Nagar Center,2026-07-02,6,3,100,22,78,10,34.03,22.0,LOW
Anna Nagar Center,2026-07-02,7,3,100,11,89,5,12.24,11.0,LOW
Anna Nagar Center,2026-07-02,8,3,100,51,49,13,42.55,51.0,MEDIUM
Anna Nagar Center,2026-07-02,9,3,100,70,30,20,64.26,70.0,MEDIUM
Anna Nagar Center,2026-07-02,10,3,100,66,34,33,56.13,66.0,MEDIUM
Anna Nagar Center,2026-07-02,11,3,100,63,37,26,62.12,63.0,MEDIUM
Anna Nagar Center,2026-07-02,12,3,100,65,35,20,64.93,65.0,MEDIUM
Anna Nagar Center,2026-07-02,13,3,100,81,19,38,82.94,81.0,HIGH
Anna Nagar Center,2026-07-02,14,3,100,72,28,19,64.29,72.0,MEDIUM
Anna Nagar Center,2026-07-02,15,3,100,70,30,34,71.53,70.0,MEDIUM
Anna Nagar Center,2026-07-02,16,3,100,64,36,22,51.13,64.0,MEDIUM
Anna Nagar Center,2026-07-02,17,3,100,59,41,20,66.82,59.0,MEDIUM
Anna Nagar Center,2026-07-02,18,3,100,81,19,30,75.6,81.0,HIGH
Anna Nagar Center,2026-07-02,19,3,100,66,34,20,66.78,66.0,MEDIUM
Anna Nagar Center,2026-07-02,20,3,100,88,12,24,85.65,88.0,HIGH
Anna Nagar Center,2026-07-02,21,3,100,76,24,27,75.47,76.0,MEDIUM
Anna Nagar Center,2026-07-02,22,3,100,23,77,7,21.75,23.0,LOW
Anna Nagar Center,2026-07-02,23,3,100,19,81,9,24.26,19.0,LOW
Guindy Corporate Park,2026-07-02,0,3,180,11,169,3,5.0,6.11,LOW
Guindy Corporate Park,2026-07-02,1,3,180,14,166,3,5.0,7.78,LOW
Guindy Corporate Park,2026-07-02,2,3,180,15,165,7,8.52,8.33,LOW
Guindy Corporate Park,2026-07-02,3,3,180,10,170,2,17.89,5.56,LOW
Guindy Corporate Park,2026-07-02,4,3,180,14,166,5,5.84,7.78,LOW
Guindy Corporate Park,2026-07-02,5,3,180,16,164,4,16.1,8.89,LOW
Guindy Corporate Park,2026-07-02,6,3,180,12,168,3,13.42,6.67,LOW
Guindy Corporate Park,2026-07-02,7,3,180,16,164,3,13.99,8.89,LOW
Guindy Corporate Park,2026-07-02,8,3,180,133,47,50,64.1,73.89,MEDIUM
Guindy Corporate Park,2026-07-02,9,3,180,153,27,38,81.89,85.0,HIGH
Guindy Corporate Park,2026-07-02,10,3,180,135,45,58,74.37,75.0,MEDIUM
Guindy Corporate Park,2026-07-02,11,3,180,177,3,50,98.0,98.33,HIGH
Guindy Corporate Park,2026-07-02,12,3,180,173,7,50,94.91,96.11,HIGH
Guindy Corporate Park,2026-07-02,13,3,180,178,2,87,98.0,98.89,HIGH
Guindy Corporate Park,2026-07-02,14,3,180,166,14,50,94.34,92.22,HIGH
Guindy Corporate Park,2026-07-02,15,3,180,176,4,53,95.45,97.78,HIGH
Guindy Corporate Park,2026-07-02,16,3,180,180,0,63,91.32,100.0,HIGH
Guindy Corporate Park,2026-07-02,17,3,180,128,52,60,78.34,71.11,MEDIUM
Guindy Corporate Park,2026-07-02,18,3,180,99,81,46,56.05,55.0,MEDIUM
Guindy Corporate Park,2026-07-02,19,3,180,105,75,46,56.27,58.33,MEDIUM
Guindy Corporate Park,2026-07-02,20,3,180,33,147,7,18.47,18.33,LOW
Guindy Corporate Park,2026-07-02,21,3,180,67,113,23,34.26,37.22,LOW
Guindy Corporate Park,2026-07-02,22,3,180,52,128,13,26.43,28.89,LOW
Guindy Corporate Park,2026-07-02,23,3,180,13,167,4,5.0,7.22,LOW
Chennai Mall,2026-07-03,0,4,150,37,113,8,19.97,24.67,LOW
Chennai Mall,2026-07-03,1,4,150,16,134,4,9.2,10.67,LOW
Chennai Mall,2026-07-03,2,4,150,11,139,3,5.0,7.33,LOW
Chennai Mall,2026-07-03,3,4,150,36,114,15,14.21,24.0,LOW
Chennai Mall,2026-07-03,4,4,150,10,140,4,9.77,6.67,LOW
Chennai Mall,2026-07-03,5,4,150,26,124,11,13.32,17.33,LOW
Chennai Mall,2026-07-03,6,4,150,13,137,5,15.72,8.67,LOW
Chennai Mall,2026-07-03,7,4,150,15,135,3,13.81,10.0,LOW
Chennai Mall,2026-07-03,8,4,150,16,134,4,5.0,10.67,LOW
Chennai Mall,2026-07-03,9,4,150,34,116,13,15.25,22.67,LOW
Chennai Mall,2026-07-03,10,4,150,34,116,15,31.62,22.67,LOW
Chennai Mall,2026-07-03,11,4,150,36,114,10,22.03,24.0,LOW
Chennai Mall,2026-07-03,12,4,150,92,58,34,48.52,61.33,MEDIUM
Chennai Mall,2026-07-03,13,4,150,101,49,30,64.89,67.33,MEDIUM
Chennai Mall,2026-07-03,14,4,150,68,82,21,49.76,45.33,LOW
Chennai Mall,2026-07-03,15,4,150,91,59,28,60.4,60.67,MEDIUM
Chennai Mall,2026-07-03,16,4,150,13,137,3,12.81,8.67,LOW
Chennai Mall,2026-07-03,17,4,150,99,51,20,65.5,66.0,MEDIUM
Chennai Mall,2026-07-03,18,4,150,104,46,34,71.54,69.33,MEDIUM
Chennai Mall,2026-07-03,19,4,150,126,24,60,90.96,84.0,HIGH
Chennai Mall,2026-07-03,20,4,150,108,42,43,78.01,72.0,MEDIUM
Chennai Mall,2026-07-03,21,4,150,118,32,40,77.63,78.67,MEDIUM
Chennai Mall,2026-07-03,22,4,150,57,93,22,34.76,38.0,LOW
Chennai Mall,2026-07-03,23,4,150,50,100,19,30.51,33.33,LOW
T Nagar Commercial Hub,2026-07-03,0,4,120,9,111,3,5.0,7.5,LOW
T Nagar Commercial Hub,2026-07-03,1,4,120,12,108,2,7.8,10.0,LOW
T Nagar Commercial Hub,2026-07-03,2,4,120,17,103,7,8.99,14.17,LOW
T Nagar Commercial Hub,2026-07-03,3,4,120,7,113,2,18.09,5.83,LOW
T Nagar Commercial Hub,2026-07-03,4,4,120,17,103,8,14.96,14.17,LOW
T Nagar Commercial Hub,2026-07-03,5,4,120,10,110,4,13.24,8.33,LOW
T Nagar Commercial Hub,2026-07-03,6,4,120,23,97,9,17.81,19.17,LOW
T Nagar Commercial Hub,2026-07-03,7,4,120,15,105,3,17.43,12.5,LOW
T Nagar Commercial Hub,2026-07-03,8,4,120,27,93,11,23.59,22.5,LOW
T Nagar Commercial Hub,2026-07-03,9,4,120,16,104,8,5.66,13.33,LOW
T Nagar Commercial Hub,2026-07-03,10,4,120,89,31,32,80.69,74.17,MEDIUM
T Nagar Commercial Hub,2026-07-03,11,4,120,89,31,22,72.66,74.17,MEDIUM
T Nagar Commercial Hub,2026-07-03,12,4,120,89,31,24,65.75,74.17,MEDIUM
T Nagar Commercial Hub,2026-07-03,13,4,120,100,20,37,82.25,83.33,HIGH
T Nagar Commercial Hub,2026-07-03,14,4,120,73,47,21,71.37,60.83,MEDIUM
T Nagar Commercial Hub,2026-07-03,15,4,120,73,47,18,58.35,60.83,MEDIUM
T Nagar Commercial Hub,2026-07-03,16,4,120,87,33,27,74.85,72.5,MEDIUM
T Nagar Commercial Hub,2026-07-03,17,4,120,91,29,23,73.16,75.83,MEDIUM
T Nagar Commercial Hub,2026-07-03,18,4,120,101,19,23,86.48,84.17,HIGH
T Nagar Commercial Hub,2026-07-03,19,4,120,76,44,29,61.88,63.33,MEDIUM
T Nagar Commercial Hub,2026-07-03,20,4,120,49,71,21,37.59,40.83,LOW
T Nagar Commercial Hub,2026-07-03,21,4,120,47,73,18,37.36,39.17,LOW
T Nagar Commercial Hub,2026-07-03,22,4,120,65,55,15,58.74,54.17,MEDIUM
T Nagar Commercial Hub,2026-07-03,23,4,120,17,103,7,18.9,14.17,LOW
Velachery Metro Station,2026-07-03,0,4,200,29,171,14,21.83,14.5,LOW
Velachery Metro Station,2026-07-03,1,4,200,19,181,4,21.59,9.5,LOW
Velachery Metro Station,2026-07-03,2,4,200,36,164,9,20.4,18.0,LOW
Velachery Metro Station,2026-07-03,3,4,200,38,162,12,13.62,19.0,LOW
Velachery Metro Station,2026-07-03,4,4,200,10,190,5,5.0,5.0,LOW
Velachery Metro Station,2026-07-03,5,4,200,35,165,9,16.76,17.5,LOW
Velachery Metro Station,2026-07-03,6,4,200,24,176,5,18.05,12.0,LOW
Velachery Metro Station,2026-07-03,7,4,200,173,27,86,77.58,86.5,HIGH
Velachery Metro Station,2026-07-03,8,4,200,168,32,78,81.32,84.0,HIGH
Velachery Metro Station,2026-07-03,9,4,200,171,29,71,88.39,85.5,HIGH
Velachery Metro Station,2026-07-03,10,4,200,194,6,50,98.0,97.0,HIGH
Velachery Metro Station,2026-07-03,11,4,200,173,27,36,86.62,86.5,HIGH
Velachery Metro Station,2026-07-03,12,4,200,152,48,40,82.03,76.0,MEDIUM
Velachery Metro Station,2026-07-03,13,4,200,155,45,70,82.7,77.5,MEDIUM
Velachery Metro Station,2026-07-03,14,4,200,152,48,48,77.12,76.0,MEDIUM
Velachery Metro Station,2026-07-03,15,4,200,137,63,35,65.6,68.5,MEDIUM
Velachery Metro Station,2026-07-03,16,4,200,164,36,53,78.48,82.0,HIGH
Velachery Metro Station,2026-07-03,17,4,200,183,17,81,77.94,91.5,HIGH
Velachery Metro Station,2026-07-03,18,4,200,192,8,85,96.84,96.0,HIGH
Velachery Metro Station,2026-07-03,19,4,200,175,25,81,93.19,87.5,HIGH
Velachery Metro Station,2026-07-03,20,4,200,200,0,85,98.0,100.0,HIGH
Velachery Metro Station,2026-07-03,21,4,200,75,125,23,32.56,37.5,LOW
Velachery Metro Station,2026-07-03,22,4,200,60,140,30,26.43,30.0,LOW
Velachery Metro Station,2026-07-03,23,4,200,98,102,46,47.61,49.0,LOW
OMR IT Park,2026-07-03,0,4,300,17,283,4,10.25,5.67,LOW
OMR IT Park,2026-07-03,1,4,300,12,288,5,14.47,4.0,LOW
OMR IT Park,2026-07-03,2,4,300,10,290,4,8.21,3.33,LOW
OMR IT Park,2026-07-03,3,4,300,6,294,2,10.07,2.0,LOW
OMR IT Park,2026-07-03,4,4,300,14,286,6,9.9,4.67,LOW
OMR IT Park,2026-07-03,5,4,300,22,278,5,5.46,7.33,LOW
OMR IT Park,2026-07-03,6,4,300,18,282,8,7.2,6.0,LOW
OMR IT Park,2026-07-03,7,4,300,9,291,2,5.0,3.0,LOW
OMR IT Park,2026-07-03,8,4,300,249,51,108,71.42,83.0,HIGH
OMR IT Park,2026-07-03,9,4,300,263,37,119,77.57,87.67,HIGH
OMR IT Park,2026-07-03,10,4,300,216,84,85,67.72,72.0,MEDIUM
OMR IT Park,2026-07-03,11,4,300,258,42,123,90.23,86.0,HIGH
OMR IT Park,2026-07-03,12,4,300,247,53,91,83.9,82.33,HIGH
OMR IT Park,2026-07-03,13,4,300,280,20,56,88.18,93.33,HIGH
OMR IT Park,2026-07-03,14,4,300,274,26,58,85.26,91.33,HIGH
OMR IT Park,2026-07-03,15,4,300,288,12,71,96.6,96.0,HIGH
OMR IT Park,2026-07-03,16,4,300,276,24,116,98.0,92.0,HIGH
OMR IT Park,2026-07-03,17,4,300,140,160,69,53.62,46.67,LOW
OMR IT Park,2026-07-03,18,4,300,216,84,66,72.01,72.0,MEDIUM
OMR IT Park,2026-07-03,19,4,300,228,72,96,68.11,76.0,MEDIUM
OMR IT Park,2026-07-03,20,4,300,59,241,15,16.43,19.67,LOW
OMR IT Park,2026-07-03,21,4,300,64,236,28,26.46,21.33,LOW
OMR IT Park,2026-07-03,22,4,300,66,234,21,13.86,22.0,LOW
OMR IT Park,2026-07-03,23,4,300,28,272,9,14.59,9.33,LOW
Anna Nagar Center,2026-07-03,0,4,100,12,88,6,5.0,12.0,LOW
Anna Nagar Center,2026-07-03,1,4,100,11,89,2,5.0,11.0,LOW
Anna Nagar Center,2026-07-03,2,4,100,17,83,5,36.81,17.0,LOW
Anna Nagar Center,2026-07-03,3,4,100,26,74,11,21.64,26.0,LOW
Anna Nagar Center,2026-07-03,4,4,100,9,91,2,11.71,9.0,LOW
Anna Nagar Center,2026-07-03,5,4,100,12,88,5,13.61,12.0,LOW
Anna Nagar Center,2026-07-03,6,4,100,23,77,9,22.95,23.0,LOW
Anna Nagar Center,2026-07-03,7,4,100,14,86,5,6.2,14.0,LOW
Anna Nagar Center,2026-07-03,8,4,100,41,59,20,37.85,41.0,LOW
Anna Nagar Center,2026-07-03,9,4,100,48,52,13,54.17,48.0,LOW
Anna Nagar Center,2026-07-03,10,4,100,39,61,10,31.99,39.0,LOW
Anna Nagar Center,2026-07-03,11,4,100,44,56,21,43.74,44.0,LOW
Anna Nagar Center,2026-07-03,12,4,100,80,20,35,75.52,80.0,HIGH
Anna Nagar Center,2026-07-03,13,4,100,78,22,37,86.1,78.0,MEDIUM
Anna Nagar Center,2026-07-03,14,4,100,68,32,16,72.19,68.0,MEDIUM
Anna Nagar Center,2026-07-03,15,4,100,86,14,35,82.35,86.0,HIGH
Anna Nagar Center,2026-07-03,16,4,100,55,45,25,55.82,55.0,MEDIUM
Anna Nagar Center,2026-07-03,17,4,100,48,52,17,35.93,48.0,LOW
Anna Nagar Center,2026-07-03,18,4,100,70,30,16,64.86,70.0,MEDIUM
Anna Nagar Center,2026-07-03,19,4,100,78,22,19,85.2,78.0,MEDIUM
Anna Nagar Center,2026-07-03,20,4,100,69,31,15,74.51,69.0,MEDIUM
Anna Nagar Center,2026-07-03,21,4,100,77,23,27,79.75,77.0,MEDIUM
Anna Nagar Center,2026-07-03,22,4,100,24,76,11,26.15,24.0,LOW
Anna Nagar Center,2026-07-03,23,4,100,18,82,5,25.29,18.0,LOW
Guindy Corporate Park,2026-07-03,0,4,180,10,170,3,5.0,5.56,LOW
Guindy Corporate Park,2026-07-03,1,4,180,10,170,3,5.0,5.56,LOW
Guindy Corporate Park,2026-07-03,2,4,180,13,167,3,5.0,7.22,LOW
Guindy Corporate Park,2026-07-03,3,4,180,13,167,4,11.0,7.22,LOW
Guindy Corporate Park,2026-07-03,4,4,180,9,171,2,6.96,5.0,LOW
Guindy Corporate Park,2026-07-03,5,4,180,10,170,3,18.97,5.56,LOW
Guindy Corporate Park,2026-07-03,6,4,180,6,174,2,8.88,3.33,LOW
Guindy Corporate Park,2026-07-03,7,4,180,6,174,2,5.0,3.33,LOW
Guindy Corporate Park,2026-07-03,8,4,180,154,26,33,78.53,85.56,HIGH
Guindy Corporate Park,2026-07-03,9,4,180,164,16,77,88.7,91.11,HIGH
Guindy Corporate Park,2026-07-03,10,4,180,166,14,37,94.51,92.22,HIGH
Guindy Corporate Park,2026-07-03,11,4,180,145,35,65,87.14,80.56,HIGH
Guindy Corporate Park,2026-07-03,12,4,180,163,17,77,81.56,90.56,HIGH
Guindy Corporate Park,2026-07-03,13,4,180,149,31,44,83.66,82.78,HIGH
Guindy Corporate Park,2026-07-03,14,4,180,151,29,39,86.13,83.89,HIGH
Guindy Corporate Park,2026-07-03,15,4,180,180,0,46,98.0,100.0,HIGH
Guindy Corporate Park,2026-07-03,16,4,180,171,9,81,98.0,95.0,HIGH
Guindy Corporate Park,2026-07-03,17,4,180,133,47,31,75.67,73.89,MEDIUM
Guindy Corporate Park,2026-07-03,18,4,180,94,86,33,59.41,52.22,MEDIUM
Guindy Corporate Park,2026-07-03,19,4,180,98,82,39,56.59,54.44,MEDIUM
Guindy Corporate Park,2026-07-03,20,4,180,54,126,12,24.12,30.0,LOW
Guindy Corporate Park,2026-07-03,21,4,180,41,139,12,27.2,22.78,LOW
Guindy Corporate Park,2026-07-03,22,4,180,27,153,8,21.5,15.0,LOW
Guindy Corporate Park,2026-07-03,23,4,180,19,161,7,10.88,10.56,LOW
Chennai Mall,2026-07-04,0,5,150,28,122,6,12.85,18.67,LOW
Chennai Mall,2026-07-04,1,5,150,36,114,7,27.8,24.0,LOW
Chennai Mall,2026-07-04,2,5,150,9,141,4,5.97,6.0,LOW
Chennai Mall,2026-07-04,3,5,150,34,116,14,20.33,22.67,LOW
Chennai Mall,2026-07-04,4,5,150,13,137,6,9.65,8.67,LOW
Chennai Mall,2026-07-04,5,5,150,26,124,12,21.7,17.33,LOW
Chennai Mall,2026-07-04,6,5,150,15,135,6,5.0,10.0,LOW
Chennai Mall,2026-07-04,7,5,150,40,110,18,18.0,26.67,LOW
Chennai Mall,2026-07-04,8,5,150,42,108,9,22.79,28.0,LOW
Chennai Mall,2026-07-04,9,5,150,34,116,12,19.98,22.67,LOW
Chennai Mall,2026-07-04,10,5,150,37,113,11,22.6,24.67,LOW
Chennai Mall,2026-07-04,11,5,150,108,42,38,80.5,72.0,MEDIUM
Chennai Mall,2026-07-04,12,5,150,126,24,27,85.5,84.0,HIGH
Chennai Mall,2026-07-04,13,5,150,130,20,64,88.18,86.67,HIGH
Chennai Mall,2026-07-04,14,5,150,112,38,45,78.55,74.67,MEDIUM
Chennai Mall,2026-07-04,15,5,150,128,22,47,80.16,85.33,HIGH
Chennai Mall,2026-07-04,16,5,150,129,21,36,88.11,86.0,HIGH
Chennai Mall,2026-07-04,17,5,150,136,14,35,87.5,90.67,HIGH
Chennai Mall,2026-07-04,18,5,150,137,13,43,89.14,91.33,HIGH
Chennai Mall,2026-07-04,19,5,150,143,7,71,83.28,95.33,HIGH
Chennai Mall,2026-07-04,20,5,150,145,5,50,98.0,96.67,HIGH
Chennai Mall,2026-07-04,21,5,150,133,17,47,89.49,88.67,HIGH
Chennai Mall,2026-07-04,22,5,150,68,82,14,50.17,45.33,LOW
Chennai Mall,2026-07-04,23,5,150,65,85,24,43.78,43.33,LOW
T Nagar Commercial Hub,2026-07-04,0,5,120,50,70,12,31.93,41.67,LOW
T Nagar Commercial Hub,2026-07-04,1,5,120,26,94,12,23.18,21.67,LOW
T Nagar Commercial Hub,2026-07-04,2,5,120,50,70,16,28.44,41.67,LOW
T Nagar Commercial Hub,2026-07-04,3,5,120,32,88,8,26.74,26.67,LOW
T Nagar Commercial Hub,2026-07-04,4,5,120,16,104,3,9.64,13.33,LOW
T Nagar Commercial Hub,2026-07-04,5,5,120,37,83,14,33.99,30.83,LOW
T Nagar Commercial Hub,2026-07-04,6,5,120,52,68,11,50.74,43.33,LOW
T Nagar Commercial Hub,2026-07-04,7,5,120,30,90,12,13.85,25.0,LOW
T Nagar Commercial Hub,2026-07-04,8,5,120,42,78,12,31.82,35.0,LOW
T Nagar Commercial Hub,2026-07-04,9,5,120,25,95,9,18.67,20.83,LOW
T Nagar Commercial Hub,2026-07-04,10,5,120,33,87,9,33.91,27.5,LOW
T Nagar Commercial Hub,2026-07-04,11,5,120,112,8,45,98.0,93.33,HIGH
T Nagar Commercial Hub,2026-07-04,12,5,120,95,25,20,81.25,79.17,MEDIUM
T Nagar Commercial Hub,2026-07-04,13,5,120,113,7,53,86.71,94.17,HIGH
T Nagar Commercial Hub,2026-07-04,14,5,120,99,21,23,91.43,82.5,HIGH
T Nagar Commercial Hub,2026-07-04,15,5,120,111,9,53,98.0,92.5,HIGH
T Nagar Commercial Hub,2026-07-04,16,5,120,107,13,25,90.76,89.17,HIGH
T Nagar Commercial Hub,2026-07-04,17,5,120,108,12,44,82.35,90.0,HIGH
T Nagar Commercial Hub,2026-07-04,18,5,120,106,14,24,83.82,88.33,HIGH
T Nagar Commercial Hub,2026-07-04,19,5,120,111,9,41,86.4,92.5,HIGH
T Nagar Commercial Hub,2026-07-04,20,5,120,112,8,37,98.0,93.33,HIGH
T Nagar Commercial Hub,2026-07-04,21,5,120,113,7,29,93.88,94.17,HIGH
T Nagar Commercial Hub,2026-07-04,22,5,120,54,66,23,48.05,45.0,LOW
T Nagar Commercial Hub,2026-07-04,23,5,120,21,99,6,12.9,17.5,LOW
Velachery Metro Station,2026-07-04,0,5,200,103,97,41,43.27,51.5,MEDIUM
Velachery Metro Station,2026-07-04,1,5,200,55,145,24,23.53,27.5,LOW
Velachery Metro Station,2026-07-04,2,5,200,80,120,17,34.73,40.0,LOW
Velachery Metro Station,2026-07-04,3,5,200,92,108,44,38.79,46.0,LOW
Velachery Metro Station,2026-07-04,4,5,200,78,122,34,41.54,39.0,LOW
Velachery Metro Station,2026-07-04,5,5,200,69,131,20,31.93,34.5,LOW
Velachery Metro Station,2026-07-04,6,5,200,43,157,12,26.1,21.5,LOW
Velachery Metro Station,2026-07-04,7,5,200,89,111,24,45.25,44.5,LOW
Velachery Metro Station,2026-07-04,8,5,200,71,129,32,32.92,35.5,LOW
Velachery Metro Station,2026-07-04,9,5,200,50,150,15,26.48,25.0,LOW
Velachery Metro Station,2026-07-04,10,5,200,94,106,38,45.19,47.0,LOW
Velachery Metro Station,2026-07-04,11,5,200,76,124,36,42.01,38.0,LOW
Velachery Metro Station,2026-07-04,12,5,200,82,118,41,42.76,41.0,LOW
Velachery Metro Station,2026-07-04,13,5,200,35,165,14,20.19,17.5,LOW
Velachery Metro Station,2026-07-04,14,5,200,88,112,38,46.74,44.0,LOW
Velachery Metro Station,2026-07-04,15,5,200,88,112,34,51.44,44.0,LOW
Velachery Metro Station,2026-07-04,16,5,200,97,103,27,50.25,48.5,LOW
Velachery Metro Station,2026-07-04,17,5,200,96,104,31,46.97,48.0,LOW
Velachery Metro Station,2026-07-04,18,5,200,66,134,31,41.6,33.0,LOW
Velachery Metro Station,2026-07-04,19,5,200,88,112,36,37.44,44.0,LOW
Velachery Metro Station,2026-07-04,20,5,200,72,128,22,30.91,36.0,LOW
Velachery Metro Station,2026-07-04,21,5,200,66,134,28,24.91,33.0,LOW
Velachery Metro Station,2026-07-04,22,5,200,95,105,19,40.24,47.5,LOW
Velachery Metro Station,2026-07-04,23,5,200,72,128,25,40.39,36.0,LOW
OMR IT Park,2026-07-04,0,5,300,45,255,20,19.0,15.0,LOW
OMR IT Park,2026-07-04,1,5,300,65,235,14,28.29,21.67,LOW
OMR IT Park,2026-07-04,2,5,300,44,256,15,12.13,14.67,LOW
OMR IT Park,2026-07-04,3,5,300,67,233,22,15.08,22.33,LOW
OMR IT Park,2026-07-04,4,5,300,31,269,7,16.95,10.33,LOW
OMR IT Park,2026-07-04,5,5,300,51,249,25,13.5,17.0,LOW
OMR IT Park,2026-07-04,6,5,300,33,267,16,10.11,11.0,LOW
OMR IT Park,2026-07-04,7,5,300,59,241,15,28.31,19.67,LOW
OMR IT Park,2026-07-04,8,5,300,47,253,18,13.79,15.67,LOW
OMR IT Park,2026-07-04,9,5,300,62,238,15,13.15,20.67,LOW
OMR IT Park,2026-07-04,10,5,300,21,279,10,5.0,7.0,LOW
OMR IT Park,2026-07-04,11,5,300,35,265,17,9.22,11.67,LOW
OMR IT Park,2026-07-04,12,5,300,25,275,8,23.08,8.33,LOW
OMR IT Park,2026-07-04,13,5,300,35,265,10,13.19,11.67,LOW
OMR IT Park,2026-07-04,14,5,300,46,254,21,12.55,15.33,LOW
OMR IT Park,2026-07-04,15,5,300,16,284,5,5.0,5.33,LOW
OMR IT Park,2026-07-04,16,5,300,60,240,23,16.18,20.0,LOW
OMR IT Park,2026-07-04,17,5,300,28,272,11,9.02,9.33,LOW
OMR IT Park,2026-07-04,18,5,300,35,265,12,16.14,11.67,LOW
OMR IT Park,2026-07-04,19,5,300,31,269,9,18.19,10.33,LOW
OMR IT Park,2026-07-04,20,5,300,68,232,26,26.29,22.67,LOW
OMR IT Park,2026-07-04,21,5,300,45,255,19,16.94,15.0,LOW
OMR IT Park,2026-07-04,22,5,300,13,287,5,5.39,4.33,LOW
OMR IT Park,2026-07-04,23,5,300,41,259,19,9.3,13.67,LOW
Anna Nagar Center,2026-07-04,0,5,100,26,74,12,25.79,26.0,LOW
Anna Nagar Center,2026-07-04,1,5,100,38,62,9,39.59,38.0,LOW
Anna Nagar Center,2026-07-04,2,5,100,21,79,7,23.62,21.0,LOW
Anna Nagar Center,2026-07-04,3,5,100,36,64,11,31.93,36.0,LOW
Anna Nagar Center,2026-07-04,4,5,100,21,79,5,20.42,21.0,LOW
Anna Nagar Center,2026-07-04,5,5,100,31,69,9,35.2,31.0,LOW
Anna Nagar Center,2026-07-04,6,5,100,15,85,6,14.22,15.0,LOW
Anna Nagar Center,2026-07-04,7,5,100,41,59,17,30.7,41.0,LOW
Anna Nagar Center,2026-07-04,8,5,100,44,56,16,35.37,44.0,LOW
Anna Nagar Center,2026-07-04,9,5,100,25,75,6,35.1,25.0,LOW
Anna Nagar Center,2026-07-04,10,5,100,23,77,11,27.75,23.0,LOW
Anna Nagar Center,2026-07-04,11,5,100,17,83,6,19.21,17.0,LOW
Anna Nagar Center,2026-07-04,12,5,100,72,28,16,76.47,72.0,MEDIUM
Anna Nagar Center,2026-07-04,13,5,100,83,17,18,93.27,83.0,HIGH
Anna Nagar Center,2026-07-04,14,5,100,83,17,35,87.63,83.0,HIGH
Anna Nagar Center,2026-07-04,15,5,100,86,14,28,80.59,86.0,HIGH
Anna Nagar Center,2026-07-04,16,5,100,87,13,22,94.38,87.0,HIGH
Anna Nagar Center,2026-07-04,17,5,100,72,28,29,71.27,72.0,MEDIUM
Anna Nagar Center,2026-07-04,18,5,100,77,23,22,65.57,77.0,MEDIUM
Anna Nagar Center,2026-07-04,19,5,100,73,27,16,76.38,73.0,MEDIUM
Anna Nagar Center,2026-07-04,20,5,100,80,20,29,70.4,80.0,HIGH
Anna Nagar Center,2026-07-04,21,5,100,78,22,33,78.52,78.0,MEDIUM
Anna Nagar Center,2026-07-04,22,5,100,92,8,45,94.04,92.0,HIGH
Anna Nagar Center,2026-07-04,23,5,100,17,83,7,27.67,17.0,LOW
Guindy Corporate Park,2026-07-04,0,5,180,35,145,8,6.79,19.44,LOW
Guindy Corporate Park,2026-07-04,1,5,180,14,166,7,8.81,7.78,LOW
Guindy Corporate Park,2026-07-04,2,5,180,17,163,8,8.66,9.44,LOW
Guindy Corporate Park,2026-07-04,3,5,180,33,147,9,14.67,18.33,LOW
Guindy Corporate Park,2026-07-04,4,5,180,39,141,9,22.31,21.67,LOW
Guindy Corporate Park,2026-07-04,5,5,180,26,154,5,14.95,14.44,LOW
Guindy Corporate Park,2026-07-04,6,5,180,35,145,14,16.71,19.44,LOW
Guindy Corporate Park,2026-07-04,7,5,180,7,173,3,5.35,3.89,LOW
Guindy Corporate Park,2026-07-04,8,5,180,26,154,5,19.23,14.44,LOW
Guindy Corporate Park,2026-07-04,9,5,180,39,141,17,18.89,21.67,LOW
Guindy Corporate Park,2026-07-04,10,5,180,33,147,16,15.83,18.33,LOW
Guindy Corporate Park,2026-07-04,11,5,180,25,155,12,22.06,13.89,LOW
Guindy Corporate Park,2026-07-04,12,5,180,35,145,11,5.0,19.44,LOW
Guindy Corporate Park,2026-07-04,13,5,180,40,140,18,17.97,22.22,LOW
Guindy Corporate Park,2026-07-04,14,5,180,35,145,11,19.6,19.44,LOW
Guindy Corporate Park,2026-07-04,15,5,180,12,168,3,12.87,6.67,LOW
Guindy Corporate Park,2026-07-04,16,5,180,15,165,6,5.0,8.33,LOW
Guindy Corporate Park,2026-07-04,17,5,180,12,168,5,11.82,6.67,LOW
Guindy Corporate Park,2026-07-04,18,5,180,18,162,6,19.53,10.0,LOW
Guindy Corporate Park,2026-07-04,19,5,180,27,153,10,27.26,15.0,LOW
Guindy Corporate Park,2026-07-04,20,5,180,14,166,4,6.89,7.78,LOW
Guindy Corporate Park,2026-07-04,21,5,180,39,141,10,11.71,21.67,LOW
Guindy Corporate Park,2026-07-04,22,5,180,27,153,10,21.5,15.0,LOW
Guindy Corporate Park,2026-07-04,23,5,180,24,156,11,14.24,13.33,LOW
Chennai Mall,2026-07-05,0,6,150,37,113,16,19.61,24.67,LOW
Chennai Mall,2026-07-05,1,6,150,43,107,14,34.05,28.67,LOW
Chennai Mall,2026-07-05,2,6,150,19,131,4,20.59,12.67,LOW
Chennai Mall,2026-07-05,3,6,150,5,145,2,6.17,3.33,LOW
Chennai Mall,2026-07-05,4,6,150,13,137,3,9.67,8.67,LOW
Chennai Mall,2026-07-05,5,6,150,28,122,12,7.13,18.67,LOW
Chennai Mall,2026-07-05,6,6,150,46,104,15,33.74,30.67,LOW
Chennai Mall,2026-07-05,7,6,150,28,122,13,20.4,18.67,LOW
Chennai Mall,2026-07-05,8,6,150,28,122,13,15.47,18.67,LOW
Chennai Mall,2026-07-05,9,6,150,19,131,9,15.28,12.67,LOW
Chennai Mall,2026-07-05,10,6,150,18,132,5,5.0,12.0,LOW
Chennai Mall,2026-07-05,11,6,150,117,33,29,96.01,78.0,MEDIUM
Chennai Mall,2026-07-05,12,6,150,124,26,25,78.85,82.67,HIGH
Chennai Mall,2026-07-05,13,6,150,130,20,28,91.37,86.67,HIGH
Chennai Mall,2026-07-05,14,6,150,118,32,32,75.63,78.67,MEDIUM
Chennai Mall,2026-07-05,15,6,150,137,13,49,93.96,91.33,HIGH
Chennai Mall,2026-07-05,16,6,150,146,4,36,95.8,97.33,HIGH
Chennai Mall,2026-07-05,17,6,150,150,0,53,98.0,100.0,HIGH
Chennai Mall,2026-07-05,18,6,150,129,21,29,87.96,86.0,HIGH
Chennai Mall,2026-07-05,19,6,150,129,21,49,82.55,86.0,HIGH
Chennai Mall,2026-07-05,20,6,150,139,11,49,81.94,92.67,HIGH
Chennai Mall,2026-07-05,21,6,150,127,23,60,84.91,84.67,HIGH
Chennai Mall,2026-07-05,22,6,150,68,82,23,49.26,45.33,LOW
Chennai Mall,2026-07-05,23,6,150,54,96,15,35.73,36.0,LOW
T Nagar Commercial Hub,2026-07-05,0,6,120,21,99,7,25.15,17.5,LOW
T Nagar Commercial Hub,2026-07-05,1,6,120,33,87,13,29.25,27.5,LOW
T Nagar Commercial Hub,2026-07-05,2,6,120,29,91,14,25.83,24.17,LOW
T Nagar Commercial Hub,2026-07-05,3,6,120,41,79,12,34.76,34.17,LOW
T Nagar Commercial Hub,2026-07-05,4,6,120,52,68,21,45.07,43.33,LOW
T Nagar Commercial Hub,2026-07-05,5,6,120,40,80,15,33.75,33.33,LOW
T Nagar Commercial Hub,2026-07-05,6,6,120,44,76,14,35.81,36.67,LOW
T Nagar Commercial Hub,2026-07-05,7,6,120,44,76,14,30.39,36.67,LOW
T Nagar Commercial Hub,2026-07-05,8,6,120,47,73,19,37.73,39.17,LOW
T Nagar Commercial Hub,2026-07-05,9,6,120,55,65,26,46.5,45.83,LOW
T Nagar Commercial Hub,2026-07-05,10,6,120,45,75,19,33.26,37.5,LOW
T Nagar Commercial Hub,2026-07-05,11,6,120,108,12,53,89.66,90.0,HIGH
T Nagar Commercial Hub,2026-07-05,12,6,120,114,6,26,88.2,95.0,HIGH
T Nagar Commercial Hub,2026-07-05,13,6,120,100,20,39,88.72,83.33,HIGH
T Nagar Commercial Hub,2026-07-05,14,6,120,108,12,32,94.68,90.0,HIGH
T Nagar Commercial Hub,2026-07-05,15,6,120,105,15,49,94.37,87.5,HIGH
T Nagar Commercial Hub,2026-07-05,16,6,120,101,19,44,89.7,84.17,HIGH
T Nagar Commercial Hub,2026-07-05,17,6,120,105,15,34,85.5,87.5,HIGH
T Nagar Commercial Hub,2026-07-05,18,6,120,113,7,47,90.64,94.17,HIGH
T Nagar Commercial Hub,2026-07-05,19,6,120,108,12,41,94.5,90.0,HIGH
T Nagar Commercial Hub,2026-07-05,20,6,120,120,0,51,98.0,100.0,HIGH
T Nagar Commercial Hub,2026-07-05,21,6,120,105,15,21,87.22,87.5,HIGH
T Nagar Commercial Hub,2026-07-05,22,6,120,48,72,22,33.69,40.0,LOW
T Nagar Commercial Hub,2026-07-05,23,6,120,55,65,17,36.35,45.83,LOW
Velachery Metro Station,2026-07-05,0,6,200,71,129,25,28.28,35.5,LOW
Velachery Metro Station,2026-07-05,1,6,200,83,117,28,54.43,41.5,LOW
Velachery Metro Station,2026-07-05,2,6,200,95,105,39,45.17,47.5,LOW
Velachery Metro Station,2026-07-05,3,6,200,64,136,32,34.79,32.0,LOW
Velachery Metro Station,2026-07-05,4,6,200,65,135,19,40.85,32.5,LOW
Velachery Metro Station,2026-07-05,5,6,200,59,141,21,39.54,29.5,LOW
Velachery Metro Station,2026-07-05,6,6,200,74,126,32,38.54,37.0,LOW
Velachery Metro Station,2026-07-05,7,6,200,66,134,21,42.87,33.0,LOW
Velachery Metro Station,2026-07-05,8,6,200,54,146,27,28.99,27.0,LOW
Velachery Metro Station,2026-07-05,9,6,200,70,130,15,27.09,35.0,LOW
Velachery Metro Station,2026-07-05,10,6,200,98,102,37,51.2,49.0,LOW
Velachery Metro Station,2026-07-05,11,6,200,77,123,38,44.45,38.5,LOW
Velachery Metro Station,2026-07-05,12,6,200,90,110,37,37.58,45.0,LOW
Velachery Metro Station,2026-07-05,13,6,200,86,114,23,42.92,43.0,LOW
Velachery Metro Station,2026-07-05,14,6,200,95,105,27,41.64,47.5,LOW
Velachery Metro Station,2026-07-05,15,6,200,75,125,22,31.06,37.5,LOW
Velachery Metro Station,2026-07-05,16,6,200,80,120,26,43.47,40.0,LOW
Velachery Metro Station,2026-07-05,17,6,200,82,118,19,38.42,41.0,LOW
Velachery Metro Station,2026-07-05,18,6,200,59,141,12,34.94,29.5,LOW
Velachery Metro Station,2026-07-05,19,6,200,87,113,29,35.89,43.5,LOW
Velachery Metro Station,2026-07-05,20,6,200,54,146,25,7.63,27.0,LOW
Velachery Metro Station,2026-07-05,21,6,200,80,120,27,40.22,40.0,LOW
Velachery Metro Station,2026-07-05,22,6,200,109,91,44,50.04,54.5,MEDIUM
Velachery Metro Station,2026-07-05,23,6,200,95,105,44,41.61,47.5,LOW
OMR IT Park,2026-07-05,0,6,300,25,275,11,7.24,8.33,LOW
OMR IT Park,2026-07-05,1,6,300,10,290,3,15.97,3.33,LOW
OMR IT Park,2026-07-05,2,6,300,39,261,17,5.0,13.0,LOW
OMR IT Park,2026-07-05,3,6,300,57,243,16,16.37,19.0,LOW
OMR IT Park,2026-07-05,4,6,300,33,267,9,16.0,11.0,LOW
OMR IT Park,2026-07-05,5,6,300,37,263,18,6.58,12.33,LOW
OMR IT Park,2026-07-05,6,6,300,54,246,25,19.49,18.0,LOW
OMR IT Park,2026-07-05,7,6,300,17,283,8,9.55,5.67,LOW
OMR IT Park,2026-07-05,8,6,300,27,273,14,10.65,9.0,LOW
OMR IT Park,2026-07-05,9,6,300,59,241,18,6.12,19.67,LOW
OMR IT Park,2026-07-05,10,6,300,17,283,6,5.0,5.67,LOW
OMR IT Park,2026-07-05,11,6,300,55,245,15,17.46,18.33,LOW
OMR IT Park,2026-07-05,12,6,300,32,268,12,5.0,10.67,LOW
OMR IT Park,2026-07-05,13,6,300,51,249,23,8.2,17.0,LOW
OMR IT Park,2026-07-05,14,6,300,28,272,7,7.66,9.33,LOW
OMR IT Park,2026-07-05,15,6,300,35,265,9,5.98,11.67,LOW
OMR IT Park,2026-07-05,16,6,300,49,251,12,13.86,16.33,LOW
OMR IT Park,2026-07-05,17,6,300,18,282,4,9.13,6.0,LOW
OMR IT Park,2026-07-05,18,6,300,40,260,13,26.76,13.33,LOW
OMR IT Park,2026-07-05,19,6,300,50,250,15,11.11,16.67,LOW
OMR IT Park,2026-07-05,20,6,300,59,241,29,20.71,19.67,LOW
OMR IT Park,2026-07-05,21,6,300,27,273,13,8.9,9.0,LOW
OMR IT Park,2026-07-05,22,6,300,53,247,11,18.34,17.67,LOW
OMR IT Park,2026-07-05,23,6,300,25,275,8,5.0,8.33,LOW
Anna Nagar Center,2026-07-05,0,6,100,41,59,19,36.05,41.0,LOW
Anna Nagar Center,2026-07-05,1,6,100,32,68,13,25.91,32.0,LOW
Anna Nagar Center,2026-07-05,2,6,100,22,78,5,20.79,22.0,LOW
Anna Nagar Center,2026-07-05,3,6,100,25,75,12,15.68,25.0,LOW
Anna Nagar Center,2026-07-05,4,6,100,30,70,9,40.08,30.0,LOW
Anna Nagar Center,2026-07-05,5,6,100,36,64,7,40.63,36.0,LOW
Anna Nagar Center,2026-07-05,6,6,100,35,65,14,41.82,35.0,LOW
Anna Nagar Center,2026-07-05,7,6,100,39,61,11,53.61,39.0,LOW
Anna Nagar Center,2026-07-05,8,6,100,22,78,5,29.65,22.0,LOW
Anna Nagar Center,2026-07-05,9,6,100,10,90,4,7.84,10.0,LOW
Anna Nagar Center,2026-07-05,10,6,100,27,73,13,20.96,27.0,LOW
Anna Nagar Center,2026-07-05,11,6,100,21,79,9,27.3,21.0,LOW
Anna Nagar Center,2026-07-05,12,6,100,74,26,34,76.17,74.0,MEDIUM
Anna Nagar Center,2026-07-05,13,6,100,78,22,25,79.0,78.0,MEDIUM
Anna Nagar Center,2026-07-05,14,6,100,76,24,32,79.78,76.0,MEDIUM
Anna Nagar Center,2026-07-05,15,6,100,73,27,17,65.67,73.0,MEDIUM
Anna Nagar Center,2026-07-05,16,6,100,92,8,41,96.11,92.0,HIGH
Anna Nagar Center,2026-07-05,17,6,100,92,8,24,87.23,92.0,HIGH
Anna Nagar Center,2026-07-05,18,6,100,84,16,18,81.46,84.0,HIGH
Anna Nagar Center,2026-07-05,19,6,100,72,28,31,82.52,72.0,MEDIUM
Anna Nagar Center,2026-07-05,20,6,100,83,17,32,82.24,83.0,HIGH
Anna Nagar Center,2026-07-05,21,6,100,78,22,23,75.13,78.0,MEDIUM
Anna Nagar Center,2026-07-05,22,6,100,77,23,29,73.76,77.0,MEDIUM
Anna Nagar Center,2026-07-05,23,6,100,35,65,13,30.44,35.0,LOW
Guindy Corporate Park,2026-07-05,0,6,180,33,147,13,19.77,18.33,LOW
Guindy Corporate Park,2026-07-05,1,6,180,17,163,9,11.14,9.44,LOW
Guindy Corporate Park,2026-07-05,2,6,180,29,151,13,25.28,16.11,LOW
Guindy Corporate Park,2026-07-05,3,6,180,39,141,9,26.56,21.67,LOW
Guindy Corporate Park,2026-07-05,4,6,180,34,146,8,19.57,18.89,LOW
Guindy Corporate Park,2026-07-05,5,6,180,32,148,9,10.84,17.78,LOW
Guindy Corporate Park,2026-07-05,6,6,180,23,157,9,16.72,12.78,LOW
Guindy Corporate Park,2026-07-05,7,6,180,31,149,15,24.45,17.22,LOW
Guindy Corporate Park,2026-07-05,8,6,180,29,151,9,13.2,16.11,LOW
Guindy Corporate Park,2026-07-05,9,6,180,39,141,15,12.65,21.67,LOW
Guindy Corporate Park,2026-07-05,10,6,180,35,145,14,23.04,19.44,LOW
Guindy Corporate Park,2026-07-05,11,6,180,26,154,8,11.59,14.44,LOW
Guindy Corporate Park,2026-07-05,12,6,180,25,155,9,7.29,13.89,LOW
Guindy Corporate Park,2026-07-05,13,6,180,28,152,13,17.97,15.56,LOW
Guindy Corporate Park,2026-07-05,14,6,180,11,169,4,8.11,6.11,LOW
Guindy Corporate Park,2026-07-05,15,6,180,9,171,3,13.48,5.0,LOW
Guindy Corporate Park,2026-07-05,16,6,180,21,159,6,15.31,11.67,LOW
Guindy Corporate Park,2026-07-05,17,6,180,16,164,6,15.36,8.89,LOW
Guindy Corporate Park,2026-07-05,18,6,180,19,161,7,9.87,10.56,LOW
Guindy Corporate Park,2026-07-05,19,6,180,13,167,4,7.54,7.22,LOW
Guindy Corporate Park,2026-07-05,20,6,180,18,162,8,12.23,10.0,LOW
Guindy Corporate Park,2026-07-05,21,6,180,4,176,1,8.05,2.22,LOW
Guindy Corporate Park,2026-07-05,22,6,180,32,148,16,16.59,17.78,LOW
Guindy Corporate Park,2026-07-05,23,6,180,36,144,15,12.0,20.0,LOW
Chennai Mall,2026-07-06,0,0,150,26,124,6,23.49,17.33,LOW
Chennai Mall,2026-07-06,1,0,150,19,131,7,13.87,12.67,LOW
Chennai Mall,2026-07-06,2,0,150,6,144,1,5.0,4.0,LOW
Chennai Mall,2026-07-06,3,0,150,35,115,9,24.72,23.33,LOW
Chennai Mall,2026-07-06,4,0,150,21,129,7,11.24,14.0,LOW
Chennai Mall,2026-07-06,5,0,150,28,122,14,16.91,18.67,LOW
Chennai Mall,2026-07-06,6,0,150,12,138,5,14.73,8.0,LOW
Chennai Mall,2026-07-06,7,0,150,16,134,5,5.0,10.67,LOW
Chennai Mall,2026-07-06,8,0,150,19,131,5,13.21,12.67,LOW
Chennai Mall,2026-07-06,9,0,150,13,137,6,5.0,8.67,LOW
Chennai Mall,2026-07-06,10,0,150,27,123,8,16.77,18.0,LOW
Chennai Mall,2026-07-06,11,0,150,9,141,4,7.15,6.0,LOW
Chennai Mall,2026-07-06,12,0,150,86,64,40,60.45,57.33,MEDIUM
Chennai Mall,2026-07-06,13,0,150,99,51,45,59.44,66.0,MEDIUM
Chennai Mall,2026-07-06,14,0,150,79,71,28,43.41,52.67,MEDIUM
Chennai Mall,2026-07-06,15,0,150,76,74,21,50.95,50.67,MEDIUM
Chennai Mall,2026-07-06,16,0,150,21,129,7,18.83,14.0,LOW
Chennai Mall,2026-07-06,17,0,150,122,28,29,87.53,81.33,HIGH
Chennai Mall,2026-07-06,18,0,150,106,44,41,79.78,70.67,MEDIUM
Chennai Mall,2026-07-06,19,0,150,101,49,22,60.85,67.33,MEDIUM
Chennai Mall,2026-07-06,20,0,150,130,20,41,80.96,86.67,HIGH
Chennai Mall,2026-07-06,21,0,150,111,39,46,82.17,74.0,MEDIUM
Chennai Mall,2026-07-06,22,0,150,52,98,20,32.69,34.67,LOW
Chennai Mall,2026-07-06,23,0,150,54,96,12,22.89,36.0,LOW
T Nagar Commercial Hub,2026-07-06,0,0,120,17,103,6,8.85,14.17,LOW
T Nagar Commercial Hub,2026-07-06,1,0,120,19,101,9,14.07,15.83,LOW
T Nagar Commercial Hub,2026-07-06,2,0,120,10,110,4,6.04,8.33,LOW
T Nagar Commercial Hub,2026-07-06,3,0,120,21,99,6,9.46,17.5,LOW
T Nagar Commercial Hub,2026-07-06,4,0,120,18,102,7,10.84,15.0,LOW
T Nagar Commercial Hub,2026-07-06,5,0,120,23,97,7,21.87,19.17,LOW
T Nagar Commercial Hub,2026-07-06,6,0,120,10,110,4,5.11,8.33,LOW
T Nagar Commercial Hub,2026-07-06,7,0,120,23,97,9,15.27,19.17,LOW
T Nagar Commercial Hub,2026-07-06,8,0,120,23,97,7,18.96,19.17,LOW
T Nagar Commercial Hub,2026-07-06,9,0,120,7,113,2,6.41,5.83,LOW
T Nagar Commercial Hub,2026-07-06,10,0,120,89,31,23,73.73,74.17,MEDIUM
T Nagar Commercial Hub,2026-07-06,11,0,120,96,24,44,85.3,80.0,HIGH
T Nagar Commercial Hub,2026-07-06,12,0,120,83,37,26,72.17,69.17,MEDIUM
T Nagar Commercial Hub,2026-07-06,13,0,120,82,38,26,74.54,68.33,MEDIUM
T Nagar Commercial Hub,2026-07-06,14,0,120,106,14,36,86.94,88.33,HIGH
T Nagar Commercial Hub,2026-07-06,15,0,120,94,26,43,70.26,78.33,MEDIUM
T Nagar Commercial Hub,2026-07-06,16,0,120,80,40,20,71.42,66.67,MEDIUM
T Nagar Commercial Hub,2026-07-06,17,0,120,104,16,43,80.4,86.67,HIGH
T Nagar Commercial Hub,2026-07-06,18,0,120,96,24,45,82.77,80.0,HIGH
T Nagar Commercial Hub,2026-07-06,19,0,120,82,38,23,67.2,68.33,MEDIUM
T Nagar Commercial Hub,2026-07-06,20,0,120,66,54,19,55.97,55.0,MEDIUM
T Nagar Commercial Hub,2026-07-06,21,0,120,66,54,22,47.64,55.0,MEDIUM
T Nagar Commercial Hub,2026-07-06,22,0,120,56,64,14,48.49,46.67,LOW
T Nagar Commercial Hub,2026-07-06,23,0,120,11,109,2,7.94,9.17,LOW
Velachery Metro Station,2026-07-06,0,0,200,22,178,5,5.0,11.0,LOW
Velachery Metro Station,2026-07-06,1,0,200,15,185,4,5.0,7.5,LOW
Velachery Metro Station,2026-07-06,2,0,200,25,175,6,17.69,12.5,LOW
Velachery Metro Station,2026-07-06,3,0,200,34,166,10,14.37,17.0,LOW
Velachery Metro Station,2026-07-06,4,0,200,27,173,12,19.52,13.5,LOW
Velachery Metro Station,2026-07-06,5,0,200,20,180,5,14.54,10.0,LOW
Velachery Metro Station,2026-07-06,6,0,200,28,172,9,5.0,14.0,LOW
Velachery Metro Station,2026-07-06,7,0,200,182,18,72,91.51,91.0,HIGH
Velachery Metro Station,2026-07-06,8,0,200,171,29,46,86.25,85.5,HIGH
Velachery Metro Station,2026-07-06,9,0,200,167,33,36,87.54,83.5,HIGH
Velachery Metro Station,2026-07-06,10,0,200,166,34,42,78.71,83.0,HIGH
Velachery Metro Station,2026-07-06,11,0,200,165,35,49,76.44,82.5,HIGH
Velachery Metro Station,2026-07-06,12,0,200,153,47,67,86.66,76.5,MEDIUM
Velachery Metro Station,2026-07-06,13,0,200,165,35,81,68.81,82.5,HIGH
Velachery Metro Station,2026-07-06,14,0,200,169,31,50,81.73,84.5,HIGH
Velachery Metro Station,2026-07-06,15,0,200,170,30,79,86.92,85.0,HIGH
Velachery Metro Station,2026-07-06,16,0,200,148,52,38,69.58,74.0,MEDIUM
Velachery Metro Station,2026-07-06,17,0,200,189,11,49,93.11,94.5,HIGH
Velachery Metro Station,2026-07-06,18,0,200,186,14,40,98.0,93.0,HIGH
Velachery Metro Station,2026-07-06,19,0,200,184,16,41,94.37,92.0,HIGH
Velachery Metro Station,2026-07-06,20,0,200,179,21,65,95.15,89.5,HIGH
Velachery Metro Station,2026-07-06,21,0,200,74,126,20,35.9,37.0,LOW
Velachery Metro Station,2026-07-06,22,0,200,99,101,34,53.61,49.5,LOW
Velachery Metro Station,2026-07-06,23,0,200,114,86,32,52.53,57.0,MEDIUM
OMR IT Park,2026-07-06,0,0,300,40,260,8,5.43,13.33,LOW
OMR IT Park,2026-07-06,1,0,300,8,292,2,5.0,2.67,LOW
OMR IT Park,2026-07-06,2,0,300,14,286,5,5.14,4.67,LOW
OMR IT Park,2026-07-06,3,0,300,29,271,11,5.0,9.67,LOW
OMR IT Park,2026-07-06,4,0,300,6,294,1,5.0,2.0,LOW
OMR IT Park,2026-07-06,5,0,300,12,288,5,5.7,4.0,LOW
OMR IT Park,2026-07-06,6,0,300,27,273,9,5.0,9.0,LOW
OMR IT Park,2026-07-06,7,0,300,6,294,2,5.12,2.0,LOW
OMR IT Park,2026-07-06,8,0,300,282,18,92,97.71,94.0,HIGH
OMR IT Park,2026-07-06,9,0,300,250,50,88,84.26,83.33,HIGH
OMR IT Park,2026-07-06,10,0,300,282,18,126,96.91,94.0,HIGH
OMR IT Park,2026-07-06,11,0,300,263,37,98,89.87,87.67,HIGH
OMR IT Park,2026-07-06,12,0,300,295,5,73,98.0,98.33,HIGH
OMR IT Park,2026-07-06,13,0,300,253,47,94,81.03,84.33,HIGH
OMR IT Park,2026-07-06,14,0,300,243,57,69,95.87,81.0,HIGH
OMR IT Park,2026-07-06,15,0,300,232,68,47,83.64,77.33,MEDIUM
OMR IT Park,2026-07-06,16,0,300,239,61,119,80.68,79.67,MEDIUM
OMR IT Park,2026-07-06,17,0,300,157,143,57,56.99,52.33,MEDIUM
OMR IT Park,2026-07-06,18,0,300,160,140,36,59.27,53.33,MEDIUM
OMR IT Park,2026-07-06,19,0,300,221,79,105,71.66,73.67,MEDIUM
OMR IT Park,2026-07-06,20,0,300,100,200,27,34.98,33.33,LOW
OMR IT Park,2026-07-06,21,0,300,99,201,45,25.71,33.0,LOW
OMR IT Park,2026-07-06,22,0,300,86,214,28,22.97,28.67,LOW
OMR IT Park,2026-07-06,23,0,300,16,284,6,5.0,5.33,LOW
Anna Nagar Center,2026-07-06,0,0,100,16,84,4,22.3,16.0,LOW
Anna Nagar Center,2026-07-06,1,0,100,16,84,6,23.41,16.0,LOW
Anna Nagar Center,2026-07-06,2,0,100,10,90,5,6.64,10.0,LOW
Anna Nagar Center,2026-07-06,3,0,100,19,81,9,18.75,19.0,LOW
Anna Nagar Center,2026-07-06,4,0,100,9,91,2,22.18,9.0,LOW
Anna Nagar Center,2026-07-06,5,0,100,15,85,7,16.31,15.0,LOW
Anna Nagar Center,2026-07-06,6,0,100,3,97,1,6.37,3.0,LOW
Anna Nagar Center,2026-07-06,7,0,100,28,72,6,22.9,28.0,LOW
Anna Nagar Center,2026-07-06,8,0,100,48,52,14,52.38,48.0,LOW
Anna Nagar Center,2026-07-06,9,0,100,42,58,19,41.93,42.0,LOW
Anna Nagar Center,2026-07-06,10,0,100,65,35,24,65.02,65.0,MEDIUM
Anna Nagar Center,2026-07-06,11,0,100,57,43,14,51.14,57.0,MEDIUM
Anna Nagar Center,2026-07-06,12,0,100,70,30,31,61.02,70.0,MEDIUM
Anna Nagar Center,2026-07-06,13,0,100,73,27,20,73.65,73.0,MEDIUM
Anna Nagar Center,2026-07-06,14,0,100,64,36,14,63.05,64.0,MEDIUM
Anna Nagar Center,2026-07-06,15,0,100,84,16,23,80.31,84.0,HIGH
Anna Nagar Center,2026-07-06,16,0,100,54,46,19,52.94,54.0,MEDIUM
Anna Nagar Center,2026-07-06,17,0,100,48,52,11,53.22,48.0,LOW
Anna Nagar Center,2026-07-06,18,0,100,80,20,38,83.1,80.0,HIGH
Anna Nagar Center,2026-07-06,19,0,100,70,30,22,63.06,70.0,MEDIUM
Anna Nagar Center,2026-07-06,20,0,100,86,14,38,85.42,86.0,HIGH
Anna Nagar Center,2026-07-06,21,0,100,87,13,23,86.02,87.0,HIGH
Anna Nagar Center,2026-07-06,22,0,100,23,77,8,20.0,23.0,LOW
Anna Nagar Center,2026-07-06,23,0,100,21,79,9,22.0,21.0,LOW
Guindy Corporate Park,2026-07-06,0,0,180,8,172,2,11.59,4.44,LOW
Guindy Corporate Park,2026-07-06,1,0,180,4,176,1,5.0,2.22,LOW
Guindy Corporate Park,2026-07-06,2,0,180,20,160,6,5.0,11.11,LOW
Guindy Corporate Park,2026-07-06,3,0,180,12,168,5,11.38,6.67,LOW
Guindy Corporate Park,2026-07-06,4,0,180,31,149,10,6.0,17.22,LOW
Guindy Corporate Park,2026-07-06,5,0,180,4,176,2,5.0,2.22,LOW
Guindy Corporate Park,2026-07-06,6,0,180,9,171,3,5.0,5.0,LOW
Guindy Corporate Park,2026-07-06,7,0,180,19,161,9,5.0,10.56,LOW
Guindy Corporate Park,2026-07-06,8,0,180,177,3,51,93.71,98.33,HIGH
Guindy Corporate Park,2026-07-06,9,0,180,140,40,56,76.69,77.78,MEDIUM
Guindy Corporate Park,2026-07-06,10,0,180,146,34,46,75.74,81.11,HIGH
Guindy Corporate Park,2026-07-06,11,0,180,174,6,83,98.0,96.67,HIGH
Guindy Corporate Park,2026-07-06,12,0,180,156,24,49,86.47,86.67,HIGH
Guindy Corporate Park,2026-07-06,13,0,180,160,20,60,87.69,88.89,HIGH
Guindy Corporate Park,2026-07-06,14,0,180,180,0,85,97.25,100.0,HIGH
Guindy Corporate Park,2026-07-06,15,0,180,161,19,57,78.76,89.44,HIGH
Guindy Corporate Park,2026-07-06,16,0,180,158,22,36,76.37,87.78,HIGH
Guindy Corporate Park,2026-07-06,17,0,180,114,66,47,52.06,63.33,MEDIUM
Guindy Corporate Park,2026-07-06,18,0,180,105,75,40,54.77,58.33,MEDIUM
Guindy Corporate Park,2026-07-06,19,0,180,90,90,27,49.83,50.0,MEDIUM
Guindy Corporate Park,2026-07-06,20,0,180,41,139,19,21.05,22.78,LOW
Guindy Corporate Park,2026-07-06,21,0,180,36,144,14,17.87,20.0,LOW
Guindy Corporate Park,2026-07-06,22,0,180,51,129,20,29.1,28.33,LOW
Guindy Corporate Park,2026-07-06,23,0,180,12,168,6,5.0,6.67,LOW
Chennai Mall,2026-07-07,0,1,150,4,146,2,5.0,2.67,LOW
Chennai Mall,2026-07-07,1,1,150,29,121,6,28.0,19.33,LOW
Chennai Mall,2026-07-07,2,1,150,23,127,11,17.18,15.33,LOW
Chennai Mall,2026-07-07,3,1,150,24,126,6,24.95,16.0,LOW
Chennai Mall,2026-07-07,4,1,150,24,126,7,14.54,16.0,LOW
Chennai Mall,2026-07-07,5,1,150,30,120,8,25.91,20.0,LOW
Chennai Mall,2026-07-07,6,1,150,10,140,3,7.64,6.67,LOW
Chennai Mall,2026-07-07,7,1,150,42,108,10,28.55,28.0,LOW
Chennai Mall,2026-07-07,8,1,150,24,126,6,12.89,16.0,LOW
Chennai Mall,2026-07-07,9,1,150,23,127,10,27.14,15.33,LOW
Chennai Mall,2026-07-07,10,1,150,20,130,7,7.01,13.33,LOW
Chennai Mall,2026-07-07,11,1,150,20,130,9,14.6,13.33,LOW
Chennai Mall,2026-07-07,12,1,150,79,71,34,63.78,52.67,MEDIUM
Chennai Mall,2026-07-07,13,1,150,86,64,28,58.92,57.33,MEDIUM
Chennai Mall,2026-07-07,14,1,150,76,74,16,46.83,50.67,MEDIUM
Chennai Mall,2026-07-07,15,1,150,92,58,26,61.03,61.33,MEDIUM
Chennai Mall,2026-07-07,16,1,150,6,144,2,5.81,4.0,LOW
Chennai Mall,2026-07-07,17,1,150,111,39,55,66.58,74.0,MEDIUM
Chennai Mall,2026-07-07,18,1,150,128,22,54,80.76,85.33,HIGH
Chennai Mall,2026-07-07,19,1,150,130,20,38,83.79,86.67,HIGH
Chennai Mall,2026-07-07,20,1,150,132,18,64,85.71,88.0,HIGH
Chennai Mall,2026-07-07,21,1,150,101,49,50,61.04,67.33,MEDIUM
Chennai Mall,2026-07-07,22,1,150,53,97,26,32.17,35.33,LOW
Chennai Mall,2026-07-07,23,1,150,50,100,12,30.59,33.33,LOW
T Nagar Commercial Hub,2026-07-07,0,1,120,16,104,7,10.93,13.33,LOW
T Nagar Commercial Hub,2026-07-07,1,1,120,5,115,1,16.37,4.17,LOW
T Nagar Commercial Hub,2026-07-07,2,1,120,16,104,5,9.41,13.33,LOW
T Nagar Commercial Hub,2026-07-07,3,1,120,15,105,7,14.49,12.5,LOW
T Nagar Commercial Hub,2026-07-07,4,1,120,22,98,10,25.91,18.33,LOW
T Nagar Commercial Hub,2026-07-07,5,1,120,12,108,3,7.23,10.0,LOW
T Nagar Commercial Hub,2026-07-07,6,1,120,13,107,3,8.64,10.83,LOW
T Nagar Commercial Hub,2026-07-07,7,1,120,19,101,5,18.58,15.83,LOW
T Nagar Commercial Hub,2026-07-07,8,1,120,11,109,2,8.68,9.17,LOW
T Nagar Commercial Hub,2026-07-07,9,1,120,7,113,3,5.0,5.83,LOW
T Nagar Commercial Hub,2026-07-07,10,1,120,101,19,31,80.07,84.17,HIGH
T Nagar Commercial Hub,2026-07-07,11,1,120,82,38,25,56.92,68.33,MEDIUM
T Nagar Commercial Hub,2026-07-07,12,1,120,95,25,29,71.72,79.17,MEDIUM
T Nagar Commercial Hub,2026-07-07,13,1,120,92,28,25,74.27,76.67,MEDIUM
T Nagar Commercial Hub,2026-07-07,14,1,120,94,26,46,84.78,78.33,MEDIUM
T Nagar Commercial Hub,2026-07-07,15,1,120,88,32,32,75.78,73.33,MEDIUM
T Nagar Commercial Hub,2026-07-07,16,1,120,70,50,29,56.72,58.33,MEDIUM
T Nagar Commercial Hub,2026-07-07,17,1,120,76,44,25,69.73,63.33,MEDIUM
T Nagar Commercial Hub,2026-07-07,18,1,120,90,30,28,84.14,75.0,MEDIUM
T Nagar Commercial Hub,2026-07-07,19,1,120,75,45,31,72.46,62.5,MEDIUM
T Nagar Commercial Hub,2026-07-07,20,1,120,58,62,15,45.37,48.33,LOW
T Nagar Commercial Hub,2026-07-07,21,1,120,59,61,25,61.64,49.17,LOW
T Nagar Commercial Hub,2026-07-07,22,1,120,47,73,14,41.94,39.17,LOW
T Nagar Commercial Hub,2026-07-07,23,1,120,17,103,7,21.29,14.17,LOW
Velachery Metro Station,2026-07-07,0,1,200,40,160,16,21.3,20.0,LOW
Velachery Metro Station,2026-07-07,1,1,200,32,168,7,18.17,16.0,LOW
Velachery Metro Station,2026-07-07,2,1,200,24,176,9,11.34,12.0,LOW
Velachery Metro Station,2026-07-07,3,1,200,25,175,8,12.36,12.5,LOW
Velachery Metro Station,2026-07-07,4,1,200,34,166,10,23.25,17.0,LOW
Velachery Metro Station,2026-07-07,5,1,200,22,178,7,11.68,11.0,LOW
Velachery Metro Station,2026-07-07,6,1,200,27,173,14,8.24,13.5,LOW
Velachery Metro Station,2026-07-07,7,1,200,171,29,43,89.53,85.5,HIGH
Velachery Metro Station,2026-07-07,8,1,200,184,16,60,92.18,92.0,HIGH
Velachery Metro Station,2026-07-07,9,1,200,159,41,72,74.73,79.5,MEDIUM
Velachery Metro Station,2026-07-07,10,1,200,199,1,74,92.1,99.5,HIGH
Velachery Metro Station,2026-07-07,11,1,200,158,42,61,81.85,79.0,MEDIUM
Velachery Metro Station,2026-07-07,12,1,200,156,44,72,88.86,78.0,MEDIUM
Velachery Metro Station,2026-07-07,13,1,200,144,56,34,76.91,72.0,MEDIUM
Velachery Metro Station,2026-07-07,14,1,200,169,31,55,78.52,84.5,HIGH
Velachery Metro Station,2026-07-07,15,1,200,158,42,50,78.72,79.0,MEDIUM
Velachery Metro Station,2026-07-07,16,1,200,167,33,83,90.08,83.5,HIGH
Velachery Metro Station,2026-07-07,17,1,200,188,12,45,92.71,94.0,HIGH
Velachery Metro Station,2026-07-07,18,1,200,200,0,85,95.71,100.0,HIGH
Velachery Metro Station,2026-07-07,19,1,200,190,10,48,94.56,95.0,HIGH
Velachery Metro Station,2026-07-07,20,1,200,176,24,73,94.09,88.0,HIGH
Velachery Metro Station,2026-07-07,21,1,200,96,104,45,46.95,48.0,LOW
Velachery Metro Station,2026-07-07,22,1,200,78,122,21,39.12,39.0,LOW
Velachery Metro Station,2026-07-07,23,1,200,65,135,28,32.37,32.5,LOW
OMR IT Park,2026-07-07,0,1,300,13,287,4,5.0,4.33,LOW
OMR IT Park,2026-07-07,1,1,300,21,279,10,5.0,7.0,LOW
OMR IT Park,2026-07-07,2,1,300,17,283,7,12.61,5.67,LOW
OMR IT Park,2026-07-07,3,1,300,22,278,6,14.95,7.33,LOW
OMR IT Park,2026-07-07,4,1,300,40,260,10,6.29,13.33,LOW
OMR IT Park,2026-07-07,5,1,300,42,258,11,5.0,14.0,LOW
OMR IT Park,2026-07-07,6,1,300,20,280,7,5.0,6.67,LOW
OMR IT Park,2026-07-07,7,1,300,12,288,3,5.0,4.0,LOW
OMR IT Park,2026-07-07,8,1,300,268,32,106,96.19,89.33,HIGH
OMR IT Park,2026-07-07,9,1,300,226,74,112,81.52,75.33,MEDIUM
OMR IT Park,2026-07-07,10,1,300,267,33,106,81.05,89.0,HIGH
OMR IT Park,2026-07-07,11,1,300,239,61,92,79.5,79.67,MEDIUM
OMR IT Park,2026-07-07,12,1,300,250,50,81,82.93,83.33,HIGH
OMR IT Park,2026-07-07,13,1,300,249,51,78,87.65,83.0,HIGH
OMR IT Park,2026-07-07,14,1,300,265,35,90,89.37,88.33,HIGH
OMR IT Park,2026-07-07,15,1,300,261,39,87,75.03,87.0,HIGH
OMR IT Park,2026-07-07,16,1,300,257,43,114,81.78,85.67,HIGH
OMR IT Park,2026-07-07,17,1,300,160,140,42,51.48,53.33,MEDIUM
OMR IT Park,2026-07-07,18,1,300,157,143,40,58.73,52.33,MEDIUM
OMR IT Park,2026-07-07,19,1,300,187,113,72,58.07,62.33,MEDIUM
OMR IT Park,2026-07-07,20,1,300,75,225,18,23.35,25.0,LOW
OMR IT Park,2026-07-07,21,1,300,55,245,18,17.79,18.33,LOW
OMR IT Park,2026-07-07,22,1,300,42,258,9,17.11,14.0,LOW
OMR IT Park,2026-07-07,23,1,300,17,283,5,8.6,5.67,LOW
Anna Nagar Center,2026-07-07,0,1,100,18,82,6,27.85,18.0,LOW
Anna Nagar Center,2026-07-07,1,1,100,2,98,1,11.73,2.0,LOW
Anna Nagar Center,2026-07-07,2,1,100,8,92,2,5.0,8.0,LOW
Anna Nagar Center,2026-07-07,3,1,100,8,92,2,11.32,8.0,LOW
Anna Nagar Center,2026-07-07,4,1,100,19,81,8,18.48,19.0,LOW
Anna Nagar Center,2026-07-07,5,1,100,17,83,7,19.18,17.0,LOW
Anna Nagar Center,2026-07-07,6,1,100,9,91,3,6.9,9.0,LOW
Anna Nagar Center,2026-07-07,7,1,100,24,76,5,19.95,24.0,LOW
Anna Nagar Center,2026-07-07,8,1,100,58,42,15,51.54,58.0,MEDIUM
Anna Nagar Center,2026-07-07,9,1,100,62,38,14,60.87,62.0,MEDIUM
Anna Nagar Center,2026-07-07,10,1,100,40,60,17,48.01,40.0,LOW
Anna Nagar Center,2026-07-07,11,1,100,40,60,13,43.56,40.0,LOW
Anna Nagar Center,2026-07-07,12,1,100,83,17,40,90.7,83.0,HIGH
Anna Nagar Center,2026-07-07,13,1,100,73,27,28,64.17,73.0,MEDIUM
Anna Nagar Center,2026-07-07,14,1,100,61,39,26,72.92,61.0,MEDIUM
Anna Nagar Center,2026-07-07,15,1,100,88,12,24,87.2,88.0,HIGH
Anna Nagar Center,2026-07-07,16,1,100,50,50,18,48.35,50.0,MEDIUM
Anna Nagar Center,2026-07-07,17,1,100,59,41,23,68.07,59.0,MEDIUM
Anna Nagar Center,2026-07-07,18,1,100,76,24,30,80.98,76.0,MEDIUM
Anna Nagar Center,2026-07-07,19,1,100,75,25,37,73.04,75.0,MEDIUM
Anna Nagar Center,2026-07-07,20,1,100,71,29,20,74.71,71.0,MEDIUM
Anna Nagar Center,2026-07-07,21,1,100,82,18,32,80.48,82.0,HIGH
Anna Nagar Center,2026-07-07,22,1,100,17,83,4,21.16,17.0,LOW
Anna Nagar Center,2026-07-07,23,1,100,13,87,3,5.0,13.0,LOW
Guindy Corporate Park,2026-07-07,0,1,180,7,173,2,5.0,3.89,LOW
Guindy Corporate Park,2026-07-07,1,1,180,14,166,4,5.9,7.78,LOW
Guindy Corporate Park,2026-07-07,2,1,180,12,168,3,5.0,6.67,LOW
Guindy Corporate Park,2026-07-07,3,1,180,19,161,7,21.19,10.56,LOW
Guindy Corporate Park,2026-07-07,4,1,180,21,159,10,5.0,11.67,LOW
Guindy Corporate Park,2026-07-07,5,1,180,4,176,1,8.1,2.22,LOW
Guindy Corporate Park,2026-07-07,6,1,180,9,171,4,5.0,5.0,LOW
Guindy Corporate Park,2026-07-07,7,1,180,9,171,4,5.0,5.0,LOW
Guindy Corporate Park,2026-07-07,8,1,180,148,32,34,92.84,82.22,HIGH
Guindy Corporate Park,2026-07-07,9,1,180,179,1,64,90.22,99.44,HIGH
Guindy Corporate Park,2026-07-07,10,1,180,127,53,49,79.91,70.56,MEDIUM
Guindy Corporate Park,2026-07-07,11,1,180,143,37,52,82.46,79.44,MEDIUM
Guindy Corporate Park,2026-07-07,12,1,180,164,16,45,93.1,91.11,HIGH
Guindy Corporate Park,2026-07-07,13,1,180,180,0,45,98.0,100.0,HIGH
Guindy Corporate Park,2026-07-07,14,1,180,171,9,78,97.13,95.0,HIGH
Guindy Corporate Park,2026-07-07,15,1,180,162,18,66,84.03,90.0,HIGH
Guindy Corporate Park,2026-07-07,16,1,180,147,33,38,83.42,81.67,HIGH
Guindy Corporate Park,2026-07-07,17,1,180,109,71,43,59.17,60.56,MEDIUM
Guindy Corporate Park,2026-07-07,18,1,180,97,83,26,57.07,53.89,MEDIUM
Guindy Corporate Park,2026-07-07,19,1,180,120,60,51,70.9,66.67,MEDIUM
Guindy Corporate Park,2026-07-07,20,1,180,43,137,21,30.46,23.89,LOW
Guindy Corporate Park,2026-07-07,21,1,180,48,132,11,28.95,26.67,LOW
Guindy Corporate Park,2026-07-07,22,1,180,62,118,19,29.29,34.44,LOW
Guindy Corporate Park,2026-07-07,23,1,180,14,166,5,6.5,7.78,LOW
Chennai Mall,2026-07-08,0,2,150,32,118,8,26.32,21.33,LOW
Chennai Mall,2026-07-08,1,2,150,29,121,7,16.08,19.33,LOW
Chennai Mall,2026-07-08,2,2,150,19,131,5,21.8,12.67,LOW
Chennai Mall,2026-07-08,3,2,150,12,138,5,9.09,8.0,LOW
Chennai Mall,2026-07-08,4,2,150,25,125,8,13.94,16.67,LOW
Chennai Mall,2026-07-08,5,2,150,9,141,3,15.38,6.0,LOW
Chennai Mall,2026-07-08,6,2,150,33,117,12,15.51,22.0,LOW
Chennai Mall,2026-07-08,7,2,150,18,132,6,19.62,12.0,LOW
Chennai Mall,2026-07-08,8,2,150,32,118,6,19.93,21.33,LOW
Chennai Mall,2026-07-08,9,2,150,23,127,8,15.1,15.33,LOW
Chennai Mall,2026-07-08,10,2,150,38,112,13,15.44,25.33,LOW
Chennai Mall,2026-07-08,11,2,150,17,133,5,6.27,11.33,LOW
Chennai Mall,2026-07-08,12,2,150,87,63,29,66.23,58.0,MEDIUM
Chennai Mall,2026-07-08,13,2,150,72,78,34,41.73,48.0,LOW
Chennai Mall,2026-07-08,14,2,150,87,63,24,55.32,58.0,MEDIUM
Chennai Mall,2026-07-08,15,2,150,75,75,29,44.59,50.0,MEDIUM
Chennai Mall,2026-07-08,16,2,150,21,129,7,20.93,14.0,LOW
Chennai Mall,2026-07-08,17,2,150,125,25,36,82.37,83.33,HIGH
Chennai Mall,2026-07-08,18,2,150,133,17,45,79.37,88.67,HIGH
Chennai Mall,2026-07-08,19,2,150,133,17,49,81.9,88.67,HIGH
Chennai Mall,2026-07-08,20,2,150,102,48,50,66.97,68.0,MEDIUM
Chennai Mall,2026-07-08,21,2,150,125,25,45,74.02,83.33,HIGH
Chennai Mall,2026-07-08,22,2,150,59,91,15,39.53,39.33,LOW
Chennai Mall,2026-07-08,23,2,150,54,96,17,34.17,36.0,LOW
T Nagar Commercial Hub,2026-07-08,0,2,120,8,112,3,6.57,6.67,LOW
T Nagar Commercial Hub,2026-07-08,1,2,120,13,107,6,17.43,10.83,LOW
T Nagar Commercial Hub,2026-07-08,2,2,120,20,100,9,12.98,16.67,LOW
T Nagar Commercial Hub,2026-07-08,3,2,120,21,99,5,20.92,17.5,LOW
T Nagar Commercial Hub,2026-07-08,4,2,120,7,113,3,8.1,5.83,LOW
T Nagar Commercial Hub,2026-07-08,5,2,120,20,100,9,16.37,16.67,LOW
T Nagar Commercial Hub,2026-07-08,6,2,120,20,100,6,18.78,16.67,LOW
T Nagar Commercial Hub,2026-07-08,7,2,120,23,97,8,13.32,19.17,LOW
T Nagar Commercial Hub,2026-07-08,8,2,120,21,99,8,7.96,17.5,LOW
T Nagar Commercial Hub,2026-07-08,9,2,120,24,96,10,18.68,20.0,LOW
T Nagar Commercial Hub,2026-07-08,10,2,120,96,24,26,84.86,80.0,HIGH
T Nagar Commercial Hub,2026-07-08,11,2,120,79,41,21,68.05,65.83,MEDIUM
T Nagar Commercial Hub,2026-07-08,12,2,120,86,34,31,74.45,71.67,MEDIUM
T Nagar Commercial Hub,2026-07-08,13,2,120,80,40,30,62.47,66.67,MEDIUM
T Nagar Commercial Hub,2026-07-08,14,2,120,68,52,14,58.16,56.67,MEDIUM
T Nagar Commercial Hub,2026-07-08,15,2,120,75,45,33,61.64,62.5,MEDIUM
T Nagar Commercial Hub,2026-07-08,16,2,120,89,31,27,67.77,74.17,MEDIUM
T Nagar Commercial Hub,2026-07-08,17,2,120,81,39,17,53.36,67.5,MEDIUM
T Nagar Commercial Hub,2026-07-08,18,2,120,95,25,37,80.6,79.17,MEDIUM
T Nagar Commercial Hub,2026-07-08,19,2,120,74,46,30,71.61,61.67,MEDIUM
T Nagar Commercial Hub,2026-07-08,20,2,120,60,60,25,46.27,50.0,MEDIUM
T Nagar Commercial Hub,2026-07-08,21,2,120,59,61,26,42.03,49.17,LOW
T Nagar Commercial Hub,2026-07-08,22,2,120,60,60,16,46.69,50.0,MEDIUM
T Nagar Commercial Hub,2026-07-08,23,2,120,14,106,7,7.02,11.67,LOW
Velachery Metro Station,2026-07-08,0,2,200,14,186,7,11.36,7.0,LOW
Velachery Metro Station,2026-07-08,1,2,200,26,174,11,12.13,13.0,LOW
Velachery Metro Station,2026-07-08,2,2,200,17,183,7,9.81,8.5,LOW
Velachery Metro Station,2026-07-08,3,2,200,18,182,8,11.92,9.0,LOW
Velachery Metro Station,2026-07-08,4,2,200,41,159,15,20.78,20.5,LOW
Velachery Metro Station,2026-07-08,5,2,200,13,187,4,15.68,6.5,LOW
Velachery Metro Station,2026-07-08,6,2,200,24,176,12,5.0,12.0,LOW
Velachery Metro Station,2026-07-08,7,2,200,197,3,94,92.54,98.5,HIGH
Velachery Metro Station,2026-07-08,8,2,200,188,12,40,98.0,94.0,HIGH
Velachery Metro Station,2026-07-08,9,2,200,165,35,75,85.25,82.5,HIGH
Velachery Metro Station,2026-07-08,10,2,200,174,26,68,80.49,87.0,HIGH
Velachery Metro Station,2026-07-08,11,2,200,142,58,63,79.5,71.0,MEDIUM
Velachery Metro Station,2026-07-08,12,2,200,137,63,60,76.85,68.5,MEDIUM
Velachery Metro Station,2026-07-08,13,2,200,158,42,32,78.2,79.0,MEDIUM
Velachery Metro Station,2026-07-08,14,2,200,144,56,42,76.33,72.0,MEDIUM
Velachery Metro Station,2026-07-08,15,2,200,165,35,57,77.54,82.5,HIGH
Velachery Metro Station,2026-07-08,16,2,200,159,41,65,84.28,79.5,MEDIUM
Velachery Metro Station,2026-07-08,17,2,200,191,9,94,91.26,95.5,HIGH
Velachery Metro Station,2026-07-08,18,2,200,193,7,64,91.18,96.5,HIGH
Velachery Metro Station,2026-07-08,19,2,200,186,14,84,97.13,93.0,HIGH
Velachery Metro Station,2026-07-08,20,2,200,173,27,38,83.35,86.5,HIGH
Velachery Metro Station,2026-07-08,21,2,200,78,122,32,41.76,39.0,LOW
Velachery Metro Station,2026-07-08,22,2,200,76,124,34,34.64,38.0,LOW
Velachery Metro Station,2026-07-08,23,2,200,85,115,37,41.44,42.5,LOW
OMR IT Park,2026-07-08,0,2,300,11,289,5,12.28,3.67,LOW
OMR IT Park,2026-07-08,1,2,300,20,280,7,5.0,6.67,LOW
OMR IT Park,2026-07-08,2,2,300,6,294,2,5.0,2.0,LOW
OMR IT Park,2026-07-08,3,2,300,20,280,6,8.33,6.67,LOW
OMR IT Park,2026-07-08,4,2,300,32,268,12,12.89,10.67,LOW
OMR IT Park,2026-07-08,5,2,300,10,290,3,5.0,3.33,LOW
OMR IT Park,2026-07-08,6,2,300,6,294,3,7.82,2.0,LOW
OMR IT Park,2026-07-08,7,2,300,9,291,2,5.0,3.0,LOW
OMR IT Park,2026-07-08,8,2,300,280,20,134,92.73,93.33,HIGH
OMR IT Park,2026-07-08,9,2,300,236,64,83,76.76,78.67,MEDIUM
OMR IT Park,2026-07-08,10,2,300,235,65,109,74.01,78.33,MEDIUM
OMR IT Park,2026-07-08,11,2,300,238,62,90,77.1,79.33,MEDIUM
OMR IT Park,2026-07-08,12,2,300,264,36,61,90.35,88.0,HIGH
OMR IT Park,2026-07-08,13,2,300,271,29,69,88.74,90.33,HIGH
OMR IT Park,2026-07-08,14,2,300,259,41,66,93.22,86.33,HIGH
OMR IT Park,2026-07-08,15,2,300,286,14,67,96.98,95.33,HIGH
OMR IT Park,2026-07-08,16,2,300,272,28,132,92.27,90.67,HIGH
OMR IT Park,2026-07-08,17,2,300,183,117,75,46.77,61.0,MEDIUM
OMR IT Park,2026-07-08,18,2,300,182,118,70,44.93,60.67,MEDIUM
OMR IT Park,2026-07-08,19,2,300,166,134,67,43.39,55.33,MEDIUM
OMR IT Park,2026-07-08,20,2,300,84,216,42,36.7,28.0,LOW
OMR IT Park,2026-07-08,21,2,300,89,211,26,28.86,29.67,LOW
OMR IT Park,2026-07-08,22,2,300,76,224,35,26.65,25.33,LOW
OMR IT Park,2026-07-08,23,2,300,6,294,1,7.61,2.0,LOW
Anna Nagar Center,2026-07-08,0,2,100,20,80,8,14.28,20.0,LOW
Anna Nagar Center,2026-07-08,1,2,100,22,78,11,18.89,22.0,LOW
Anna Nagar Center,2026-07-08,2,2,100,24,76,8,28.04,24.0,LOW
Anna Nagar Center,2026-07-08,3,2,100,22,78,10,26.59,22.0,LOW
Anna Nagar Center,2026-07-08,4,2,100,14,86,4,8.88,14.0,LOW
Anna Nagar Center,2026-07-08,5,2,100,13,87,6,11.89,13.0,LOW
Anna Nagar Center,2026-07-08,6,2,100,16,84,5,14.52,16.0,LOW
Anna Nagar Center,2026-07-08,7,2,100,17,83,4,13.8,17.0,LOW
Anna Nagar Center,2026-07-08,8,2,100,57,43,12,50.53,57.0,MEDIUM
Anna Nagar Center,2026-07-08,9,2,100,53,47,19,47.4,53.0,MEDIUM
Anna Nagar Center,2026-07-08,10,2,100,60,40,16,69.02,60.0,MEDIUM
Anna Nagar Center,2026-07-08,11,2,100,46,54,17,48.57,46.0,LOW
Anna Nagar Center,2026-07-08,12,2,100,68,32,33,72.26,68.0,MEDIUM
Anna Nagar Center,2026-07-08,13,2,100,76,24,19,70.94,76.0,MEDIUM
Anna Nagar Center,2026-07-08,14,2,100,79,21,20,84.83,79.0,MEDIUM
Anna Nagar Center,2026-07-08,15,2,100,66,34,20,67.91,66.0,MEDIUM
Anna Nagar Center,2026-07-08,16,2,100,52,48,24,43.72,52.0,MEDIUM
Anna Nagar Center,2026-07-08,17,2,100,41,59,20,51.33,41.0,LOW
Anna Nagar Center,2026-07-08,18,2,100,72,28,18,70.69,72.0,MEDIUM
Anna Nagar Center,2026-07-08,19,2,100,69,31,23,70.58,69.0,MEDIUM
Anna Nagar Center,2026-07-08,20,2,100,87,13,33,83.8,87.0,HIGH
Anna Nagar Center,2026-07-08,21,2,100,78,22,26,76.15,78.0,MEDIUM
Anna Nagar Center,2026-07-08,22,2,100,12,88,3,20.26,12.0,LOW
Anna Nagar Center,2026-07-08,23,2,100,12,88,4,5.72,12.0,LOW
Guindy Corporate Park,2026-07-08,0,2,180,19,161,9,6.67,10.56,LOW
Guindy Corporate Park,2026-07-08,1,2,180,13,167,6,12.99,7.22,LOW
Guindy Corporate Park,2026-07-08,2,2,180,17,163,5,16.12,9.44,LOW
Guindy Corporate Park,2026-07-08,3,2,180,4,176,1,11.11,2.22,LOW
Guindy Corporate Park,2026-07-08,4,2,180,18,162,5,14.42,10.0,LOW
Guindy Corporate Park,2026-07-08,5,2,180,4,176,1,5.0,2.22,LOW
Guindy Corporate Park,2026-07-08,6,2,180,17,163,5,5.0,9.44,LOW
Guindy Corporate Park,2026-07-08,7,2,180,7,173,3,5.48,3.89,LOW
Guindy Corporate Park,2026-07-08,8,2,180,169,11,41,96.78,93.89,HIGH
Guindy Corporate Park,2026-07-08,9,2,180,158,22,74,93.88,87.78,HIGH
Guindy Corporate Park,2026-07-08,10,2,180,141,39,55,75.08,78.33,MEDIUM
Guindy Corporate Park,2026-07-08,11,2,180,149,31,31,78.1,82.78,HIGH
Guindy Corporate Park,2026-07-08,12,2,180,147,33,69,78.86,81.67,HIGH
Guindy Corporate Park,2026-07-08,13,2,180,150,30,41,92.42,83.33,HIGH
Guindy Corporate Park,2026-07-08,14,2,180,170,10,66,89.79,94.44,HIGH
Guindy Corporate Park,2026-07-08,15,2,180,162,18,68,85.19,90.0,HIGH
Guindy Corporate Park,2026-07-08,16,2,180,155,25,77,75.59,86.11,HIGH
Guindy Corporate Park,2026-07-08,17,2,180,98,82,31,54.72,54.44,MEDIUM
Guindy Corporate Park,2026-07-08,18,2,180,135,45,27,69.86,75.0,MEDIUM
Guindy Corporate Park,2026-07-08,19,2,180,120,60,36,66.49,66.67,MEDIUM
Guindy Corporate Park,2026-07-08,20,2,180,53,127,11,28.64,29.44,LOW
Guindy Corporate Park,2026-07-08,21,2,180,70,110,28,37.69,38.89,LOW
Guindy Corporate Park,2026-07-08,22,2,180,27,153,9,19.19,15.0,LOW
Guindy Corporate Park,2026-07-08,23,2,180,6,174,1,7.33,3.33,LOW
Chennai Mall,2026-07-09,0,3,150,30,120,7,22.03,20.0,LOW
Chennai Mall,2026-07-09,1,3,150,34,116,9,14.45,22.67,LOW
Chennai Mall,2026-07-09,2,3,150,27,123,9,15.18,18.0,LOW
Chennai Mall,2026-07-09,3,3,150,28,122,9,20.12,18.67,LOW
Chennai Mall,2026-07-09,4,3,150,33,117,16,24.13,22.0,LOW
Chennai Mall,2026-07-09,5,3,150,3,147,1,7.89,2.0,LOW
Chennai Mall,2026-07-09,6,3,150,26,124,11,8.41,17.33,LOW
Chennai Mall,2026-07-09,7,3,150,9,141,4,6.69,6.0,LOW
Chennai Mall,2026-07-09,8,3,150,29,121,6,20.11,19.33,LOW
Chennai Mall,2026-07-09,9,3,150,12,138,6,5.0,8.0,LOW
Chennai Mall,2026-07-09,10,3,150,18,132,6,5.0,12.0,LOW
Chennai Mall,2026-07-09,11,3,150,28,122,12,19.96,18.67,LOW
Chennai Mall,2026-07-09,12,3,150,60,90,28,52.94,40.0,LOW
Chennai Mall,2026-07-09,13,3,150,70,80,19,53.31,46.67,LOW
Chennai Mall,2026-07-09,14,3,150,69,81,15,45.16,46.0,LOW
Chennai Mall,2026-07-09,15,3,150,92,58,32,75.3,61.33,MEDIUM
Chennai Mall,2026-07-09,16,3,150,29,121,10,10.22,19.33,LOW
Chennai Mall,2026-07-09,17,3,150,112,38,35,76.62,74.67,MEDIUM
Chennai Mall,2026-07-09,18,3,150,127,23,34,88.6,84.67,HIGH
Chennai Mall,2026-07-09,19,3,150,134,16,64,81.53,89.33,HIGH
Chennai Mall,2026-07-09,20,3,150,120,30,59,76.55,80.0,HIGH
Chennai Mall,2026-07-09,21,3,150,111,39,24,70.58,74.0,MEDIUM
Chennai Mall,2026-07-09,22,3,150,66,84,15,39.04,44.0,LOW
Chennai Mall,2026-07-09,23,3,150,36,114,13,22.13,24.0,LOW
T Nagar Commercial Hub,2026-07-09,0,3,120,24,96,8,12.62,20.0,LOW
T Nagar Commercial Hub,2026-07-09,1,3,120,6,114,3,5.0,5.0,LOW
T Nagar Commercial Hub,2026-07-09,2,3,120,9,111,4,5.0,7.5,LOW
T Nagar Commercial Hub,2026-07-09,3,3,120,12,108,4,15.9,10.0,LOW
T Nagar Commercial Hub,2026-07-09,4,3,120,21,99,4,27.37,17.5,LOW
T Nagar Commercial Hub,2026-07-09,5,3,120,2,118,1,5.0,1.67,LOW
T Nagar Commercial Hub,2026-07-09,6,3,120,13,107,4,25.21,10.83,LOW
T Nagar Commercial Hub,2026-07-09,7,3,120,24,96,5,9.46,20.0,LOW
T Nagar Commercial Hub,2026-07-09,8,3,120,13,107,4,5.0,10.83,LOW
T Nagar Commercial Hub,2026-07-09,9,3,120,13,107,6,5.95,10.83,LOW
T Nagar Commercial Hub,2026-07-09,10,3,120,92,28,24,81.89,76.67,MEDIUM
T Nagar Commercial Hub,2026-07-09,11,3,120,103,17,32,81.12,85.83,HIGH
T Nagar Commercial Hub,2026-07-09,12,3,120,96,24,38,78.26,80.0,HIGH
T Nagar Commercial Hub,2026-07-09,13,3,120,102,18,44,91.83,85.0,HIGH
T Nagar Commercial Hub,2026-07-09,14,3,120,106,14,38,80.12,88.33,HIGH
T Nagar Commercial Hub,2026-07-09,15,3,120,88,32,23,78.09,73.33,MEDIUM
T Nagar Commercial Hub,2026-07-09,16,3,120,86,34,40,64.07,71.67,MEDIUM
T Nagar Commercial Hub,2026-07-09,17,3,120,90,30,42,76.59,75.0,MEDIUM
T Nagar Commercial Hub,2026-07-09,18,3,120,90,30,44,73.47,75.0,MEDIUM
T Nagar Commercial Hub,2026-07-09,19,3,120,77,43,16,62.77,64.17,MEDIUM
T Nagar Commercial Hub,2026-07-09,20,3,120,53,67,21,49.02,44.17,LOW
T Nagar Commercial Hub,2026-07-09,21,3,120,44,76,14,26.57,36.67,LOW
T Nagar Commercial Hub,2026-07-09,22,3,120,51,69,24,48.06,42.5,LOW
T Nagar Commercial Hub,2026-07-09,23,3,120,17,103,4,15.45,14.17,LOW
Velachery Metro Station,2026-07-09,0,3,200,25,175,10,15.39,12.5,LOW
Velachery Metro Station,2026-07-09,1,3,200,13,187,6,5.0,6.5,LOW
Velachery Metro Station,2026-07-09,2,3,200,29,171,13,18.63,14.5,LOW
Velachery Metro Station,2026-07-09,3,3,200,7,193,3,5.0,3.5,LOW
Velachery Metro Station,2026-07-09,4,3,200,15,185,5,5.0,7.5,LOW
Velachery Metro Station,2026-07-09,5,3,200,36,164,17,20.88,18.0,LOW
Velachery Metro Station,2026-07-09,6,3,200,33,167,13,15.15,16.5,LOW
Velachery Metro Station,2026-07-09,7,3,200,169,31,40,95.72,84.5,HIGH
Velachery Metro Station,2026-07-09,8,3,200,189,11,51,96.87,94.5,HIGH
Velachery Metro Station,2026-07-09,9,3,200,200,0,93,90.64,100.0,HIGH
Velachery Metro Station,2026-07-09,10,3,200,195,5,81,98.0,97.5,HIGH
Velachery Metro Station,2026-07-09,11,3,200,179,21,62,84.29,89.5,HIGH
Velachery Metro Station,2026-07-09,12,3,200,166,34,69,78.45,83.0,HIGH
Velachery Metro Station,2026-07-09,13,3,200,158,42,78,77.16,79.0,MEDIUM
Velachery Metro Station,2026-07-09,14,3,200,152,48,49,69.0,76.0,MEDIUM
Velachery Metro Station,2026-07-09,15,3,200,147,53,65,67.69,73.5,MEDIUM
Velachery Metro Station,2026-07-09,16,3,200,173,27,46,74.55,86.5,HIGH
Velachery Metro Station,2026-07-09,17,3,200,185,15,56,90.91,92.5,HIGH
Velachery Metro Station,2026-07-09,18,3,200,181,19,37,98.0,90.5,HIGH
Velachery Metro Station,2026-07-09,19,3,200,173,27,40,89.52,86.5,HIGH
Velachery Metro Station,2026-07-09,20,3,200,183,17,64,98.0,91.5,HIGH
Velachery Metro Station,2026-07-09,21,3,200,106,94,47,55.23,53.0,MEDIUM
Velachery Metro Station,2026-07-09,22,3,200,90,110,39,47.06,45.0,LOW
Velachery Metro Station,2026-07-09,23,3,200,107,93,30,49.14,53.5,MEDIUM
OMR IT Park,2026-07-09,0,3,300,15,285,5,5.0,5.0,LOW
OMR IT Park,2026-07-09,1,3,300,13,287,4,8.7,4.33,LOW
OMR IT Park,2026-07-09,2,3,300,15,285,4,6.72,5.0,LOW
OMR IT Park,2026-07-09,3,3,300,6,294,2,6.18,2.0,LOW
OMR IT Park,2026-07-09,4,3,300,24,276,10,9.15,8.0,LOW
OMR IT Park,2026-07-09,5,3,300,14,286,6,6.69,4.67,LOW
OMR IT Park,2026-07-09,6,3,300,13,287,4,14.52,4.33,LOW
OMR IT Park,2026-07-09,7,3,300,27,273,6,7.36,9.0,LOW
OMR IT Park,2026-07-09,8,3,300,250,50,97,83.12,83.33,HIGH
OMR IT Park,2026-07-09,9,3,300,215,85,85,73.53,71.67,MEDIUM
OMR IT Park,2026-07-09,10,3,300,244,56,103,83.34,81.33,HIGH
OMR IT Park,2026-07-09,11,3,300,280,20,84,87.09,93.33,HIGH
OMR IT Park,2026-07-09,12,3,300,272,28,117,83.56,90.67,HIGH
OMR IT Park,2026-07-09,13,3,300,251,49,68,84.57,83.67,HIGH
OMR IT Park,2026-07-09,14,3,300,270,30,75,96.35,90.0,HIGH
OMR IT Park,2026-07-09,15,3,300,278,22,111,89.2,92.67,HIGH
OMR IT Park,2026-07-09,16,3,300,279,21,74,89.64,93.0,HIGH
OMR IT Park,2026-07-09,17,3,300,209,91,96,63.11,69.67,MEDIUM
OMR IT Park,2026-07-09,18,3,300,192,108,46,64.29,64.0,MEDIUM
OMR IT Park,2026-07-09,19,3,300,204,96,52,71.56,68.0,MEDIUM
OMR IT Park,2026-07-09,20,3,300,48,252,17,16.11,16.0,LOW
OMR IT Park,2026-07-09,21,3,300,46,254,16,9.02,15.33,LOW
OMR IT Park,2026-07-09,22,3,300,78,222,17,26.61,26.0,LOW
OMR IT Park,2026-07-09,23,3,300,6,294,3,5.0,2.0,LOW
Anna Nagar Center,2026-07-09,0,3,100,9,91,3,13.05,9.0,LOW
Anna Nagar Center,2026-07-09,1,3,100,23,77,11,28.29,23.0,LOW
Anna Nagar Center,2026-07-09,2,3,100,12,88,5,19.43,12.0,LOW
Anna Nagar Center,2026-07-09,3,3,100,13,87,3,5.0,13.0,LOW
Anna Nagar Center,2026-07-09,4,3,100,13,87,6,5.0,13.0,LOW
Anna Nagar Center,2026-07-09,5,3,100,19,81,4,24.87,19.0,LOW
Anna Nagar Center,2026-07-09,6,3,100,2,98,1,10.05,2.0,LOW
Anna Nagar Center,2026-07-09,7,3,100,11,89,5,22.15,11.0,LOW
Anna Nagar Center,2026-07-09,8,3,100,61,39,28,51.68,61.0,MEDIUM
Anna Nagar Center,2026-07-09,9,3,100,53,47,20,61.3,53.0,MEDIUM
Anna Nagar Center,2026-07-09,10,3,100,43,57,11,45.16,43.0,LOW
Anna Nagar Center,2026-07-09,11,3,100,40,60,11,45.84,40.0,LOW
Anna Nagar Center,2026-07-09,12,3,100,83,17,29,73.13,83.0,HIGH
Anna Nagar Center,2026-07-09,13,3,100,80,20,24,83.03,80.0,HIGH
Anna Nagar Center,2026-07-09,14,3,100,75,25,23,76.92,75.0,MEDIUM
Anna Nagar Center,2026-07-09,15,3,100,82,18,38,79.51,82.0,HIGH
Anna Nagar Center,2026-07-09,16,3,100,51,49,21,53.67,51.0,MEDIUM
Anna Nagar Center,2026-07-09,17,3,100,54,46,26,54.62,54.0,MEDIUM
Anna Nagar Center,2026-07-09,18,3,100,74,26,24,75.23,74.0,MEDIUM
Anna Nagar Center,2026-07-09,19,3,100,88,12,23,75.77,88.0,HIGH
Anna Nagar Center,2026-07-09,20,3,100,75,25,35,78.34,75.0,MEDIUM
Anna Nagar Center,2026-07-09,21,3,100,85,15,33,83.37,85.0,HIGH
Anna Nagar Center,2026-07-09,22,3,100,13,87,4,10.79,13.0,LOW
Anna Nagar Center,2026-07-09,23,3,100,17,83,5,16.59,17.0,LOW
Guindy Corporate Park,2026-07-09,0,3,180,4,176,1,16.5,2.22,LOW
Guindy Corporate Park,2026-07-09,1,3,180,10,170,3,5.0,5.56,LOW
Guindy Corporate Park,2026-07-09,2,3,180,11,169,4,16.91,6.11,LOW
Guindy Corporate Park,2026-07-09,3,3,180,11,169,3,8.13,6.11,LOW
Guindy Corporate Park,2026-07-09,4,3,180,18,162,8,5.0,10.0,LOW
Guindy Corporate Park,2026-07-09,5,3,180,13,167,6,5.0,7.22,LOW
Guindy Corporate Park,2026-07-09,6,3,180,12,168,4,5.0,6.67,LOW
Guindy Corporate Park,2026-07-09,7,3,180,7,173,1,9.44,3.89,LOW
Guindy Corporate Park,2026-07-09,8,3,180,131,49,63,79.26,72.78,MEDIUM
Guindy Corporate Park,2026-07-09,9,3,180,137,43,56,75.81,76.11,MEDIUM
Guindy Corporate Park,2026-07-09,10,3,180,142,38,51,80.67,78.89,MEDIUM
Guindy Corporate Park,2026-07-09,11,3,180,170,10,68,88.44,94.44,HIGH
Guindy Corporate Park,2026-07-09,12,3,180,168,12,47,91.28,93.33,HIGH
Guindy Corporate Park,2026-07-09,13,3,180,169,11,36,86.15,93.89,HIGH
Guindy Corporate Park,2026-07-09,14,3,180,144,36,44,87.41,80.0,HIGH
Guindy Corporate Park,2026-07-09,15,3,180,159,21,41,94.14,88.33,HIGH
Guindy Corporate Park,2026-07-09,16,3,180,166,14,73,98.0,92.22,HIGH
Guindy Corporate Park,2026-07-09,17,3,180,110,70,35,59.85,61.11,MEDIUM
Guindy Corporate Park,2026-07-09,18,3,180,122,58,47,74.3,67.78,MEDIUM
Guindy Corporate Park,2026-07-09,19,3,180,108,72,44,55.13,60.0,MEDIUM
Guindy Corporate Park,2026-07-09,20,3,180,52,128,18,39.98,28.89,LOW
Guindy Corporate Park,2026-07-09,21,3,180,56,124,21,34.26,31.11,LOW
Guindy Corporate Park,2026-07-09,22,3,180,29,151,14,14.0,16.11,LOW
Guindy Corporate Park,2026-07-09,23,3,180,6,174,1,9.79,3.33,LOW
Chennai Mall,2026-07-10,0,4,150,33,117,10,29.96,22.0,LOW
Chennai Mall,2026-07-10,1,4,150,36,114,8,22.46,24.0,LOW
Chennai Mall,2026-07-10,2,4,150,12,138,4,5.28,8.0,LOW
Chennai Mall,2026-07-10,3,4,150,7,143,3,6.33,4.67,LOW
Chennai Mall,2026-07-10,4,4,150,20,130,6,20.12,13.33,LOW
Chennai Mall,2026-07-10,5,4,150,7,143,1,5.0,4.67,LOW
Chennai Mall,2026-07-10,6,4,150,25,125,10,17.41,16.67,LOW
Chennai Mall,2026-07-10,7,4,150,24,126,8,16.51,16.0,LOW
Chennai Mall,2026-07-10,8,4,150,38,112,14,27.74,25.33,LOW
Chennai Mall,2026-07-10,9,4,150,29,121,13,21.83,19.33,LOW
Chennai Mall,2026-07-10,10,4,150,23,127,6,18.36,15.33,LOW
Chennai Mall,2026-07-10,11,4,150,36,114,15,21.68,24.0,LOW
Chennai Mall,2026-07-10,12,4,150,69,81,14,36.7,46.0,LOW
Chennai Mall,2026-07-10,13,4,150,67,83,16,47.11,44.67,LOW
Chennai Mall,2026-07-10,14,4,150,81,69,29,54.18,54.0,MEDIUM
Chennai Mall,2026-07-10,15,4,150,72,78,18,49.58,48.0,LOW
Chennai Mall,2026-07-10,16,4,150,38,112,16,19.96,25.33,LOW
Chennai Mall,2026-07-10,17,4,150,91,59,30,72.13,60.67,MEDIUM
Chennai Mall,2026-07-10,18,4,150,114,36,45,69.25,76.0,MEDIUM
Chennai Mall,2026-07-10,19,4,150,116,34,40,75.43,77.33,MEDIUM
Chennai Mall,2026-07-10,20,4,150,113,37,52,75.89,75.33,MEDIUM
Chennai Mall,2026-07-10,21,4,150,117,33,29,80.63,78.0,MEDIUM
Chennai Mall,2026-07-10,22,4,150,36,114,12,29.18,24.0,LOW
Chennai Mall,2026-07-10,23,4,150,58,92,12,26.02,38.67,LOW
T Nagar Commercial Hub,2026-07-10,0,4,120,24,96,11,14.97,20.0,LOW
T Nagar Commercial Hub,2026-07-10,1,4,120,10,110,5,7.56,8.33,LOW
T Nagar Commercial Hub,2026-07-10,2,4,120,12,108,3,9.29,10.0,LOW
T Nagar Commercial Hub,2026-07-10,3,4,120,19,101,5,5.39,15.83,LOW
T Nagar Commercial Hub,2026-07-10,4,4,120,11,109,4,5.0,9.17,LOW
T Nagar Commercial Hub,2026-07-10,5,4,120,17,103,4,19.62,14.17,LOW
T Nagar Commercial Hub,2026-07-10,6,4,120,27,93,11,19.48,22.5,LOW
T Nagar Commercial Hub,2026-07-10,7,4,120,11,109,4,19.41,9.17,LOW
T Nagar Commercial Hub,2026-07-10,8,4,120,16,104,5,8.61,13.33,LOW
T Nagar Commercial Hub,2026-07-10,9,4,120,11,109,5,5.0,9.17,LOW
T Nagar Commercial Hub,2026-07-10,10,4,120,72,48,31,61.33,60.0,MEDIUM
T Nagar Commercial Hub,2026-07-10,11,4,120,71,49,36,58.22,59.17,MEDIUM
T Nagar Commercial Hub,2026-07-10,12,4,120,88,32,22,70.91,73.33,MEDIUM
T Nagar Commercial Hub,2026-07-10,13,4,120,76,44,29,70.33,63.33,MEDIUM
T Nagar Commercial Hub,2026-07-10,14,4,120,76,44,22,70.09,63.33,MEDIUM
T Nagar Commercial Hub,2026-07-10,15,4,120,93,27,42,71.07,77.5,MEDIUM
T Nagar Commercial Hub,2026-07-10,16,4,120,80,40,29,55.01,66.67,MEDIUM
T Nagar Commercial Hub,2026-07-10,17,4,120,77,43,20,62.87,64.17,MEDIUM
T Nagar Commercial Hub,2026-07-10,18,4,120,92,28,24,87.12,76.67,MEDIUM
T Nagar Commercial Hub,2026-07-10,19,4,120,91,29,30,86.53,75.83,MEDIUM
T Nagar Commercial Hub,2026-07-10,20,4,120,64,56,30,54.37,53.33,MEDIUM
T Nagar Commercial Hub,2026-07-10,21,4,120,50,70,23,41.77,41.67,LOW
T Nagar Commercial Hub,2026-07-10,22,4,120,52,68,11,41.99,43.33,LOW
T Nagar Commercial Hub,2026-07-10,23,4,120,27,93,8,12.47,22.5,LOW
Velachery Metro Station,2026-07-10,0,4,200,28,172,9,17.37,14.0,LOW
Velachery Metro Station,2026-07-10,1,4,200,37,163,13,15.76,18.5,LOW
Velachery Metro Station,2026-07-10,2,4,200,14,186,4,16.85,7.0,LOW
Velachery Metro Station,2026-07-10,3,4,200,26,174,12,12.86,13.0,LOW
Velachery Metro Station,2026-07-10,4,4,200,55,145,22,15.54,27.5,LOW
Velachery Metro Station,2026-07-10,5,4,200,27,173,13,7.2,13.5,LOW
Velachery Metro Station,2026-07-10,6,4,200,29,171,8,19.28,14.5,LOW
Velachery Metro Station,2026-07-10,7,4,200,200,0,49,91.41,100.0,HIGH
Velachery Metro Station,2026-07-10,8,4,200,177,23,62,95.4,88.5,HIGH
Velachery Metro Station,2026-07-10,9,4,200,176,24,75,93.66,88.0,HIGH
Velachery Metro Station,2026-07-10,10,4,200,170,30,68,76.6,85.0,HIGH
Velachery Metro Station,2026-07-10,11,4,200,172,28,38,81.53,86.0,HIGH
Velachery Metro Station,2026-07-10,12,4,200,178,22,53,81.39,89.0,HIGH
Velachery Metro Station,2026-07-10,13,4,200,174,26,39,85.46,87.0,HIGH
Velachery Metro Station,2026-07-10,14,4,200,162,38,33,86.28,81.0,HIGH
Velachery Metro Station,2026-07-10,15,4,200,169,31,58,83.34,84.5,HIGH
Velachery Metro Station,2026-07-10,16,4,200,156,44,52,86.68,78.0,MEDIUM
Velachery Metro Station,2026-07-10,17,4,200,190,10,86,91.51,95.0,HIGH
Velachery Metro Station,2026-07-10,18,4,200,181,19,44,88.81,90.5,HIGH
Velachery Metro Station,2026-07-10,19,4,200,177,23,86,94.13,88.5,HIGH
Velachery Metro Station,2026-07-10,20,4,200,179,21,80,88.18,89.5,HIGH
Velachery Metro Station,2026-07-10,21,4,200,100,100,30,44.88,50.0,MEDIUM
Velachery Metro Station,2026-07-10,22,4,200,96,104,40,50.92,48.0,LOW
Velachery Metro Station,2026-07-10,23,4,200,93,107,37,42.79,46.5,LOW
OMR IT Park,2026-07-10,0,4,300,6,294,2,5.0,2.0,LOW
OMR IT Park,2026-07-10,1,4,300,32,268,14,5.0,10.67,LOW
OMR IT Park,2026-07-10,2,4,300,6,294,3,6.23,2.0,LOW
OMR IT Park,2026-07-10,3,4,300,6,294,2,5.0,2.0,LOW
OMR IT Park,2026-07-10,4,4,300,28,272,12,7.73,9.33,LOW
OMR IT Park,2026-07-10,5,4,300,23,277,6,5.0,7.67,LOW
OMR IT Park,2026-07-10,6,4,300,13,287,5,8.06,4.33,LOW
OMR IT Park,2026-07-10,7,4,300,10,290,5,16.61,3.33,LOW
OMR IT Park,2026-07-10,8,4,300,230,70,53,72.01,76.67,MEDIUM
OMR IT Park,2026-07-10,9,4,300,250,50,125,68.21,83.33,HIGH
OMR IT Park,2026-07-10,10,4,300,218,82,83,73.91,72.67,MEDIUM
OMR IT Park,2026-07-10,11,4,300,265,35,102,92.52,88.33,HIGH
OMR IT Park,2026-07-10,12,4,300,266,34,88,83.78,88.67,HIGH
OMR IT Park,2026-07-10,13,4,300,297,3,139,98.0,99.0,HIGH
OMR IT Park,2026-07-10,14,4,300,294,6,110,91.78,98.0,HIGH
OMR IT Park,2026-07-10,15,4,300,238,62,66,77.55,79.33,MEDIUM
OMR IT Park,2026-07-10,16,4,300,269,31,114,86.42,89.67,HIGH
OMR IT Park,2026-07-10,17,4,300,211,89,64,75.68,70.33,MEDIUM
OMR IT Park,2026-07-10,18,4,300,148,152,72,58.44,49.33,LOW
OMR IT Park,2026-07-10,19,4,300,176,124,51,64.73,58.67,MEDIUM
OMR IT Park,2026-07-10,20,4,300,81,219,39,27.49,27.0,LOW
OMR IT Park,2026-07-10,21,4,300,89,211,28,37.65,29.67,LOW
OMR IT Park,2026-07-10,22,4,300,49,251,13,23.99,16.33,LOW
OMR IT Park,2026-07-10,23,4,300,20,280,9,5.0,6.67,LOW
Anna Nagar Center,2026-07-10,0,4,100,8,92,3,6.12,8.0,LOW
Anna Nagar Center,2026-07-10,1,4,100,20,80,6,12.88,20.0,LOW
Anna Nagar Center,2026-07-10,2,4,100,13,87,6,9.92,13.0,LOW
Anna Nagar Center,2026-07-10,3,4,100,14,86,4,10.8,14.0,LOW
Anna Nagar Center,2026-07-10,4,4,100,15,85,4,19.66,15.0,LOW
Anna Nagar Center,2026-07-10,5,4,100,16,84,4,17.92,16.0,LOW
Anna Nagar Center,2026-07-10,6,4,100,7,93,2,5.05,7.0,LOW
Anna Nagar Center,2026-07-10,7,4,100,13,87,6,16.81,13.0,LOW
Anna Nagar Center,2026-07-10,8,4,100,53,47,24,48.79,53.0,MEDIUM
Anna Nagar Center,2026-07-10,9,4,100,44,56,14,41.64,44.0,LOW
Anna Nagar Center,2026-07-10,10,4,100,46,54,19,44.75,46.0,LOW
Anna Nagar Center,2026-07-10,11,4,100,51,49,19,60.61,51.0,MEDIUM
Anna Nagar Center,2026-07-10,12,4,100,69,31,23,70.81,69.0,MEDIUM
Anna Nagar Center,2026-07-10,13,4,100,76,24,20,74.43,76.0,MEDIUM
Anna Nagar Center,2026-07-10,14,4,100,65,35,26,56.07,65.0,MEDIUM
Anna Nagar Center,2026-07-10,15,4,100,82,18,38,73.22,82.0,HIGH
Anna Nagar Center,2026-07-10,16,4,100,57,43,18,55.36,57.0,MEDIUM
Anna Nagar Center,2026-07-10,17,4,100,58,42,12,61.62,58.0,MEDIUM
Anna Nagar Center,2026-07-10,18,4,100,67,33,15,68.44,67.0,MEDIUM
Anna Nagar Center,2026-07-10,19,4,100,68,32,16,68.88,68.0,MEDIUM
Anna Nagar Center,2026-07-10,20,4,100,72,28,35,79.49,72.0,MEDIUM
Anna Nagar Center,2026-07-10,21,4,100,76,24,37,86.23,76.0,MEDIUM
Anna Nagar Center,2026-07-10,22,4,100,11,89,5,7.37,11.0,LOW
Anna Nagar Center,2026-07-10,23,4,100,17,83,4,5.0,17.0,LOW
Guindy Corporate Park,2026-07-10,0,4,180,8,172,3,5.0,4.44,LOW
Guindy Corporate Park,2026-07-10,1,4,180,15,165,6,12.25,8.33,LOW
Guindy Corporate Park,2026-07-10,2,4,180,4,176,1,5.0,2.22,LOW
Guindy Corporate Park,2026-07-10,3,4,180,17,163,6,5.0,9.44,LOW
Guindy Corporate Park,2026-07-10,4,4,180,7,173,3,5.0,3.89,LOW
Guindy Corporate Park,2026-07-10,5,4,180,15,165,4,5.0,8.33,LOW
Guindy Corporate Park,2026-07-10,6,4,180,17,163,7,5.0,9.44,LOW
Guindy Corporate Park,2026-07-10,7,4,180,13,167,4,5.0,7.22,LOW
Guindy Corporate Park,2026-07-10,8,4,180,158,22,36,92.27,87.78,HIGH
Guindy Corporate Park,2026-07-10,9,4,180,136,44,49,72.9,75.56,MEDIUM
Guindy Corporate Park,2026-07-10,10,4,180,162,18,41,91.9,90.0,HIGH
Guindy Corporate Park,2026-07-10,11,4,180,153,27,33,79.6,85.0,HIGH
Guindy Corporate Park,2026-07-10,12,4,180,180,0,55,98.0,100.0,HIGH
Guindy Corporate Park,2026-07-10,13,4,180,155,25,43,90.73,86.11,HIGH
Guindy Corporate Park,2026-07-10,14,4,180,171,9,52,87.96,95.0,HIGH
Guindy Corporate Park,2026-07-10,15,4,180,144,36,59,79.05,80.0,HIGH
Guindy Corporate Park,2026-07-10,16,4,180,161,19,41,92.1,89.44,HIGH
Guindy Corporate Park,2026-07-10,17,4,180,119,61,45,70.81,66.11,MEDIUM
Guindy Corporate Park,2026-07-10,18,4,180,123,57,35,68.48,68.33,MEDIUM
Guindy Corporate Park,2026-07-10,19,4,180,119,61,41,61.87,66.11,MEDIUM
Guindy Corporate Park,2026-07-10,20,4,180,51,129,21,28.58,28.33,LOW
Guindy Corporate Park,2026-07-10,21,4,180,34,146,13,23.09,18.89,LOW
Guindy Corporate Park,2026-07-10,22,4,180,56,124,20,29.48,31.11,LOW
Guindy Corporate Park,2026-07-10,23,4,180,26,154,9,5.0,14.44,LOW
Chennai Mall,2026-07-11,0,5,150,28,122,12,22.47,18.67,LOW
Chennai Mall,2026-07-11,1,5,150,28,122,6,21.82,18.67,LOW
Chennai Mall,2026-07-11,2,5,150,32,118,10,18.02,21.33,LOW
Chennai Mall,2026-07-11,3,5,150,31,119,10,21.19,20.67,LOW
Chennai Mall,2026-07-11,4,5,150,28,122,6,26.84,18.67,LOW
Chennai Mall,2026-07-11,5,5,150,46,104,10,34.11,30.67,LOW
Chennai Mall,2026-07-11,6,5,150,43,107,21,26.54,28.67,LOW
Chennai Mall,2026-07-11,7,5,150,41,109,16,32.6,27.33,LOW
Chennai Mall,2026-07-11,8,5,150,7,143,2,7.28,4.67,LOW
Chennai Mall,2026-07-11,9,5,150,36,114,14,24.91,24.0,LOW
Chennai Mall,2026-07-11,10,5,150,39,111,12,32.54,26.0,LOW
Chennai Mall,2026-07-11,11,5,150,136,14,43,82.16,90.67,HIGH
Chennai Mall,2026-07-11,12,5,150,126,24,50,89.69,84.0,HIGH
Chennai Mall,2026-07-11,13,5,150,117,33,42,76.29,78.0,MEDIUM
Chennai Mall,2026-07-11,14,5,150,108,42,26,69.6,72.0,MEDIUM
Chennai Mall,2026-07-11,15,5,150,144,6,70,87.69,96.0,HIGH
Chennai Mall,2026-07-11,16,5,150,140,10,46,82.86,93.33,HIGH
Chennai Mall,2026-07-11,17,5,150,132,18,49,92.24,88.0,HIGH
Chennai Mall,2026-07-11,18,5,150,135,15,39,91.51,90.0,HIGH
Chennai Mall,2026-07-11,19,5,150,143,7,54,98.0,95.33,HIGH
Chennai Mall,2026-07-11,20,5,150,140,10,48,89.51,93.33,HIGH
Chennai Mall,2026-07-11,21,5,150,134,16,28,88.97,89.33,HIGH
Chennai Mall,2026-07-11,22,5,150,50,100,19,37.21,33.33,LOW
Chennai Mall,2026-07-11,23,5,150,78,72,39,47.34,52.0,MEDIUM
T Nagar Commercial Hub,2026-07-11,0,5,120,43,77,20,26.64,35.83,LOW
T Nagar Commercial Hub,2026-07-11,1,5,120,17,103,5,17.62,14.17,LOW
T Nagar Commercial Hub,2026-07-11,2,5,120,42,78,16,36.39,35.0,LOW
T Nagar Commercial Hub,2026-07-11,3,5,120,26,94,8,13.77,21.67,LOW
T Nagar Commercial Hub,2026-07-11,4,5,120,29,91,13,20.49,24.17,LOW
T Nagar Commercial Hub,2026-07-11,5,5,120,51,69,23,33.47,42.5,LOW
T Nagar Commercial Hub,2026-07-11,6,5,120,30,90,8,23.19,25.0,LOW
T Nagar Commercial Hub,2026-07-11,7,5,120,25,95,9,17.97,20.83,LOW
T Nagar Commercial Hub,2026-07-11,8,5,120,34,86,9,27.46,28.33,LOW
T Nagar Commercial Hub,2026-07-11,9,5,120,22,98,7,17.0,18.33,LOW
T Nagar Commercial Hub,2026-07-11,10,5,120,39,81,13,28.03,32.5,LOW
T Nagar Commercial Hub,2026-07-11,11,5,120,104,16,28,87.37,86.67,HIGH
T Nagar Commercial Hub,2026-07-11,12,5,120,101,19,26,76.02,84.17,HIGH
T Nagar Commercial Hub,2026-07-11,13,5,120,105,15,48,80.99,87.5,HIGH
T Nagar Commercial Hub,2026-07-11,14,5,120,118,2,35,98.0,98.33,HIGH
T Nagar Commercial Hub,2026-07-11,15,5,120,98,22,25,75.33,81.67,HIGH
T Nagar Commercial Hub,2026-07-11,16,5,120,116,4,49,98.0,96.67,HIGH
T Nagar Commercial Hub,2026-07-11,17,5,120,108,12,38,86.44,90.0,HIGH
T Nagar Commercial Hub,2026-07-11,18,5,120,104,16,35,98.0,86.67,HIGH
T Nagar Commercial Hub,2026-07-11,19,5,120,112,8,52,77.42,93.33,HIGH
T Nagar Commercial Hub,2026-07-11,20,5,120,112,8,44,98.0,93.33,HIGH
T Nagar Commercial Hub,2026-07-11,21,5,120,108,12,25,88.34,90.0,HIGH
T Nagar Commercial Hub,2026-07-11,22,5,120,20,100,9,24.78,16.67,LOW
T Nagar Commercial Hub,2026-07-11,23,5,120,25,95,10,18.97,20.83,LOW
Velachery Metro Station,2026-07-11,0,5,200,76,124,37,40.18,38.0,LOW
Velachery Metro Station,2026-07-11,1,5,200,32,168,7,21.62,16.0,LOW
Velachery Metro Station,2026-07-11,2,5,200,63,137,23,30.11,31.5,LOW
Velachery Metro Station,2026-07-11,3,5,200,79,121,18,39.35,39.5,LOW
Velachery Metro Station,2026-07-11,4,5,200,58,142,28,28.98,29.0,LOW
Velachery Metro Station,2026-07-11,5,5,200,68,132,26,30.43,34.0,LOW
Velachery Metro Station,2026-07-11,6,5,200,40,160,15,20.5,20.0,LOW
Velachery Metro Station,2026-07-11,7,5,200,61,139,16,30.35,30.5,LOW
Velachery Metro Station,2026-07-11,8,5,200,56,144,22,23.49,28.0,LOW
Velachery Metro Station,2026-07-11,9,5,200,64,136,17,33.16,32.0,LOW
Velachery Metro Station,2026-07-11,10,5,200,79,121,33,43.42,39.5,LOW
Velachery Metro Station,2026-07-11,11,5,200,94,106,26,50.67,47.0,LOW
Velachery Metro Station,2026-07-11,12,5,200,70,130,29,26.43,35.0,LOW
Velachery Metro Station,2026-07-11,13,5,200,67,133,26,34.76,33.5,LOW
Velachery Metro Station,2026-07-11,14,5,200,86,114,21,53.66,43.0,LOW
Velachery Metro Station,2026-07-11,15,5,200,88,112,37,47.44,44.0,LOW
Velachery Metro Station,2026-07-11,16,5,200,72,128,16,32.37,36.0,LOW
Velachery Metro Station,2026-07-11,17,5,200,68,132,27,30.23,34.0,LOW
Velachery Metro Station,2026-07-11,18,5,200,32,168,13,24.26,16.0,LOW
Velachery Metro Station,2026-07-11,19,5,200,53,147,26,30.78,26.5,LOW
Velachery Metro Station,2026-07-11,20,5,200,101,99,21,55.62,50.5,MEDIUM
Velachery Metro Station,2026-07-11,21,5,200,52,148,25,24.52,26.0,LOW
Velachery Metro Station,2026-07-11,22,5,200,46,154,16,23.95,23.0,LOW
Velachery Metro Station,2026-07-11,23,5,200,85,115,19,49.97,42.5,LOW
OMR IT Park,2026-07-11,0,5,300,42,258,18,6.58,14.0,LOW
OMR IT Park,2026-07-11,1,5,300,59,241,20,6.58,19.67,LOW
OMR IT Park,2026-07-11,2,5,300,62,238,15,21.42,20.67,LOW
OMR IT Park,2026-07-11,3,5,300,47,253,10,16.61,15.67,LOW
OMR IT Park,2026-07-11,4,5,300,54,246,23,13.53,18.0,LOW
OMR IT Park,2026-07-11,5,5,300,7,293,2,8.3,2.33,LOW
OMR IT Park,2026-07-11,6,5,300,42,258,19,19.69,14.0,LOW
OMR IT Park,2026-07-11,7,5,300,51,249,21,5.0,17.0,LOW
OMR IT Park,2026-07-11,8,5,300,19,281,5,7.33,6.33,LOW
OMR IT Park,2026-07-11,9,5,300,69,231,23,15.96,23.0,LOW
OMR IT Park,2026-07-11,10,5,300,44,256,10,12.44,14.67,LOW
OMR IT Park,2026-07-11,11,5,300,63,237,28,12.5,21.0,LOW
OMR IT Park,2026-07-11,12,5,300,61,239,26,14.48,20.33,LOW
OMR IT Park,2026-07-11,13,5,300,15,285,5,5.0,5.0,LOW
OMR IT Park,2026-07-11,14,5,300,61,239,21,17.88,20.33,LOW
OMR IT Park,2026-07-11,15,5,300,65,235,15,22.13,21.67,LOW
OMR IT Park,2026-07-11,16,5,300,37,263,14,9.93,12.33,LOW
OMR IT Park,2026-07-11,17,5,300,48,252,18,13.08,16.0,LOW
OMR IT Park,2026-07-11,18,5,300,35,265,8,6.21,11.67,LOW
OMR IT Park,2026-07-11,19,5,300,60,240,16,17.78,20.0,LOW
OMR IT Park,2026-07-11,20,5,300,51,249,13,13.35,17.0,LOW
OMR IT Park,2026-07-11,21,5,300,58,242,23,13.21,19.33,LOW
OMR IT Park,2026-07-11,22,5,300,59,241,12,21.08,19.67,LOW
OMR IT Park,2026-07-11,23,5,300,29,271,11,29.42,9.67,LOW
Anna Nagar Center,2026-07-11,0,5,100,41,59,18,36.41,41.0,LOW
Anna Nagar Center,2026-07-11,1,5,100,25,75,8,27.84,25.0,LOW
Anna Nagar Center,2026-07-11,2,5,100,21,79,5,23.64,21.0,LOW
Anna Nagar Center,2026-07-11,3,5,100,34,66,9,34.23,34.0,LOW
Anna Nagar Center,2026-07-11,4,5,100,41,59,16,34.24,41.0,LOW
Anna Nagar Center,2026-07-11,5,5,100,28,72,11,25.16,28.0,LOW
Anna Nagar Center,2026-07-11,6,5,100,28,72,6,26.84,28.0,LOW
Anna Nagar Center,2026-07-11,7,5,100,32,68,12,33.38,32.0,LOW
Anna Nagar Center,2026-07-11,8,5,100,26,74,11,28.35,26.0,LOW
Anna Nagar Center,2026-07-11,9,5,100,38,62,17,28.34,38.0,LOW
Anna Nagar Center,2026-07-11,10,5,100,25,75,6,27.59,25.0,LOW
Anna Nagar Center,2026-07-11,11,5,100,26,74,8,27.75,26.0,LOW
Anna Nagar Center,2026-07-11,12,5,100,83,17,40,87.57,83.0,HIGH
Anna Nagar Center,2026-07-11,13,5,100,77,23,33,80.68,77.0,MEDIUM
Anna Nagar Center,2026-07-11,14,5,100,65,35,26,71.58,65.0,MEDIUM
Anna Nagar Center,2026-07-11,15,5,100,93,7,33,87.2,93.0,HIGH
Anna Nagar Center,2026-07-11,16,5,100,82,18,40,87.81,82.0,HIGH
Anna Nagar Center,2026-07-11,17,5,100,90,10,40,73.59,90.0,HIGH
Anna Nagar Center,2026-07-11,18,5,100,84,16,32,83.81,84.0,HIGH
Anna Nagar Center,2026-07-11,19,5,100,82,18,17,84.78,82.0,HIGH
Anna Nagar Center,2026-07-11,20,5,100,80,20,35,88.78,80.0,HIGH
Anna Nagar Center,2026-07-11,21,5,100,79,21,29,75.63,79.0,MEDIUM
Anna Nagar Center,2026-07-11,22,5,100,80,20,25,71.93,80.0,HIGH
Anna Nagar Center,2026-07-11,23,5,100,33,67,10,34.57,33.0,LOW
Guindy Corporate Park,2026-07-11,0,5,180,30,150,14,12.79,16.67,LOW
Guindy Corporate Park,2026-07-11,1,5,180,23,157,9,5.0,12.78,LOW
Guindy Corporate Park,2026-07-11,2,5,180,21,159,8,10.88,11.67,LOW
Guindy Corporate Park,2026-07-11,3,5,180,20,160,9,18.97,11.11,LOW
Guindy Corporate Park,2026-07-11,4,5,180,28,152,10,5.0,15.56,LOW
Guindy Corporate Park,2026-07-11,5,5,180,29,151,7,13.08,16.11,LOW
Guindy Corporate Park,2026-07-11,6,5,180,12,168,4,11.98,6.67,LOW
Guindy Corporate Park,2026-07-11,7,5,180,24,156,9,16.83,13.33,LOW
Guindy Corporate Park,2026-07-11,8,5,180,12,168,3,5.0,6.67,LOW
Guindy Corporate Park,2026-07-11,9,5,180,38,142,17,17.1,21.11,LOW
Guindy Corporate Park,2026-07-11,10,5,180,41,139,20,18.94,22.78,LOW
Guindy Corporate Park,2026-07-11,11,5,180,10,170,4,7.43,5.56,LOW
Guindy Corporate Park,2026-07-11,12,5,180,28,152,6,10.78,15.56,LOW
Guindy Corporate Park,2026-07-11,13,5,180,31,149,7,16.6,17.22,LOW
Guindy Corporate Park,2026-07-11,14,5,180,11,169,4,13.65,6.11,LOW
Guindy Corporate Park,2026-07-11,15,5,180,41,139,13,21.68,22.78,LOW
Guindy Corporate Park,2026-07-11,16,5,180,21,159,9,5.62,11.67,LOW
Guindy Corporate Park,2026-07-11,17,5,180,14,166,3,11.26,7.78,LOW
Guindy Corporate Park,2026-07-11,18,5,180,18,162,7,5.0,10.0,LOW
Guindy Corporate Park,2026-07-11,19,5,180,21,159,8,5.1,11.67,LOW
Guindy Corporate Park,2026-07-11,20,5,180,24,156,9,13.51,13.33,LOW
Guindy Corporate Park,2026-07-11,21,5,180,18,162,4,13.1,10.0,LOW
Guindy Corporate Park,2026-07-11,22,5,180,23,157,6,19.66,12.78,LOW
Guindy Corporate Park,2026-07-11,23,5,180,34,146,13,19.59,18.89,LOW
Chennai Mall,2026-07-12,0,6,150,28,122,7,22.9,18.67,LOW
Chennai Mall,2026-07-12,1,6,150,25,125,10,24.19,16.67,LOW
Chennai Mall,2026-07-12,2,6,150,26,124,12,9.94,17.33,LOW
Chennai Mall,2026-07-12,3,6,150,22,128,5,16.17,14.67,LOW
Chennai Mall,2026-07-12,4,6,150,8,142,2,13.0,5.33,LOW
Chennai Mall,2026-07-12,5,6,150,33,117,11,20.29,22.0,LOW
Chennai Mall,2026-07-12,6,6,150,12,138,4,17.95,8.0,LOW
Chennai Mall,2026-07-12,7,6,150,41,109,16,31.93,27.33,LOW
Chennai Mall,2026-07-12,8,6,150,30,120,7,26.19,20.0,LOW
Chennai Mall,2026-07-12,9,6,150,41,109,11,28.0,27.33,LOW
Chennai Mall,2026-07-12,10,6,150,18,132,4,5.0,12.0,LOW
Chennai Mall,2026-07-12,11,6,150,114,36,47,73.81,76.0,MEDIUM
Chennai Mall,2026-07-12,12,6,150,131,19,28,85.18,87.33,HIGH
Chennai Mall,2026-07-12,13,6,150,112,38,50,76.21,74.67,MEDIUM
Chennai Mall,2026-07-12,14,6,150,118,32,33,80.51,78.67,MEDIUM
Chennai Mall,2026-07-12,15,6,150,127,23,31,90.19,84.67,HIGH
Chennai Mall,2026-07-12,16,6,150,142,8,37,98.0,94.67,HIGH
Chennai Mall,2026-07-12,17,6,150,132,18,54,94.92,88.0,HIGH
Chennai Mall,2026-07-12,18,6,150,132,18,42,91.83,88.0,HIGH
Chennai Mall,2026-07-12,19,6,150,133,17,41,90.63,88.67,HIGH
Chennai Mall,2026-07-12,20,6,150,144,6,59,88.21,96.0,HIGH
Chennai Mall,2026-07-12,21,6,150,145,5,71,98.0,96.67,HIGH
Chennai Mall,2026-07-12,22,6,150,55,95,22,36.7,36.67,LOW
Chennai Mall,2026-07-12,23,6,150,50,100,10,36.94,33.33,LOW
T Nagar Commercial Hub,2026-07-12,0,6,120,45,75,9,40.85,37.5,LOW
T Nagar Commercial Hub,2026-07-12,1,6,120,46,74,14,47.85,38.33,LOW
T Nagar Commercial Hub,2026-07-12,2,6,120,34,86,8,32.28,28.33,LOW
T Nagar Commercial Hub,2026-07-12,3,6,120,49,71,12,31.23,40.83,LOW
T Nagar Commercial Hub,2026-07-12,4,6,120,51,69,21,42.7,42.5,LOW
T Nagar Commercial Hub,2026-07-12,5,6,120,24,96,9,10.79,20.0,LOW
T Nagar Commercial Hub,2026-07-12,6,6,120,57,63,28,38.47,47.5,LOW
T Nagar Commercial Hub,2026-07-12,7,6,120,23,97,10,24.9,19.17,LOW
T Nagar Commercial Hub,2026-07-12,8,6,120,32,88,7,25.38,26.67,LOW
T Nagar Commercial Hub,2026-07-12,9,6,120,29,91,10,28.24,24.17,LOW
T Nagar Commercial Hub,2026-07-12,10,6,120,31,89,15,23.34,25.83,LOW
T Nagar Commercial Hub,2026-07-12,11,6,120,103,17,41,77.85,85.83,HIGH
T Nagar Commercial Hub,2026-07-12,12,6,120,117,3,55,90.42,97.5,HIGH
T Nagar Commercial Hub,2026-07-12,13,6,120,109,11,24,88.01,90.83,HIGH
T Nagar Commercial Hub,2026-07-12,14,6,120,108,12,35,81.57,90.0,HIGH
T Nagar Commercial Hub,2026-07-12,15,6,120,103,17,37,95.44,85.83,HIGH
T Nagar Commercial Hub,2026-07-12,16,6,120,107,13,37,77.6,89.17,HIGH
T Nagar Commercial Hub,2026-07-12,17,6,120,117,3,39,94.37,97.5,HIGH
T Nagar Commercial Hub,2026-07-12,18,6,120,103,17,32,92.24,85.83,HIGH
T Nagar Commercial Hub,2026-07-12,19,6,120,109,11,41,89.02,90.83,HIGH
T Nagar Commercial Hub,2026-07-12,20,6,120,116,4,41,98.0,96.67,HIGH
T Nagar Commercial Hub,2026-07-12,21,6,120,100,20,24,77.38,83.33,HIGH
T Nagar Commercial Hub,2026-07-12,22,6,120,29,91,12,24.48,24.17,LOW
T Nagar Commercial Hub,2026-07-12,23,6,120,12,108,4,22.79,10.0,LOW
Velachery Metro Station,2026-07-12,0,6,200,86,114,24,44.73,43.0,LOW
Velachery Metro Station,2026-07-12,1,6,200,56,144,20,30.9,28.0,LOW
Velachery Metro Station,2026-07-12,2,6,200,78,122,29,38.88,39.0,LOW
Velachery Metro Station,2026-07-12,3,6,200,99,101,32,49.14,49.5,LOW
Velachery Metro Station,2026-07-12,4,6,200,90,110,22,51.68,45.0,LOW
Velachery Metro Station,2026-07-12,5,6,200,56,144,19,33.76,28.0,LOW
Velachery Metro Station,2026-07-12,6,6,200,78,122,31,37.73,39.0,LOW
Velachery Metro Station,2026-07-12,7,6,200,94,106,26,45.05,47.0,LOW
Velachery Metro Station,2026-07-12,8,6,200,54,146,22,28.63,27.0,LOW
Velachery Metro Station,2026-07-12,9,6,200,74,126,17,23.6,37.0,LOW
Velachery Metro Station,2026-07-12,10,6,200,79,121,31,22.54,39.5,LOW
Velachery Metro Station,2026-07-12,11,6,200,102,98,38,50.33,51.0,MEDIUM
Velachery Metro Station,2026-07-12,12,6,200,67,133,29,45.83,33.5,LOW
Velachery Metro Station,2026-07-12,13,6,200,71,129,28,30.98,35.5,LOW
Velachery Metro Station,2026-07-12,14,6,200,63,137,31,26.2,31.5,LOW
Velachery Metro Station,2026-07-12,15,6,200,70,130,25,48.71,35.0,LOW
Velachery Metro Station,2026-07-12,16,6,200,59,141,28,33.96,29.5,LOW
Velachery Metro Station,2026-07-12,17,6,200,87,113,25,43.29,43.5,LOW
Velachery Metro Station,2026-07-12,18,6,200,41,159,18,23.01,20.5,LOW
Velachery Metro Station,2026-07-12,19,6,200,34,166,16,23.79,17.0,LOW
Velachery Metro Station,2026-07-12,20,6,200,65,135,21,36.55,32.5,LOW
Velachery Metro Station,2026-07-12,21,6,200,99,101,31,41.7,49.5,LOW
Velachery Metro Station,2026-07-12,22,6,200,85,115,35,37.96,42.5,LOW
Velachery Metro Station,2026-07-12,23,6,200,65,135,23,30.73,32.5,LOW
OMR IT Park,2026-07-12,0,6,300,22,278,5,6.14,7.33,LOW
OMR IT Park,2026-07-12,1,6,300,39,261,8,14.64,13.0,LOW
OMR IT Park,2026-07-12,2,6,300,31,269,14,14.14,10.33,LOW
OMR IT Park,2026-07-12,3,6,300,46,254,23,5.0,15.33,LOW
OMR IT Park,2026-07-12,4,6,300,46,254,11,8.2,15.33,LOW
OMR IT Park,2026-07-12,5,6,300,13,287,3,5.36,4.33,LOW
OMR IT Park,2026-07-12,6,6,300,35,265,11,9.1,11.67,LOW
OMR IT Park,2026-07-12,7,6,300,35,265,15,7.06,11.67,LOW
OMR IT Park,2026-07-12,8,6,300,12,288,3,6.66,4.0,LOW
OMR IT Park,2026-07-12,9,6,300,23,277,7,5.0,7.67,LOW
OMR IT Park,2026-07-12,10,6,300,36,264,14,8.5,12.0,LOW
OMR IT Park,2026-07-12,11,6,300,34,266,15,5.0,11.33,LOW
OMR IT Park,2026-07-12,12,6,300,27,273,9,7.59,9.0,LOW
OMR IT Park,2026-07-12,13,6,300,68,232,24,16.75,22.67,LOW
OMR IT Park,2026-07-12,14,6,300,25,275,6,6.84,8.33,LOW
OMR IT Park,2026-07-12,15,6,300,31,269,13,18.14,10.33,LOW
OMR IT Park,2026-07-12,16,6,300,54,246,12,17.82,18.0,LOW
OMR IT Park,2026-07-12,17,6,300,24,276,8,7.29,8.0,LOW
OMR IT Park,2026-07-12,18,6,300,63,237,13,24.0,21.0,LOW
OMR IT Park,2026-07-12,19,6,300,10,290,4,12.47,3.33,LOW
OMR IT Park,2026-07-12,20,6,300,48,252,14,7.17,16.0,LOW
OMR IT Park,2026-07-12,21,6,300,34,266,17,14.28,11.33,LOW
OMR IT Park,2026-07-12,22,6,300,26,274,12,6.4,8.67,LOW
OMR IT Park,2026-07-12,23,6,300,29,271,6,5.0,9.67,LOW
Anna Nagar Center,2026-07-12,0,6,100,28,72,7,34.08,28.0,LOW
Anna Nagar Center,2026-07-12,1,6,100,28,72,12,30.7,28.0,LOW
Anna Nagar Center,2026-07-12,2,6,100,22,78,8,19.61,22.0,LOW
Anna Nagar Center,2026-07-12,3,6,100,27,73,12,23.84,27.0,LOW
Anna Nagar Center,2026-07-12,4,6,100,22,78,4,24.92,22.0,LOW
Anna Nagar Center,2026-07-12,5,6,100,13,87,3,24.24,13.0,LOW
Anna Nagar Center,2026-07-12,6,6,100,17,83,8,24.88,17.0,LOW
Anna Nagar Center,2026-07-12,7,6,100,28,72,10,35.4,28.0,LOW
Anna Nagar Center,2026-07-12,8,6,100,17,83,5,18.15,17.0,LOW
Anna Nagar Center,2026-07-12,9,6,100,20,80,6,15.1,20.0,LOW
Anna Nagar Center,2026-07-12,10,6,100,36,64,10,46.54,36.0,LOW
Anna Nagar Center,2026-07-12,11,6,100,38,62,15,36.4,38.0,LOW
Anna Nagar Center,2026-07-12,12,6,100,78,22,36,72.09,78.0,MEDIUM
Anna Nagar Center,2026-07-12,13,6,100,88,12,28,90.19,88.0,HIGH
Anna Nagar Center,2026-07-12,14,6,100,70,30,22,72.54,70.0,MEDIUM
Anna Nagar Center,2026-07-12,15,6,100,98,2,25,95.18,98.0,HIGH
Anna Nagar Center,2026-07-12,16,6,100,81,19,22,85.04,81.0,HIGH
Anna Nagar Center,2026-07-12,17,6,100,73,27,16,61.42,73.0,MEDIUM
Anna Nagar Center,2026-07-12,18,6,100,88,12,18,84.03,88.0,HIGH
Anna Nagar Center,2026-07-12,19,6,100,80,20,39,89.02,80.0,HIGH
Anna Nagar Center,2026-07-12,20,6,100,68,32,24,75.77,68.0,MEDIUM
Anna Nagar Center,2026-07-12,21,6,100,83,17,32,78.85,83.0,HIGH
Anna Nagar Center,2026-07-12,22,6,100,86,14,34,84.23,86.0,HIGH
Anna Nagar Center,2026-07-12,23,6,100,17,83,5,19.26,17.0,LOW
Guindy Corporate Park,2026-07-12,0,6,180,35,145,16,23.81,19.44,LOW
Guindy Corporate Park,2026-07-12,1,6,180,30,150,12,15.72,16.67,LOW
Guindy Corporate Park,2026-07-12,2,6,180,30,150,9,13.05,16.67,LOW
Guindy Corporate Park,2026-07-12,3,6,180,8,172,2,5.0,4.44,LOW
Guindy Corporate Park,2026-07-12,4,6,180,26,154,11,19.73,14.44,LOW
Guindy Corporate Park,2026-07-12,5,6,180,10,170,5,13.6,5.56,LOW
Guindy Corporate Park,2026-07-12,6,6,180,16,164,7,6.89,8.89,LOW
Guindy Corporate Park,2026-07-12,7,6,180,26,154,10,14.47,14.44,LOW
Guindy Corporate Park,2026-07-12,8,6,180,33,147,16,13.13,18.33,LOW
Guindy Corporate Park,2026-07-12,9,6,180,11,169,3,16.27,6.11,LOW
Guindy Corporate Park,2026-07-12,10,6,180,29,151,6,16.71,16.11,LOW
Guindy Corporate Park,2026-07-12,11,6,180,25,155,9,12.65,13.89,LOW
Guindy Corporate Park,2026-07-12,12,6,180,25,155,10,20.8,13.89,LOW
Guindy Corporate Park,2026-07-12,13,6,180,21,159,6,15.01,11.67,LOW
Guindy Corporate Park,2026-07-12,14,6,180,11,169,3,13.1,6.11,LOW
Guindy Corporate Park,2026-07-12,15,6,180,37,143,9,7.43,20.56,LOW
Guindy Corporate Park,2026-07-12,16,6,180,21,159,6,18.82,11.67,LOW
Guindy Corporate Park,2026-07-12,17,6,180,9,171,4,8.15,5.0,LOW
Guindy Corporate Park,2026-07-12,18,6,180,4,176,2,5.0,2.22,LOW
Guindy Corporate Park,2026-07-12,19,6,180,10,170,5,10.04,5.56,LOW
Guindy Corporate Park,2026-07-12,20,6,180,19,161,6,23.81,10.56,LOW
Guindy Corporate Park,2026-07-12,21,6,180,18,162,5,8.78,10.0,LOW
Guindy Corporate Park,2026-07-12,22,6,180,26,154,9,10.62,14.44,LOW
Guindy Corporate Park,2026-07-12,23,6,180,27,153,10,24.78,15.0,LOW
Chennai Mall,2026-07-13,0,0,150,4,146,1,5.0,2.67,LOW
Chennai Mall,2026-07-13,1,0,150,29,121,8,21.1,19.33,LOW
Chennai Mall,2026-07-13,2,0,150,32,118,11,17.88,21.33,LOW
Chennai Mall,2026-07-13,3,0,150,23,127,10,7.16,15.33,LOW
Chennai Mall,2026-07-13,4,0,150,20,130,8,5.0,13.33,LOW
Chennai Mall,2026-07-13,5,0,150,20,130,4,18.69,13.33,LOW
Chennai Mall,2026-07-13,6,0,150,22,128,6,7.17,14.67,LOW
Chennai Mall,2026-07-13,7,0,150,38,112,8,14.69,25.33,LOW
Chennai Mall,2026-07-13,8,0,150,31,119,15,25.58,20.67,LOW
Chennai Mall,2026-07-13,9,0,150,21,129,9,14.12,14.0,LOW
Chennai Mall,2026-07-13,10,0,150,32,118,13,18.73,21.33,LOW
Chennai Mall,2026-07-13,11,0,150,26,124,12,19.98,17.33,LOW
Chennai Mall,2026-07-13,12,0,150,90,60,18,61.63,60.0,MEDIUM
Chennai Mall,2026-07-13,13,0,150,71,79,16,47.23,47.33,LOW
Chennai Mall,2026-07-13,14,0,150,76,74,28,58.58,50.67,MEDIUM
Chennai Mall,2026-07-13,15,0,150,86,64,37,64.01,57.33,MEDIUM
Chennai Mall,2026-07-13,16,0,150,14,136,4,8.3,9.33,LOW
Chennai Mall,2026-07-13,17,0,150,103,47,41,59.3,68.67,MEDIUM
Chennai Mall,2026-07-13,18,0,150,103,47,30,58.17,68.67,MEDIUM
Chennai Mall,2026-07-13,19,0,150,109,41,26,72.43,72.67,MEDIUM
Chennai Mall,2026-07-13,20,0,150,133,17,56,75.6,88.67,HIGH
Chennai Mall,2026-07-13,21,0,150,102,48,47,63.54,68.0,MEDIUM
Chennai Mall,2026-07-13,22,0,150,47,103,14,24.18,31.33,LOW
Chennai Mall,2026-07-13,23,0,150,31,119,7,15.17,20.67,LOW
T Nagar Commercial Hub,2026-07-13,0,0,120,15,105,3,20.72,12.5,LOW
T Nagar Commercial Hub,2026-07-13,1,0,120,13,107,3,12.25,10.83,LOW
T Nagar Commercial Hub,2026-07-13,2,0,120,7,113,3,13.73,5.83,LOW
T Nagar Commercial Hub,2026-07-13,3,0,120,11,109,4,8.04,9.17,LOW
T Nagar Commercial Hub,2026-07-13,4,0,120,4,116,1,5.0,3.33,LOW
T Nagar Commercial Hub,2026-07-13,5,0,120,20,100,8,19.38,16.67,LOW
T Nagar Commercial Hub,2026-07-13,6,0,120,16,104,5,12.69,13.33,LOW
T Nagar Commercial Hub,2026-07-13,7,0,120,10,110,5,5.0,8.33,LOW
T Nagar Commercial Hub,2026-07-13,8,0,120,9,111,3,6.79,7.5,LOW
T Nagar Commercial Hub,2026-07-13,9,0,120,20,100,6,22.05,16.67,LOW
T Nagar Commercial Hub,2026-07-13,10,0,120,80,40,32,68.1,66.67,MEDIUM
T Nagar Commercial Hub,2026-07-13,11,0,120,87,33,30,67.16,72.5,MEDIUM
T Nagar Commercial Hub,2026-07-13,12,0,120,79,41,17,73.88,65.83,MEDIUM
T Nagar Commercial Hub,2026-07-13,13,0,120,88,32,27,78.02,73.33,MEDIUM
T Nagar Commercial Hub,2026-07-13,14,0,120,90,30,35,69.55,75.0,MEDIUM
T Nagar Commercial Hub,2026-07-13,15,0,120,87,33,19,67.06,72.5,MEDIUM
T Nagar Commercial Hub,2026-07-13,16,0,120,76,44,21,64.3,63.33,MEDIUM
T Nagar Commercial Hub,2026-07-13,17,0,120,98,22,40,77.73,81.67,HIGH
T Nagar Commercial Hub,2026-07-13,18,0,120,74,46,18,77.09,61.67,MEDIUM
T Nagar Commercial Hub,2026-07-13,19,0,120,103,17,46,83.59,85.83,HIGH
T Nagar Commercial Hub,2026-07-13,20,0,120,43,77,19,35.15,35.83,LOW
T Nagar Commercial Hub,2026-07-13,21,0,120,64,56,16,56.9,53.33,MEDIUM
T Nagar Commercial Hub,2026-07-13,22,0,120,74,46,24,54.67,61.67,MEDIUM
T Nagar Commercial Hub,2026-07-13,23,0,120,15,105,6,6.57,12.5,LOW
Velachery Metro Station,2026-07-13,0,0,200,22,178,8,7.4,11.0,LOW
Velachery Metro Station,2026-07-13,1,0,200,23,177,7,18.03,11.5,LOW
Velachery Metro Station,2026-07-13,2,0,200,17,183,4,13.7,8.5,LOW
Velachery Metro Station,2026-07-13,3,0,200,37,163,18,13.17,18.5,LOW
Velachery Metro Station,2026-07-13,4,0,200,37,163,13,15.85,18.5,LOW
Velachery Metro Station,2026-07-13,5,0,200,30,170,13,10.81,15.0,LOW
Velachery Metro Station,2026-07-13,6,0,200,42,158,17,19.98,21.0,LOW
Velachery Metro Station,2026-07-13,7,0,200,159,41,43,84.32,79.5,MEDIUM
Velachery Metro Station,2026-07-13,8,0,200,167,33,42,81.23,83.5,HIGH
Velachery Metro Station,2026-07-13,9,0,200,170,30,73,83.33,85.0,HIGH
Velachery Metro Station,2026-07-13,10,0,200,189,11,79,98.0,94.5,HIGH
Velachery Metro Station,2026-07-13,11,0,200,151,49,60,73.21,75.5,MEDIUM
Velachery Metro Station,2026-07-13,12,0,200,162,38,74,86.25,81.0,HIGH
Velachery Metro Station,2026-07-13,13,0,200,166,34,48,84.58,83.0,HIGH
Velachery Metro Station,2026-07-13,14,0,200,141,59,67,63.35,70.5,MEDIUM
Velachery Metro Station,2026-07-13,15,0,200,179,21,43,80.1,89.5,HIGH
Velachery Metro Station,2026-07-13,16,0,200,167,33,69,87.81,83.5,HIGH
Velachery Metro Station,2026-07-13,17,0,200,177,23,73,83.2,88.5,HIGH
Velachery Metro Station,2026-07-13,18,0,200,200,0,86,92.67,100.0,HIGH
Velachery Metro Station,2026-07-13,19,0,200,198,2,81,98.0,99.0,HIGH
Velachery Metro Station,2026-07-13,20,0,200,189,11,73,95.61,94.5,HIGH
Velachery Metro Station,2026-07-13,21,0,200,79,121,38,27.67,39.5,LOW
Velachery Metro Station,2026-07-13,22,0,200,52,148,26,34.34,26.0,LOW
Velachery Metro Station,2026-07-13,23,0,200,95,105,35,51.82,47.5,LOW
OMR IT Park,2026-07-13,0,0,300,17,283,7,5.0,5.67,LOW
OMR IT Park,2026-07-13,1,0,300,9,291,3,5.0,3.0,LOW
OMR IT Park,2026-07-13,2,0,300,25,275,11,5.0,8.33,LOW
OMR IT Park,2026-07-13,3,0,300,6,294,1,5.0,2.0,LOW
OMR IT Park,2026-07-13,4,0,300,23,277,11,5.0,7.67,LOW
OMR IT Park,2026-07-13,5,0,300,11,289,5,7.83,3.67,LOW
OMR IT Park,2026-07-13,6,0,300,9,291,3,5.0,3.0,LOW
OMR IT Park,2026-07-13,7,0,300,30,270,12,5.0,10.0,LOW
OMR IT Park,2026-07-13,8,0,300,276,24,111,98.0,92.0,HIGH
OMR IT Park,2026-07-13,9,0,300,263,37,107,86.84,87.67,HIGH
OMR IT Park,2026-07-13,10,0,300,276,24,73,90.98,92.0,HIGH
OMR IT Park,2026-07-13,11,0,300,268,32,77,86.59,89.33,HIGH
OMR IT Park,2026-07-13,12,0,300,266,34,122,81.66,88.67,HIGH
OMR IT Park,2026-07-13,13,0,300,257,43,71,84.95,85.67,HIGH
OMR IT Park,2026-07-13,14,0,300,264,36,84,87.05,88.0,HIGH
OMR IT Park,2026-07-13,15,0,300,244,56,69,82.9,81.33,HIGH
OMR IT Park,2026-07-13,16,0,300,267,33,95,88.48,89.0,HIGH
OMR IT Park,2026-07-13,17,0,300,195,105,56,59.54,65.0,MEDIUM
OMR IT Park,2026-07-13,18,0,300,189,111,49,56.38,63.0,MEDIUM
OMR IT Park,2026-07-13,19,0,300,195,105,41,65.6,65.0,MEDIUM
OMR IT Park,2026-07-13,20,0,300,76,224,25,18.15,25.33,LOW
OMR IT Park,2026-07-13,21,0,300,85,215,37,31.21,28.33,LOW
OMR IT Park,2026-07-13,22,0,300,76,224,37,25.47,25.33,LOW
OMR IT Park,2026-07-13,23,0,300,32,268,9,5.0,10.67,LOW
Anna Nagar Center,2026-07-13,0,0,100,15,85,7,16.03,15.0,LOW
Anna Nagar Center,2026-07-13,1,0,100,12,88,5,18.91,12.0,LOW
Anna Nagar Center,2026-07-13,2,0,100,12,88,3,7.54,12.0,LOW
Anna Nagar Center,2026-07-13,3,0,100,22,78,6,18.8,22.0,LOW
Anna Nagar Center,2026-07-13,4,0,100,15,85,5,24.61,15.0,LOW
Anna Nagar Center,2026-07-13,5,0,100,13,87,3,14.84,13.0,LOW
Anna Nagar Center,2026-07-13,6,0,100,16,84,8,17.58,16.0,LOW
Anna Nagar Center,2026-07-13,7,0,100,21,79,9,13.68,21.0,LOW
Anna Nagar Center,2026-07-13,8,0,100,61,39,29,53.14,61.0,MEDIUM
Anna Nagar Center,2026-07-13,9,0,100,52,48,23,48.74,52.0,MEDIUM
Anna Nagar Center,2026-07-13,10,0,100,43,57,20,39.31,43.0,LOW
Anna Nagar Center,2026-07-13,11,0,100,65,35,13,72.71,65.0,MEDIUM
Anna Nagar Center,2026-07-13,12,0,100,86,14,33,74.45,86.0,HIGH
Anna Nagar Center,2026-07-13,13,0,100,74,26,31,84.16,74.0,MEDIUM
Anna Nagar Center,2026-07-13,14,0,100,79,21,33,78.45,79.0,MEDIUM
Anna Nagar Center,2026-07-13,15,0,100,66,34,25,69.69,66.0,MEDIUM
Anna Nagar Center,2026-07-13,16,0,100,61,39,27,49.79,61.0,MEDIUM
Anna Nagar Center,2026-07-13,17,0,100,39,61,9,48.28,39.0,LOW
Anna Nagar Center,2026-07-13,18,0,100,79,21,17,74.88,79.0,MEDIUM
Anna Nagar Center,2026-07-13,19,0,100,75,25,31,70.26,75.0,MEDIUM
Anna Nagar Center,2026-07-13,20,0,100,76,24,27,70.93,76.0,MEDIUM
Anna Nagar Center,2026-07-13,21,0,100,65,35,32,65.31,65.0,MEDIUM
Anna Nagar Center,2026-07-13,22,0,100,5,95,2,13.96,5.0,LOW
Anna Nagar Center,2026-07-13,23,0,100,8,92,4,10.32,8.0,LOW
Guindy Corporate Park,2026-07-13,0,0,180,13,167,3,9.7,7.22,LOW
Guindy Corporate Park,2026-07-13,1,0,180,7,173,2,10.56,3.89,LOW
Guindy Corporate Park,2026-07-13,2,0,180,7,173,2,5.0,3.89,LOW
Guindy Corporate Park,2026-07-13,3,0,180,7,173,3,6.54,3.89,LOW
Guindy Corporate Park,2026-07-13,4,0,180,4,176,1,5.0,2.22,LOW
Guindy Corporate Park,2026-07-13,5,0,180,22,158,11,5.0,12.22,LOW
Guindy Corporate Park,2026-07-13,6,0,180,4,176,2,5.0,2.22,LOW
Guindy Corporate Park,2026-07-13,7,0,180,9,171,4,16.66,5.0,LOW
Guindy Corporate Park,2026-07-13,8,0,180,162,18,53,80.03,90.0,HIGH
Guindy Corporate Park,2026-07-13,9,0,180,125,55,44,71.2,69.44,MEDIUM
Guindy Corporate Park,2026-07-13,10,0,180,139,41,70,67.83,77.22,MEDIUM
Guindy Corporate Park,2026-07-13,11,0,180,160,20,43,81.44,88.89,HIGH
Guindy Corporate Park,2026-07-13,12,0,180,137,43,35,73.23,76.11,MEDIUM
Guindy Corporate Park,2026-07-13,13,0,180,167,13,82,94.48,92.78,HIGH
Guindy Corporate Park,2026-07-13,14,0,180,144,36,60,83.5,80.0,HIGH
Guindy Corporate Park,2026-07-13,15,0,180,155,25,37,92.69,86.11,HIGH
Guindy Corporate Park,2026-07-13,16,0,180,157,23,44,93.32,87.22,HIGH
Guindy Corporate Park,2026-07-13,17,0,180,129,51,63,65.66,71.67,MEDIUM
Guindy Corporate Park,2026-07-13,18,0,180,127,53,31,68.88,70.56,MEDIUM
Guindy Corporate Park,2026-07-13,19,0,180,138,42,37,76.05,76.67,MEDIUM
Guindy Corporate Park,2026-07-13,20,0,180,34,146,16,17.95,18.89,LOW
Guindy Corporate Park,2026-07-13,21,0,180,58,122,19,31.3,32.22,LOW
Guindy Corporate Park,2026-07-13,22,0,180,57,123,21,42.73,31.67,LOW
Guindy Corporate Park,2026-07-13,23,0,180,6,174,1,5.0,3.33,LOW
Chennai Mall,2026-07-14,0,1,150,25,125,9,6.2,16.67,LOW
Chennai Mall,2026-07-14,1,1,150,23,127,8,21.81,15.33,LOW
Chennai Mall,2026-07-14,2,1,150,5,145,2,9.32,3.33,LOW
Chennai Mall,2026-07-14,3,1,150,15,135,5,10.23,10.0,LOW
Chennai Mall,2026-07-14,4,1,150,9,141,3,9.58,6.0,LOW
Chennai Mall,2026-07-14,5,1,150,25,125,7,13.78,16.67,LOW
Chennai Mall,2026-07-14,6,1,150,21,129,8,18.49,14.0,LOW
Chennai Mall,2026-07-14,7,1,150,8,142,3,5.0,5.33,LOW
Chennai Mall,2026-07-14,8,1,150,26,124,6,10.96,17.33,LOW
Chennai Mall,2026-07-14,9,1,150,38,112,12,22.5,25.33,LOW
Chennai Mall,2026-07-14,10,1,150,33,117,10,18.99,22.0,LOW
Chennai Mall,2026-07-14,11,1,150,40,110,10,35.91,26.67,LOW
Chennai Mall,2026-07-14,12,1,150,66,84,16,45.5,44.0,LOW
Chennai Mall,2026-07-14,13,1,150,68,82,21,36.61,45.33,LOW
Chennai Mall,2026-07-14,14,1,150,75,75,17,46.63,50.0,MEDIUM
Chennai Mall,2026-07-14,15,1,150,96,54,29,58.57,64.0,MEDIUM
Chennai Mall,2026-07-14,16,1,150,26,124,12,9.06,17.33,LOW
Chennai Mall,2026-07-14,17,1,150,111,39,29,66.03,74.0,MEDIUM
Chennai Mall,2026-07-14,18,1,150,121,29,43,75.8,80.67,HIGH
Chennai Mall,2026-07-14,19,1,150,98,52,26,77.71,65.33,MEDIUM
Chennai Mall,2026-07-14,20,1,150,106,44,51,73.04,70.67,MEDIUM
Chennai Mall,2026-07-14,21,1,150,125,25,35,71.95,83.33,HIGH
Chennai Mall,2026-07-14,22,1,150,54,96,15,43.27,36.0,LOW
Chennai Mall,2026-07-14,23,1,150,33,117,10,23.38,22.0,LOW
T Nagar Commercial Hub,2026-07-14,0,1,120,17,103,4,20.14,14.17,LOW
T Nagar Commercial Hub,2026-07-14,1,1,120,20,100,4,22.07,16.67,LOW
T Nagar Commercial Hub,2026-07-14,2,1,120,24,96,8,23.93,20.0,LOW
T Nagar Commercial Hub,2026-07-14,3,1,120,26,94,9,12.55,21.67,LOW
T Nagar Commercial Hub,2026-07-14,4,1,120,16,104,8,12.05,13.33,LOW
T Nagar Commercial Hub,2026-07-14,5,1,120,15,105,3,11.44,12.5,LOW
T Nagar Commercial Hub,2026-07-14,6,1,120,13,107,6,9.52,10.83,LOW
T Nagar Commercial Hub,2026-07-14,7,1,120,14,106,5,11.48,11.67,LOW
T Nagar Commercial Hub,2026-07-14,8,1,120,11,109,4,18.06,9.17,LOW
T Nagar Commercial Hub,2026-07-14,9,1,120,2,118,1,14.72,1.67,LOW
T Nagar Commercial Hub,2026-07-14,10,1,120,86,34,40,72.83,71.67,MEDIUM
T Nagar Commercial Hub,2026-07-14,11,1,120,74,46,29,59.6,61.67,MEDIUM
T Nagar Commercial Hub,2026-07-14,12,1,120,90,30,23,71.07,75.0,MEDIUM
T Nagar Commercial Hub,2026-07-14,13,1,120,78,42,38,64.28,65.0,MEDIUM
T Nagar Commercial Hub,2026-07-14,14,1,120,92,28,25,75.71,76.67,MEDIUM
T Nagar Commercial Hub,2026-07-14,15,1,120,73,47,25,72.83,60.83,MEDIUM
T Nagar Commercial Hub,2026-07-14,16,1,120,67,53,19,59.63,55.83,MEDIUM
T Nagar Commercial Hub,2026-07-14,17,1,120,74,46,22,58.8,61.67,MEDIUM
T Nagar Commercial Hub,2026-07-14,18,1,120,102,18,50,88.02,85.0,HIGH
T Nagar Commercial Hub,2026-07-14,19,1,120,99,21,48,74.64,82.5,HIGH
T Nagar Commercial Hub,2026-07-14,20,1,120,63,57,16,45.11,52.5,MEDIUM
T Nagar Commercial Hub,2026-07-14,21,1,120,50,70,10,39.54,41.67,LOW
T Nagar Commercial Hub,2026-07-14,22,1,120,67,53,15,55.76,55.83,MEDIUM
T Nagar Commercial Hub,2026-07-14,23,1,120,16,104,6,8.81,13.33,LOW
Velachery Metro Station,2026-07-14,0,1,200,15,185,4,5.0,7.5,LOW
Velachery Metro Station,2026-07-14,1,1,200,40,160,9,20.82,20.0,LOW
Velachery Metro Station,2026-07-14,2,1,200,33,167,11,24.26,16.5,LOW
Velachery Metro Station,2026-07-14,3,1,200,16,184,6,5.57,8.0,LOW
Velachery Metro Station,2026-07-14,4,1,200,26,174,9,11.07,13.0,LOW
Velachery Metro Station,2026-07-14,5,1,200,25,175,9,20.45,12.5,LOW
Velachery Metro Station,2026-07-14,6,1,200,17,183,5,13.41,8.5,LOW
Velachery Metro Station,2026-07-14,7,1,200,176,24,86,92.41,88.0,HIGH
Velachery Metro Station,2026-07-14,8,1,200,150,50,57,76.08,75.0,MEDIUM
Velachery Metro Station,2026-07-14,9,1,200,192,8,75,98.0,96.0,HIGH
Velachery Metro Station,2026-07-14,10,1,200,200,0,95,95.13,100.0,HIGH
Velachery Metro Station,2026-07-14,11,1,200,153,47,38,85.97,76.5,MEDIUM
Velachery Metro Station,2026-07-14,12,1,200,160,40,74,73.63,80.0,HIGH
Velachery Metro Station,2026-07-14,13,1,200,144,56,43,69.65,72.0,MEDIUM
Velachery Metro Station,2026-07-14,14,1,200,150,50,30,76.62,75.0,MEDIUM
Velachery Metro Station,2026-07-14,15,1,200,170,30,84,79.07,85.0,HIGH
Velachery Metro Station,2026-07-14,16,1,200,170,30,71,79.95,85.0,HIGH
Velachery Metro Station,2026-07-14,17,1,200,188,12,48,98.0,94.0,HIGH
Velachery Metro Station,2026-07-14,18,1,200,190,10,42,98.0,95.0,HIGH
Velachery Metro Station,2026-07-14,19,1,200,178,22,57,82.09,89.0,HIGH
Velachery Metro Station,2026-07-14,20,1,200,190,10,64,81.66,95.0,HIGH
Velachery Metro Station,2026-07-14,21,1,200,112,88,26,46.67,56.0,MEDIUM
Velachery Metro Station,2026-07-14,22,1,200,75,125,28,43.49,37.5,LOW
Velachery Metro Station,2026-07-14,23,1,200,68,132,27,29.07,34.0,LOW
OMR IT Park,2026-07-14,0,1,300,8,292,2,5.0,2.67,LOW
OMR IT Park,2026-07-14,1,1,300,11,289,3,10.82,3.67,LOW
OMR IT Park,2026-07-14,2,1,300,19,281,5,7.51,6.33,LOW
OMR IT Park,2026-07-14,3,1,300,6,294,2,5.0,2.0,LOW
OMR IT Park,2026-07-14,4,1,300,29,271,7,12.15,9.67,LOW
OMR IT Park,2026-07-14,5,1,300,6,294,1,5.0,2.0,LOW
OMR IT Park,2026-07-14,6,1,300,29,271,9,5.0,9.67,LOW
OMR IT Park,2026-07-14,7,1,300,55,245,23,11.85,18.33,LOW
OMR IT Park,2026-07-14,8,1,300,227,73,64,81.01,75.67,MEDIUM
OMR IT Park,2026-07-14,9,1,300,277,23,69,92.75,92.33,HIGH
OMR IT Park,2026-07-14,10,1,300,287,13,127,93.61,95.67,HIGH
OMR IT Park,2026-07-14,11,1,300,273,27,67,95.83,91.0,HIGH
OMR IT Park,2026-07-14,12,1,300,279,21,98,80.14,93.0,HIGH
OMR IT Park,2026-07-14,13,1,300,265,35,105,93.93,88.33,HIGH
OMR IT Park,2026-07-14,14,1,300,286,14,67,83.19,95.33,HIGH
OMR IT Park,2026-07-14,15,1,300,268,32,92,94.03,89.33,HIGH
OMR IT Park,2026-07-14,16,1,300,244,56,109,87.4,81.33,HIGH
OMR IT Park,2026-07-14,17,1,300,192,108,52,64.71,64.0,MEDIUM
OMR IT Park,2026-07-14,18,1,300,219,81,75,78.58,73.0,MEDIUM
OMR IT Park,2026-07-14,19,1,300,218,82,64,63.67,72.67,MEDIUM
OMR IT Park,2026-07-14,20,1,300,86,214,39,37.88,28.67,LOW
OMR IT Park,2026-07-14,21,1,300,81,219,36,26.8,27.0,LOW
OMR IT Park,2026-07-14,22,1,300,93,207,45,26.09,31.0,LOW
OMR IT Park,2026-07-14,23,1,300,16,284,3,11.43,5.33,LOW
Anna Nagar Center,2026-07-14,0,1,100,14,86,7,20.1,14.0,LOW
Anna Nagar Center,2026-07-14,1,1,100,9,91,4,15.59,9.0,LOW
Anna Nagar Center,2026-07-14,2,1,100,20,80,6,15.18,20.0,LOW
Anna Nagar Center,2026-07-14,3,1,100,22,78,9,17.14,22.0,LOW
Anna Nagar Center,2026-07-14,4,1,100,25,75,8,16.18,25.0,LOW
Anna Nagar Center,2026-07-14,5,1,100,14,86,4,16.02,14.0,LOW
Anna Nagar Center,2026-07-14,6,1,100,22,78,10,18.06,22.0,LOW
Anna Nagar Center,2026-07-14,7,1,100,26,74,8,18.23,26.0,LOW
Anna Nagar Center,2026-07-14,8,1,100,66,34,15,61.92,66.0,MEDIUM
Anna Nagar Center,2026-07-14,9,1,100,61,39,25,59.7,61.0,MEDIUM
Anna Nagar Center,2026-07-14,10,1,100,61,39,27,66.32,61.0,MEDIUM
Anna Nagar Center,2026-07-14,11,1,100,46,54,11,44.47,46.0,LOW
Anna Nagar Center,2026-07-14,12,1,100,85,15,25,91.72,85.0,HIGH
Anna Nagar Center,2026-07-14,13,1,100,72,28,19,75.09,72.0,MEDIUM
Anna Nagar Center,2026-07-14,14,1,100,94,6,20,83.47,94.0,HIGH
Anna Nagar Center,2026-07-14,15,1,100,87,13,28,80.55,87.0,HIGH
Anna Nagar Center,2026-07-14,16,1,100,55,45,13,56.45,55.0,MEDIUM
Anna Nagar Center,2026-07-14,17,1,100,52,48,13,59.6,52.0,MEDIUM
Anna Nagar Center,2026-07-14,18,1,100,71,29,22,70.74,71.0,MEDIUM
Anna Nagar Center,2026-07-14,19,1,100,78,22,39,73.96,78.0,MEDIUM
Anna Nagar Center,2026-07-14,20,1,100,86,14,18,90.95,86.0,HIGH
Anna Nagar Center,2026-07-14,21,1,100,80,20,36,85.07,80.0,HIGH
Anna Nagar Center,2026-07-14,22,1,100,23,77,6,23.4,23.0,LOW
Anna Nagar Center,2026-07-14,23,1,100,24,76,6,13.66,24.0,LOW
Guindy Corporate Park,2026-07-14,0,1,180,4,176,2,5.0,2.22,LOW
Guindy Corporate Park,2026-07-14,1,1,180,20,160,6,5.14,11.11,LOW
Guindy Corporate Park,2026-07-14,2,1,180,13,167,3,8.37,7.22,LOW
Guindy Corporate Park,2026-07-14,3,1,180,4,176,1,5.0,2.22,LOW
Guindy Corporate Park,2026-07-14,4,1,180,11,169,4,9.72,6.11,LOW
Guindy Corporate Park,2026-07-14,5,1,180,22,158,10,5.51,12.22,LOW
Guindy Corporate Park,2026-07-14,6,1,180,8,172,2,5.0,4.44,LOW
Guindy Corporate Park,2026-07-14,7,1,180,7,173,2,5.0,3.89,LOW
Guindy Corporate Park,2026-07-14,8,1,180,164,16,64,92.73,91.11,HIGH
Guindy Corporate Park,2026-07-14,9,1,180,118,62,40,70.27,65.56,MEDIUM
Guindy Corporate Park,2026-07-14,10,1,180,163,17,71,89.26,90.56,HIGH
Guindy Corporate Park,2026-07-14,11,1,180,152,28,45,81.85,84.44,HIGH
Guindy Corporate Park,2026-07-14,12,1,180,161,19,37,87.43,89.44,HIGH
Guindy Corporate Park,2026-07-14,13,1,180,154,26,41,90.12,85.56,HIGH
Guindy Corporate Park,2026-07-14,14,1,180,176,4,80,98.0,97.78,HIGH
Guindy Corporate Park,2026-07-14,15,1,180,151,29,40,91.29,83.89,HIGH
Guindy Corporate Park,2026-07-14,16,1,180,163,17,78,94.61,90.56,HIGH
Guindy Corporate Park,2026-07-14,17,1,180,112,68,45,65.64,62.22,MEDIUM
Guindy Corporate Park,2026-07-14,18,1,180,116,64,57,64.18,64.44,MEDIUM
Guindy Corporate Park,2026-07-14,19,1,180,79,101,24,45.81,43.89,LOW
Guindy Corporate Park,2026-07-14,20,1,180,57,123,18,31.84,31.67,LOW
Guindy Corporate Park,2026-07-14,21,1,180,49,131,21,27.97,27.22,LOW
Guindy Corporate Park,2026-07-14,22,1,180,30,150,10,25.92,16.67,LOW
Guindy Corporate Park,2026-07-14,23,1,180,8,172,3,6.15,4.44,LOW
Chennai Mall,2026-07-15,0,2,150,22,128,10,21.74,14.67,LOW
Chennai Mall,2026-07-15,1,2,150,14,136,4,5.0,9.33,LOW
Chennai Mall,2026-07-15,2,2,150,22,128,5,8.55,14.67,LOW
Chennai Mall,2026-07-15,3,2,150,17,133,4,17.73,11.33,LOW
Chennai Mall,2026-07-15,4,2,150,11,139,5,13.33,7.33,LOW
Chennai Mall,2026-07-15,5,2,150,32,118,10,18.24,21.33,LOW
Chennai Mall,2026-07-15,6,2,150,18,132,6,18.97,12.0,LOW
Chennai Mall,2026-07-15,7,2,150,11,139,4,8.04,7.33,LOW
Chennai Mall,2026-07-15,8,2,150,18,132,5,12.0,12.0,LOW
Chennai Mall,2026-07-15,9,2,150,15,135,4,8.68,10.0,LOW
Chennai Mall,2026-07-15,10,2,150,22,128,10,22.79,14.67,LOW
Chennai Mall,2026-07-15,11,2,150,39,111,9,29.87,26.0,LOW
Chennai Mall,2026-07-15,12,2,150,88,62,36,70.7,58.67,MEDIUM
Chennai Mall,2026-07-15,13,2,150,66,84,27,53.96,44.0,LOW
Chennai Mall,2026-07-15,14,2,150,95,55,19,64.53,63.33,MEDIUM
Chennai Mall,2026-07-15,15,2,150,97,53,25,61.14,64.67,MEDIUM
Chennai Mall,2026-07-15,16,2,150,24,126,8,20.3,16.0,LOW
Chennai Mall,2026-07-15,17,2,150,113,37,45,82.49,75.33,MEDIUM
Chennai Mall,2026-07-15,18,2,150,95,55,28,75.13,63.33,MEDIUM
Chennai Mall,2026-07-15,19,2,150,117,33,52,77.34,78.0,MEDIUM
Chennai Mall,2026-07-15,20,2,150,111,39,23,79.14,74.0,MEDIUM
Chennai Mall,2026-07-15,21,2,150,108,42,37,78.53,72.0,MEDIUM
Chennai Mall,2026-07-15,22,2,150,37,113,14,24.89,24.67,LOW
Chennai Mall,2026-07-15,23,2,150,48,102,21,40.02,32.0,LOW
T Nagar Commercial Hub,2026-07-15,0,2,120,20,100,6,24.08,16.67,LOW
T Nagar Commercial Hub,2026-07-15,1,2,120,29,91,6,12.49,24.17,LOW
T Nagar Commercial Hub,2026-07-15,2,2,120,16,104,5,29.84,13.33,LOW
T Nagar Commercial Hub,2026-07-15,3,2,120,19,101,7,7.68,15.83,LOW
T Nagar Commercial Hub,2026-07-15,4,2,120,21,99,6,22.19,17.5,LOW
T Nagar Commercial Hub,2026-07-15,5,2,120,9,111,3,10.8,7.5,LOW
T Nagar Commercial Hub,2026-07-15,6,2,120,16,104,3,19.41,13.33,LOW
T Nagar Commercial Hub,2026-07-15,7,2,120,19,101,4,16.26,15.83,LOW
T Nagar Commercial Hub,2026-07-15,8,2,120,23,97,11,21.14,19.17,LOW
T Nagar Commercial Hub,2026-07-15,9,2,120,20,100,10,15.46,16.67,LOW
T Nagar Commercial Hub,2026-07-15,10,2,120,84,36,37,74.29,70.0,MEDIUM
T Nagar Commercial Hub,2026-07-15,11,2,120,79,41,37,68.31,65.83,MEDIUM
T Nagar Commercial Hub,2026-07-15,12,2,120,85,35,23,71.42,70.83,MEDIUM
T Nagar Commercial Hub,2026-07-15,13,2,120,91,29,36,71.24,75.83,MEDIUM
T Nagar Commercial Hub,2026-07-15,14,2,120,79,41,38,67.36,65.83,MEDIUM
T Nagar Commercial Hub,2026-07-15,15,2,120,77,43,20,61.94,64.17,MEDIUM
T Nagar Commercial Hub,2026-07-15,16,2,120,87,33,35,83.08,72.5,MEDIUM
T Nagar Commercial Hub,2026-07-15,17,2,120,90,30,23,65.2,75.0,MEDIUM
T Nagar Commercial Hub,2026-07-15,18,2,120,84,36,20,75.29,70.0,MEDIUM
T Nagar Commercial Hub,2026-07-15,19,2,120,91,29,38,75.05,75.83,MEDIUM
T Nagar Commercial Hub,2026-07-15,20,2,120,66,54,27,51.47,55.0,MEDIUM
T Nagar Commercial Hub,2026-07-15,21,2,120,58,62,15,41.02,48.33,LOW
T Nagar Commercial Hub,2026-07-15,22,2,120,58,62,22,57.1,48.33,LOW
T Nagar Commercial Hub,2026-07-15,23,2,120,14,106,5,6.66,11.67,LOW
Velachery Metro Station,2026-07-15,0,2,200,28,172,14,26.06,14.0,LOW
Velachery Metro Station,2026-07-15,1,2,200,10,190,3,5.0,5.0,LOW
Velachery Metro Station,2026-07-15,2,2,200,35,165,16,8.62,17.5,LOW
Velachery Metro Station,2026-07-15,3,2,200,36,164,7,10.54,18.0,LOW
Velachery Metro Station,2026-07-15,4,2,200,18,182,4,16.53,9.0,LOW
Velachery Metro Station,2026-07-15,5,2,200,20,180,7,5.29,10.0,LOW
Velachery Metro Station,2026-07-15,6,2,200,21,179,10,13.74,10.5,LOW
Velachery Metro Station,2026-07-15,7,2,200,187,13,38,98.0,93.5,HIGH
Velachery Metro Station,2026-07-15,8,2,200,177,23,59,89.46,88.5,HIGH
Velachery Metro Station,2026-07-15,9,2,200,186,14,67,95.26,93.0,HIGH
Velachery Metro Station,2026-07-15,10,2,200,185,15,53,93.27,92.5,HIGH
Velachery Metro Station,2026-07-15,11,2,200,170,30,58,81.52,85.0,HIGH
Velachery Metro Station,2026-07-15,12,2,200,170,30,81,88.65,85.0,HIGH
Velachery Metro Station,2026-07-15,13,2,200,138,62,48,73.12,69.0,MEDIUM
Velachery Metro Station,2026-07-15,14,2,200,170,30,63,85.08,85.0,HIGH
Velachery Metro Station,2026-07-15,15,2,200,186,14,80,86.76,93.0,HIGH
Velachery Metro Station,2026-07-15,16,2,200,154,46,60,74.66,77.0,MEDIUM
Velachery Metro Station,2026-07-15,17,2,200,173,27,36,83.81,86.5,HIGH
Velachery Metro Station,2026-07-15,18,2,200,187,13,77,93.59,93.5,HIGH
Velachery Metro Station,2026-07-15,19,2,200,193,7,93,98.0,96.5,HIGH
Velachery Metro Station,2026-07-15,20,2,200,174,26,39,85.55,87.0,HIGH
Velachery Metro Station,2026-07-15,21,2,200,106,94,42,53.18,53.0,MEDIUM
Velachery Metro Station,2026-07-15,22,2,200,98,102,39,44.25,49.0,LOW
Velachery Metro Station,2026-07-15,23,2,200,110,90,37,54.16,55.0,MEDIUM
OMR IT Park,2026-07-15,0,2,300,24,276,9,11.69,8.0,LOW
OMR IT Park,2026-07-15,1,2,300,13,287,5,5.0,4.33,LOW
OMR IT Park,2026-07-15,2,2,300,6,294,3,5.0,2.0,LOW
OMR IT Park,2026-07-15,3,2,300,14,286,7,5.0,4.67,LOW
OMR IT Park,2026-07-15,4,2,300,8,292,3,10.87,2.67,LOW
OMR IT Park,2026-07-15,5,2,300,6,294,2,8.09,2.0,LOW
OMR IT Park,2026-07-15,6,2,300,36,264,16,5.0,12.0,LOW
OMR IT Park,2026-07-15,7,2,300,6,294,1,5.0,2.0,LOW
OMR IT Park,2026-07-15,8,2,300,256,44,62,89.86,85.33,HIGH
OMR IT Park,2026-07-15,9,2,300,213,87,85,66.14,71.0,MEDIUM
OMR IT Park,2026-07-15,10,2,300,261,39,84,81.12,87.0,HIGH
OMR IT Park,2026-07-15,11,2,300,260,40,63,93.69,86.67,HIGH
OMR IT Park,2026-07-15,12,2,300,281,19,116,90.94,93.67,HIGH
OMR IT Park,2026-07-15,13,2,300,272,28,83,94.85,90.67,HIGH
OMR IT Park,2026-07-15,14,2,300,230,70,94,84.07,76.67,MEDIUM
OMR IT Park,2026-07-15,15,2,300,239,61,117,76.65,79.67,MEDIUM
OMR IT Park,2026-07-15,16,2,300,287,13,116,94.96,95.67,HIGH
OMR IT Park,2026-07-15,17,2,300,157,143,54,52.71,52.33,MEDIUM
OMR IT Park,2026-07-15,18,2,300,164,136,50,51.09,54.67,MEDIUM
OMR IT Park,2026-07-15,19,2,300,186,114,81,64.99,62.0,MEDIUM
OMR IT Park,2026-07-15,20,2,300,65,235,32,8.7,21.67,LOW
OMR IT Park,2026-07-15,21,2,300,80,220,26,20.32,26.67,LOW
OMR IT Park,2026-07-15,22,2,300,74,226,18,17.51,24.67,LOW
OMR IT Park,2026-07-15,23,2,300,17,283,8,8.79,5.67,LOW
Anna Nagar Center,2026-07-15,0,2,100,17,83,6,16.8,17.0,LOW
Anna Nagar Center,2026-07-15,1,2,100,10,90,4,16.09,10.0,LOW
Anna Nagar Center,2026-07-15,2,2,100,22,78,4,20.56,22.0,LOW
Anna Nagar Center,2026-07-15,3,2,100,6,94,2,5.0,6.0,LOW
Anna Nagar Center,2026-07-15,4,2,100,14,86,5,14.74,14.0,LOW
Anna Nagar Center,2026-07-15,5,2,100,5,95,2,11.74,5.0,LOW
Anna Nagar Center,2026-07-15,6,2,100,14,86,4,21.54,14.0,LOW
Anna Nagar Center,2026-07-15,7,2,100,26,74,8,24.33,26.0,LOW
Anna Nagar Center,2026-07-15,8,2,100,54,46,21,56.8,54.0,MEDIUM
Anna Nagar Center,2026-07-15,9,2,100,58,42,12,69.23,58.0,MEDIUM
Anna Nagar Center,2026-07-15,10,2,100,54,46,15,50.78,54.0,MEDIUM
Anna Nagar Center,2026-07-15,11,2,100,42,58,15,48.45,42.0,LOW
Anna Nagar Center,2026-07-15,12,2,100,73,27,20,72.37,73.0,MEDIUM
Anna Nagar Center,2026-07-15,13,2,100,79,21,25,86.41,79.0,MEDIUM
Anna Nagar Center,2026-07-15,14,2,100,80,20,29,78.36,80.0,HIGH
Anna Nagar Center,2026-07-15,15,2,100,72,28,31,66.01,72.0,MEDIUM
Anna Nagar Center,2026-07-15,16,2,100,39,61,14,39.25,39.0,LOW
Anna Nagar Center,2026-07-15,17,2,100,68,32,21,63.38,68.0,MEDIUM
Anna Nagar Center,2026-07-15,18,2,100,77,23,24,68.72,77.0,MEDIUM
Anna Nagar Center,2026-07-15,19,2,100,72,28,31,67.55,72.0,MEDIUM
Anna Nagar Center,2026-07-15,20,2,100,76,24,30,81.03,76.0,MEDIUM
Anna Nagar Center,2026-07-15,21,2,100,79,21,30,84.13,79.0,MEDIUM
Anna Nagar Center,2026-07-15,22,2,100,17,83,7,14.14,17.0,LOW
Anna Nagar Center,2026-07-15,23,2,100,9,91,4,11.2,9.0,LOW
Guindy Corporate Park,2026-07-15,0,2,180,4,176,2,5.0,2.22,LOW
Guindy Corporate Park,2026-07-15,1,2,180,21,159,4,5.0,11.67,LOW
Guindy Corporate Park,2026-07-15,2,2,180,4,176,2,5.0,2.22,LOW
Guindy Corporate Park,2026-07-15,3,2,180,8,172,3,7.42,4.44,LOW
Guindy Corporate Park,2026-07-15,4,2,180,17,163,6,12.86,9.44,LOW
Guindy Corporate Park,2026-07-15,5,2,180,10,170,5,13.63,5.56,LOW
Guindy Corporate Park,2026-07-15,6,2,180,4,176,2,5.0,2.22,LOW
Guindy Corporate Park,2026-07-15,7,2,180,4,176,1,5.0,2.22,LOW
Guindy Corporate Park,2026-07-15,8,2,180,140,40,50,80.38,77.78,MEDIUM
Guindy Corporate Park,2026-07-15,9,2,180,169,11,60,96.0,93.89,HIGH
Guindy Corporate Park,2026-07-15,10,2,180,138,42,42,77.1,76.67,MEDIUM
Guindy Corporate Park,2026-07-15,11,2,180,148,32,55,89.33,82.22,HIGH
Guindy Corporate Park,2026-07-15,12,2,180,160,20,76,78.8,88.89,HIGH
Guindy Corporate Park,2026-07-15,13,2,180,162,18,75,95.09,90.0,HIGH
Guindy Corporate Park,2026-07-15,14,2,180,139,41,29,79.4,77.22,MEDIUM
Guindy Corporate Park,2026-07-15,15,2,180,150,30,35,85.43,83.33,HIGH
Guindy Corporate Park,2026-07-15,16,2,180,157,23,52,82.77,87.22,HIGH
Guindy Corporate Park,2026-07-15,17,2,180,115,65,34,64.12,63.89,MEDIUM
Guindy Corporate Park,2026-07-15,18,2,180,131,49,50,71.77,72.78,MEDIUM
Guindy Corporate Park,2026-07-15,19,2,180,107,73,41,51.2,59.44,MEDIUM
Guindy Corporate Park,2026-07-15,20,2,180,35,145,11,22.01,19.44,LOW
Guindy Corporate Park,2026-07-15,21,2,180,51,129,13,23.67,28.33,LOW
Guindy Corporate Park,2026-07-15,22,2,180,23,157,9,13.68,12.78,LOW
Guindy Corporate Park,2026-07-15,23,2,180,13,167,6,5.0,7.22,LOW
Chennai Mall,2026-07-16,0,3,150,28,122,12,25.92,18.67,LOW
Chennai Mall,2026-07-16,1,3,150,16,134,6,5.0,10.67,LOW
Chennai Mall,2026-07-16,2,3,150,10,140,3,11.23,6.67,LOW
Chennai Mall,2026-07-16,3,3,150,35,115,10,29.95,23.33,LOW
Chennai Mall,2026-07-16,4,3,150,6,144,2,5.8,4.0,LOW
Chennai Mall,2026-07-16,5,3,150,25,125,6,12.95,16.67,LOW
Chennai Mall,2026-07-16,6,3,150,21,129,7,23.02,14.0,LOW
Chennai Mall,2026-07-16,7,3,150,27,123,6,17.21,18.0,LOW
Chennai Mall,2026-07-16,8,3,150,34,116,15,25.45,22.67,LOW
Chennai Mall,2026-07-16,9,3,150,26,124,10,12.97,17.33,LOW
Chennai Mall,2026-07-16,10,3,150,29,121,12,18.62,19.33,LOW
Chennai Mall,2026-07-16,11,3,150,16,134,6,9.09,10.67,LOW
Chennai Mall,2026-07-16,12,3,150,98,52,30,68.64,65.33,MEDIUM
Chennai Mall,2026-07-16,13,3,150,67,83,30,57.31,44.67,LOW
Chennai Mall,2026-07-16,14,3,150,94,56,33,53.78,62.67,MEDIUM
Chennai Mall,2026-07-16,15,3,150,76,74,23,47.09,50.67,MEDIUM
Chennai Mall,2026-07-16,16,3,150,11,139,4,7.69,7.33,LOW
Chennai Mall,2026-07-16,17,3,150,100,50,38,71.56,66.67,MEDIUM
Chennai Mall,2026-07-16,18,3,150,102,48,45,69.86,68.0,MEDIUM
Chennai Mall,2026-07-16,19,3,150,128,22,29,85.39,85.33,HIGH
Chennai Mall,2026-07-16,20,3,150,125,25,61,77.12,83.33,HIGH
Chennai Mall,2026-07-16,21,3,150,127,23,39,81.43,84.67,HIGH
Chennai Mall,2026-07-16,22,3,150,33,117,16,18.38,22.0,LOW
Chennai Mall,2026-07-16,23,3,150,45,105,18,42.83,30.0,LOW
T Nagar Commercial Hub,2026-07-16,0,3,120,21,99,7,20.04,17.5,LOW
T Nagar Commercial Hub,2026-07-16,1,3,120,29,91,7,11.38,24.17,LOW
T Nagar Commercial Hub,2026-07-16,2,3,120,7,113,2,10.69,5.83,LOW
T Nagar Commercial Hub,2026-07-16,3,3,120,11,109,5,16.03,9.17,LOW
T Nagar Commercial Hub,2026-07-16,4,3,120,21,99,5,18.09,17.5,LOW
T Nagar Commercial Hub,2026-07-16,5,3,120,18,102,5,13.12,15.0,LOW
T Nagar Commercial Hub,2026-07-16,6,3,120,11,109,4,15.66,9.17,LOW
T Nagar Commercial Hub,2026-07-16,7,3,120,18,102,6,22.92,15.0,LOW
T Nagar Commercial Hub,2026-07-16,8,3,120,14,106,4,21.03,11.67,LOW
T Nagar Commercial Hub,2026-07-16,9,3,120,3,117,1,12.68,2.5,LOW
T Nagar Commercial Hub,2026-07-16,10,3,120,91,29,29,78.79,75.83,MEDIUM
T Nagar Commercial Hub,2026-07-16,11,3,120,82,38,38,74.92,68.33,MEDIUM
T Nagar Commercial Hub,2026-07-16,12,3,120,103,17,40,85.73,85.83,HIGH
T Nagar Commercial Hub,2026-07-16,13,3,120,86,34,33,69.24,71.67,MEDIUM
T Nagar Commercial Hub,2026-07-16,14,3,120,77,43,35,68.75,64.17,MEDIUM
T Nagar Commercial Hub,2026-07-16,15,3,120,78,42,22,65.42,65.0,MEDIUM
T Nagar Commercial Hub,2026-07-16,16,3,120,86,34,34,75.07,71.67,MEDIUM
T Nagar Commercial Hub,2026-07-16,17,3,120,85,35,19,67.56,70.83,MEDIUM
T Nagar Commercial Hub,2026-07-16,18,3,120,96,24,38,88.95,80.0,HIGH
T Nagar Commercial Hub,2026-07-16,19,3,120,79,41,35,65.57,65.83,MEDIUM
T Nagar Commercial Hub,2026-07-16,20,3,120,51,69,25,33.51,42.5,LOW
T Nagar Commercial Hub,2026-07-16,21,3,120,74,46,35,54.95,61.67,MEDIUM
T Nagar Commercial Hub,2026-07-16,22,3,120,48,72,15,45.31,40.0,LOW
T Nagar Commercial Hub,2026-07-16,23,3,120,14,106,5,8.11,11.67,LOW
Velachery Metro Station,2026-07-16,0,3,200,16,184,6,5.0,8.0,LOW
Velachery Metro Station,2026-07-16,1,3,200,28,172,13,12.65,14.0,LOW
Velachery Metro Station,2026-07-16,2,3,200,28,172,11,13.85,14.0,LOW
Velachery Metro Station,2026-07-16,3,3,200,24,176,9,19.55,12.0,LOW
Velachery Metro Station,2026-07-16,4,3,200,39,161,15,16.1,19.5,LOW
Velachery Metro Station,2026-07-16,5,3,200,15,185,7,19.75,7.5,LOW
Velachery Metro Station,2026-07-16,6,3,200,25,175,10,16.92,12.5,LOW
Velachery Metro Station,2026-07-16,7,3,200,199,1,48,94.61,99.5,HIGH
Velachery Metro Station,2026-07-16,8,3,200,194,6,89,95.81,97.0,HIGH
Velachery Metro Station,2026-07-16,9,3,200,164,36,58,76.22,82.0,HIGH
Velachery Metro Station,2026-07-16,10,3,200,167,33,36,77.78,83.5,HIGH
Velachery Metro Station,2026-07-16,11,3,200,175,25,36,88.8,87.5,HIGH
Velachery Metro Station,2026-07-16,12,3,200,143,57,43,70.94,71.5,MEDIUM
Velachery Metro Station,2026-07-16,13,3,200,155,45,61,72.06,77.5,MEDIUM
Velachery Metro Station,2026-07-16,14,3,200,156,44,54,69.84,78.0,MEDIUM
Velachery Metro Station,2026-07-16,15,3,200,168,32,65,86.94,84.0,HIGH
Velachery Metro Station,2026-07-16,16,3,200,169,31,43,89.5,84.5,HIGH
Velachery Metro Station,2026-07-16,17,3,200,200,0,64,98.0,100.0,HIGH
Velachery Metro Station,2026-07-16,18,3,200,193,7,42,94.55,96.5,HIGH
Velachery Metro Station,2026-07-16,19,3,200,200,0,81,95.7,100.0,HIGH
Velachery Metro Station,2026-07-16,20,3,200,199,1,82,98.0,99.5,HIGH
Velachery Metro Station,2026-07-16,21,3,200,96,104,34,45.45,48.0,LOW
Velachery Metro Station,2026-07-16,22,3,200,90,110,39,46.84,45.0,LOW
Velachery Metro Station,2026-07-16,23,3,200,90,110,44,36.73,45.0,LOW
OMR IT Park,2026-07-16,0,3,300,6,294,2,5.0,2.0,LOW
OMR IT Park,2026-07-16,1,3,300,25,275,9,10.62,8.33,LOW
OMR IT Park,2026-07-16,2,3,300,37,263,13,5.2,12.33,LOW
OMR IT Park,2026-07-16,3,3,300,28,272,7,9.35,9.33,LOW
OMR IT Park,2026-07-16,4,3,300,30,270,11,11.7,10.0,LOW
OMR IT Park,2026-07-16,5,3,300,6,294,3,5.0,2.0,LOW
OMR IT Park,2026-07-16,6,3,300,23,277,6,5.0,7.67,LOW
OMR IT Park,2026-07-16,7,3,300,20,280,8,15.26,6.67,LOW
OMR IT Park,2026-07-16,8,3,300,210,90,57,67.43,70.0,MEDIUM
OMR IT Park,2026-07-16,9,3,300,265,35,72,96.66,88.33,HIGH
OMR IT Park,2026-07-16,10,3,300,215,85,61,59.81,71.67,MEDIUM
OMR IT Park,2026-07-16,11,3,300,262,38,126,88.51,87.33,HIGH
OMR IT Park,2026-07-16,12,3,300,239,61,65,77.66,79.67,MEDIUM
OMR IT Park,2026-07-16,13,3,300,259,41,111,81.85,86.33,HIGH
OMR IT Park,2026-07-16,14,3,300,282,18,79,76.89,94.0,HIGH
OMR IT Park,2026-07-16,15,3,300,244,56,53,70.93,81.33,HIGH
OMR IT Park,2026-07-16,16,3,300,238,62,76,74.78,79.33,MEDIUM
OMR IT Park,2026-07-16,17,3,300,152,148,34,48.68,50.67,MEDIUM
OMR IT Park,2026-07-16,18,3,300,176,124,56,56.05,58.67,MEDIUM
OMR IT Park,2026-07-16,19,3,300,172,128,46,55.93,57.33,MEDIUM
OMR IT Park,2026-07-16,20,3,300,91,209,21,38.09,30.33,LOW
OMR IT Park,2026-07-16,21,3,300,86,214,33,23.75,28.67,LOW
OMR IT Park,2026-07-16,22,3,300,72,228,15,32.21,24.0,LOW
OMR IT Park,2026-07-16,23,3,300,16,284,5,5.22,5.33,LOW
Anna Nagar Center,2026-07-16,0,3,100,23,77,8,19.59,23.0,LOW
Anna Nagar Center,2026-07-16,1,3,100,14,86,6,15.09,14.0,LOW
Anna Nagar Center,2026-07-16,2,3,100,12,88,6,5.0,12.0,LOW
Anna Nagar Center,2026-07-16,3,3,100,20,80,6,19.8,20.0,LOW
Anna Nagar Center,2026-07-16,4,3,100,18,82,5,19.99,18.0,LOW
Anna Nagar Center,2026-07-16,5,3,100,8,92,2,5.22,8.0,LOW
Anna Nagar Center,2026-07-16,6,3,100,24,76,7,23.3,24.0,LOW
Anna Nagar Center,2026-07-16,7,3,100,21,79,6,15.18,21.0,LOW
Anna Nagar Center,2026-07-16,8,3,100,56,44,26,49.97,56.0,MEDIUM
Anna Nagar Center,2026-07-16,9,3,100,57,43,27,54.57,57.0,MEDIUM
Anna Nagar Center,2026-07-16,10,3,100,50,50,25,53.95,50.0,MEDIUM
Anna Nagar Center,2026-07-16,11,3,100,66,34,31,62.18,66.0,MEDIUM
Anna Nagar Center,2026-07-16,12,3,100,73,27,27,67.59,73.0,MEDIUM
Anna Nagar Center,2026-07-16,13,3,100,82,18,24,84.28,82.0,HIGH
Anna Nagar Center,2026-07-16,14,3,100,75,25,30,77.07,75.0,MEDIUM
Anna Nagar Center,2026-07-16,15,3,100,65,35,25,65.74,65.0,MEDIUM
Anna Nagar Center,2026-07-16,16,3,100,47,53,10,46.59,47.0,LOW
Anna Nagar Center,2026-07-16,17,3,100,46,54,21,40.21,46.0,LOW
Anna Nagar Center,2026-07-16,18,3,100,68,32,28,69.46,68.0,MEDIUM
Anna Nagar Center,2026-07-16,19,3,100,67,33,21,73.56,67.0,MEDIUM
Anna Nagar Center,2026-07-16,20,3,100,83,17,32,87.08,83.0,HIGH
Anna Nagar Center,2026-07-16,21,3,100,79,21,22,75.04,79.0,MEDIUM
Anna Nagar Center,2026-07-16,22,3,100,13,87,3,16.6,13.0,LOW
Anna Nagar Center,2026-07-16,23,3,100,10,90,3,9.04,10.0,LOW
Guindy Corporate Park,2026-07-16,0,3,180,16,164,4,6.87,8.89,LOW
Guindy Corporate Park,2026-07-16,1,3,180,17,163,5,9.42,9.44,LOW
Guindy Corporate Park,2026-07-16,2,3,180,10,170,5,5.0,5.56,LOW
Guindy Corporate Park,2026-07-16,3,3,180,13,167,6,16.77,7.22,LOW
Guindy Corporate Park,2026-07-16,4,3,180,6,174,2,5.0,3.33,LOW
Guindy Corporate Park,2026-07-16,5,3,180,7,173,3,5.0,3.89,LOW
Guindy Corporate Park,2026-07-16,6,3,180,7,173,3,7.51,3.89,LOW
Guindy Corporate Park,2026-07-16,7,3,180,11,169,2,5.0,6.11,LOW
Guindy Corporate Park,2026-07-16,8,3,180,170,10,42,94.08,94.44,HIGH
Guindy Corporate Park,2026-07-16,9,3,180,128,52,29,68.47,71.11,MEDIUM
Guindy Corporate Park,2026-07-16,10,3,180,143,37,56,76.57,79.44,MEDIUM
Guindy Corporate Park,2026-07-16,11,3,180,152,28,72,90.24,84.44,HIGH
Guindy Corporate Park,2026-07-16,12,3,180,156,24,77,88.07,86.67,HIGH
Guindy Corporate Park,2026-07-16,13,3,180,149,31,32,83.4,82.78,HIGH
Guindy Corporate Park,2026-07-16,14,3,180,164,16,36,97.24,91.11,HIGH
Guindy Corporate Park,2026-07-16,15,3,180,171,9,84,85.56,95.0,HIGH
Guindy Corporate Park,2026-07-16,16,3,180,146,34,66,77.22,81.11,HIGH
Guindy Corporate Park,2026-07-16,17,3,180,114,66,32,52.34,63.33,MEDIUM
Guindy Corporate Park,2026-07-16,18,3,180,114,66,54,57.12,63.33,MEDIUM
Guindy Corporate Park,2026-07-16,19,3,180,125,55,30,54.53,69.44,MEDIUM
Guindy Corporate Park,2026-07-16,20,3,180,58,122,15,30.95,32.22,LOW
Guindy Corporate Park,2026-07-16,21,3,180,48,132,19,34.65,26.67,LOW
Guindy Corporate Park,2026-07-16,22,3,180,61,119,13,35.59,33.89,LOW
Guindy Corporate Park,2026-07-16,23,3,180,9,171,2,14.36,5.0,LOW
Chennai Mall,2026-07-17,0,4,150,9,141,2,5.0,6.0,LOW
Chennai Mall,2026-07-17,1,4,150,11,139,3,5.0,7.33,LOW
Chennai Mall,2026-07-17,2,4,150,23,127,7,14.1,15.33,LOW
Chennai Mall,2026-07-17,3,4,150,8,142,2,5.0,5.33,LOW
Chennai Mall,2026-07-17,4,4,150,33,117,10,23.33,22.0,LOW
Chennai Mall,2026-07-17,5,4,150,31,119,7,20.62,20.67,LOW
Chennai Mall,2026-07-17,6,4,150,38,112,11,22.57,25.33,LOW
Chennai Mall,2026-07-17,7,4,150,40,110,19,23.09,26.67,LOW
Chennai Mall,2026-07-17,8,4,150,25,125,7,8.47,16.67,LOW
Chennai Mall,2026-07-17,9,4,150,30,120,7,16.1,20.0,LOW
Chennai Mall,2026-07-17,10,4,150,19,131,5,8.38,12.67,LOW
Chennai Mall,2026-07-17,11,4,150,32,118,9,28.46,21.33,LOW
Chennai Mall,2026-07-17,12,4,150,67,83,24,45.58,44.67,LOW
Chennai Mall,2026-07-17,13,4,150,97,53,47,58.05,64.67,MEDIUM
Chennai Mall,2026-07-17,14,4,150,94,56,27,63.15,62.67,MEDIUM
Chennai Mall,2026-07-17,15,4,150,93,57,29,65.8,62.0,MEDIUM
Chennai Mall,2026-07-17,16,4,150,15,135,6,10.09,10.0,LOW
Chennai Mall,2026-07-17,17,4,150,113,37,50,77.52,75.33,MEDIUM
Chennai Mall,2026-07-17,18,4,150,105,45,33,64.64,70.0,MEDIUM
Chennai Mall,2026-07-17,19,4,150,105,45,40,63.11,70.0,MEDIUM
Chennai Mall,2026-07-17,20,4,150,112,38,52,67.53,74.67,MEDIUM
Chennai Mall,2026-07-17,21,4,150,120,30,50,86.68,80.0,HIGH
Chennai Mall,2026-07-17,22,4,150,58,92,19,38.6,38.67,LOW
Chennai Mall,2026-07-17,23,4,150,61,89,13,39.64,40.67,LOW
T Nagar Commercial Hub,2026-07-17,0,4,120,17,103,7,16.46,14.17,LOW
T Nagar Commercial Hub,2026-07-17,1,4,120,18,102,7,9.38,15.0,LOW
T Nagar Commercial Hub,2026-07-17,2,4,120,14,106,4,10.47,11.67,LOW
T Nagar Commercial Hub,2026-07-17,3,4,120,25,95,5,18.19,20.83,LOW
T Nagar Commercial Hub,2026-07-17,4,4,120,18,102,7,10.06,15.0,LOW
T Nagar Commercial Hub,2026-07-17,5,4,120,26,94,9,18.83,21.67,LOW
T Nagar Commercial Hub,2026-07-17,6,4,120,16,104,5,11.16,13.33,LOW
T Nagar Commercial Hub,2026-07-17,7,4,120,10,110,5,5.0,8.33,LOW
T Nagar Commercial Hub,2026-07-17,8,4,120,20,100,8,16.81,16.67,LOW
T Nagar Commercial Hub,2026-07-17,9,4,120,16,104,6,9.02,13.33,LOW
T Nagar Commercial Hub,2026-07-17,10,4,120,103,17,34,91.14,85.83,HIGH
T Nagar Commercial Hub,2026-07-17,11,4,120,93,27,31,68.13,77.5,MEDIUM
T Nagar Commercial Hub,2026-07-17,12,4,120,77,43,23,63.22,64.17,MEDIUM
T Nagar Commercial Hub,2026-07-17,13,4,120,92,28,29,81.95,76.67,MEDIUM
T Nagar Commercial Hub,2026-07-17,14,4,120,74,46,37,66.87,61.67,MEDIUM
T Nagar Commercial Hub,2026-07-17,15,4,120,81,39,18,72.18,67.5,MEDIUM
T Nagar Commercial Hub,2026-07-17,16,4,120,67,53,22,65.29,55.83,MEDIUM
T Nagar Commercial Hub,2026-07-17,17,4,120,94,26,42,75.08,78.33,MEDIUM
T Nagar Commercial Hub,2026-07-17,18,4,120,85,35,27,77.88,70.83,MEDIUM
T Nagar Commercial Hub,2026-07-17,19,4,120,77,43,34,65.26,64.17,MEDIUM
T Nagar Commercial Hub,2026-07-17,20,4,120,59,61,15,44.5,49.17,LOW
T Nagar Commercial Hub,2026-07-17,21,4,120,52,68,16,37.18,43.33,LOW
T Nagar Commercial Hub,2026-07-17,22,4,120,55,65,24,37.13,45.83,LOW
T Nagar Commercial Hub,2026-07-17,23,4,120,6,114,2,6.55,5.0,LOW
Velachery Metro Station,2026-07-17,0,4,200,16,184,8,5.0,8.0,LOW
Velachery Metro Station,2026-07-17,1,4,200,32,168,7,18.18,16.0,LOW
Velachery Metro Station,2026-07-17,2,4,200,20,180,10,12.63,10.0,LOW
Velachery Metro Station,2026-07-17,3,4,200,9,191,3,5.0,4.5,LOW
Velachery Metro Station,2026-07-17,4,4,200,30,170,9,5.0,15.0,LOW
Velachery Metro Station,2026-07-17,5,4,200,10,190,4,15.27,5.0,LOW
Velachery Metro Station,2026-07-17,6,4,200,25,175,12,16.64,12.5,LOW
Velachery Metro Station,2026-07-17,7,4,200,173,27,62,82.42,86.5,HIGH
Velachery Metro Station,2026-07-17,8,4,200,173,27,69,93.12,86.5,HIGH
Velachery Metro Station,2026-07-17,9,4,200,187,13,93,98.0,93.5,HIGH
Velachery Metro Station,2026-07-17,10,4,200,179,21,45,82.65,89.5,HIGH
Velachery Metro Station,2026-07-17,11,4,200,138,62,32,64.95,69.0,MEDIUM
Velachery Metro Station,2026-07-17,12,4,200,152,48,68,77.26,76.0,MEDIUM
Velachery Metro Station,2026-07-17,13,4,200,177,23,63,84.01,88.5,HIGH
Velachery Metro Station,2026-07-17,14,4,200,151,49,66,81.95,75.5,MEDIUM
Velachery Metro Station,2026-07-17,15,4,200,150,50,67,74.18,75.0,MEDIUM
Velachery Metro Station,2026-07-17,16,4,200,149,51,70,76.59,74.5,MEDIUM
Velachery Metro Station,2026-07-17,17,4,200,191,9,86,98.0,95.5,HIGH
Velachery Metro Station,2026-07-17,18,4,200,200,0,95,98.0,100.0,HIGH
Velachery Metro Station,2026-07-17,19,4,200,199,1,74,91.05,99.5,HIGH
Velachery Metro Station,2026-07-17,20,4,200,182,18,87,85.44,91.0,HIGH
Velachery Metro Station,2026-07-17,21,4,200,65,135,29,26.75,32.5,LOW
Velachery Metro Station,2026-07-17,22,4,200,103,97,27,51.46,51.5,MEDIUM
Velachery Metro Station,2026-07-17,23,4,200,72,128,27,34.76,36.0,LOW
OMR IT Park,2026-07-17,0,4,300,35,265,8,14.5,11.67,LOW
OMR IT Park,2026-07-17,1,4,300,6,294,1,5.83,2.0,LOW
OMR IT Park,2026-07-17,2,4,300,26,274,11,10.86,8.67,LOW
OMR IT Park,2026-07-17,3,4,300,15,285,6,5.0,5.0,LOW
OMR IT Park,2026-07-17,4,4,300,6,294,3,5.0,2.0,LOW
OMR IT Park,2026-07-17,5,4,300,16,284,6,6.56,5.33,LOW
OMR IT Park,2026-07-17,6,4,300,16,284,8,11.48,5.33,LOW
OMR IT Park,2026-07-17,7,4,300,8,292,3,5.0,2.67,LOW
OMR IT Park,2026-07-17,8,4,300,285,15,71,98.0,95.0,HIGH
OMR IT Park,2026-07-17,9,4,300,237,63,101,73.82,79.0,MEDIUM
OMR IT Park,2026-07-17,10,4,300,225,75,107,71.53,75.0,MEDIUM
OMR IT Park,2026-07-17,11,4,300,259,41,62,83.9,86.33,HIGH
OMR IT Park,2026-07-17,12,4,300,254,46,103,88.55,84.67,HIGH
OMR IT Park,2026-07-17,13,4,300,280,20,103,98.0,93.33,HIGH
OMR IT Park,2026-07-17,14,4,300,275,25,100,98.0,91.67,HIGH
OMR IT Park,2026-07-17,15,4,300,293,7,97,90.0,97.67,HIGH
OMR IT Park,2026-07-17,16,4,300,262,38,113,86.42,87.33,HIGH
OMR IT Park,2026-07-17,17,4,300,160,140,62,43.08,53.33,MEDIUM
OMR IT Park,2026-07-17,18,4,300,158,142,34,55.54,52.67,MEDIUM
OMR IT Park,2026-07-17,19,4,300,194,106,94,52.61,64.67,MEDIUM
OMR IT Park,2026-07-17,20,4,300,70,230,26,16.22,23.33,LOW
OMR IT Park,2026-07-17,21,4,300,62,238,20,19.67,20.67,LOW
OMR IT Park,2026-07-17,22,4,300,86,214,32,24.2,28.67,LOW
OMR IT Park,2026-07-17,23,4,300,17,283,4,5.0,5.67,LOW
Anna Nagar Center,2026-07-17,0,4,100,15,85,4,5.13,15.0,LOW
Anna Nagar Center,2026-07-17,1,4,100,26,74,8,25.26,26.0,LOW
Anna Nagar Center,2026-07-17,2,4,100,17,83,8,18.17,17.0,LOW
Anna Nagar Center,2026-07-17,3,4,100,7,93,3,10.25,7.0,LOW
Anna Nagar Center,2026-07-17,4,4,100,21,79,9,15.67,21.0,LOW
Anna Nagar Center,2026-07-17,5,4,100,3,97,1,5.0,3.0,LOW
Anna Nagar Center,2026-07-17,6,4,100,12,88,4,18.53,12.0,LOW
Anna Nagar Center,2026-07-17,7,4,100,24,76,10,22.1,24.0,LOW
Anna Nagar Center,2026-07-17,8,4,100,62,38,13,63.75,62.0,MEDIUM
Anna Nagar Center,2026-07-17,9,4,100,53,47,11,53.94,53.0,MEDIUM
Anna Nagar Center,2026-07-17,10,4,100,58,42,28,68.51,58.0,MEDIUM
Anna Nagar Center,2026-07-17,11,4,100,64,36,26,58.56,64.0,MEDIUM
Anna Nagar Center,2026-07-17,12,4,100,82,18,22,85.72,82.0,HIGH
Anna Nagar Center,2026-07-17,13,4,100,73,27,25,73.56,73.0,MEDIUM
Anna Nagar Center,2026-07-17,14,4,100,77,23,17,82.97,77.0,MEDIUM
Anna Nagar Center,2026-07-17,15,4,100,74,26,29,75.2,74.0,MEDIUM
Anna Nagar Center,2026-07-17,16,4,100,58,42,14,70.04,58.0,MEDIUM
Anna Nagar Center,2026-07-17,17,4,100,60,40,27,59.08,60.0,MEDIUM
Anna Nagar Center,2026-07-17,18,4,100,91,9,27,95.06,91.0,HIGH
Anna Nagar Center,2026-07-17,19,4,100,67,33,16,59.02,67.0,MEDIUM
Anna Nagar Center,2026-07-17,20,4,100,86,14,30,78.49,86.0,HIGH
Anna Nagar Center,2026-07-17,21,4,100,81,19,27,77.04,81.0,HIGH
Anna Nagar Center,2026-07-17,22,4,100,16,84,6,20.53,16.0,LOW
Anna Nagar Center,2026-07-17,23,4,100,21,79,6,21.99,21.0,LOW
Guindy Corporate Park,2026-07-17,0,4,180,4,176,1,5.0,2.22,LOW
Guindy Corporate Park,2026-07-17,1,4,180,4,176,1,9.53,2.22,LOW
Guindy Corporate Park,2026-07-17,2,4,180,6,174,2,5.0,3.33,LOW
Guindy Corporate Park,2026-07-17,3,4,180,16,164,8,12.21,8.89,LOW
Guindy Corporate Park,2026-07-17,4,4,180,4,176,1,5.0,2.22,LOW
Guindy Corporate Park,2026-07-17,5,4,180,6,174,2,5.0,3.33,LOW
Guindy Corporate Park,2026-07-17,6,4,180,8,172,3,5.0,4.44,LOW
Guindy Corporate Park,2026-07-17,7,4,180,16,164,4,5.0,8.89,LOW
Guindy Corporate Park,2026-07-17,8,4,180,160,20,79,90.17,88.89,HIGH
Guindy Corporate Park,2026-07-17,9,4,180,164,16,52,98.0,91.11,HIGH
Guindy Corporate Park,2026-07-17,10,4,180,142,38,40,74.77,78.89,MEDIUM
Guindy Corporate Park,2026-07-17,11,4,180,180,0,87,98.0,100.0,HIGH
Guindy Corporate Park,2026-07-17,12,4,180,179,1,60,98.0,99.44,HIGH
Guindy Corporate Park,2026-07-17,13,4,180,177,3,46,94.88,98.33,HIGH
Guindy Corporate Park,2026-07-17,14,4,180,157,23,50,93.42,87.22,HIGH
Guindy Corporate Park,2026-07-17,15,4,180,177,3,47,98.0,98.33,HIGH
Guindy Corporate Park,2026-07-17,16,4,180,161,19,44,90.34,89.44,HIGH
Guindy Corporate Park,2026-07-17,17,4,180,112,68,25,67.88,62.22,MEDIUM
Guindy Corporate Park,2026-07-17,18,4,180,131,49,52,68.2,72.78,MEDIUM
Guindy Corporate Park,2026-07-17,19,4,180,117,63,44,63.81,65.0,MEDIUM
Guindy Corporate Park,2026-07-17,20,4,180,35,145,9,25.75,19.44,LOW
Guindy Corporate Park,2026-07-17,21,4,180,47,133,17,16.95,26.11,LOW
Guindy Corporate Park,2026-07-17,22,4,180,46,134,23,26.15,25.56,LOW
Guindy Corporate Park,2026-07-17,23,4,180,10,170,3,8.9,5.56,LOW
Chennai Mall,2026-07-18,0,5,150,10,140,4,10.49,6.67,LOW
Chennai Mall,2026-07-18,1,5,150,19,131,7,5.0,12.67,LOW
Chennai Mall,2026-07-18,2,5,150,16,134,4,10.32,10.67,LOW
Chennai Mall,2026-07-18,3,5,150,11,139,2,12.34,7.33,LOW
Chennai Mall,2026-07-18,4,5,150,28,122,14,17.87,18.67,LOW
Chennai Mall,2026-07-18,5,5,150,18,132,4,19.0,12.0,LOW
Chennai Mall,2026-07-18,6,5,150,33,117,14,31.85,22.0,LOW
Chennai Mall,2026-07-18,7,5,150,38,112,11,22.6,25.33,LOW
Chennai Mall,2026-07-18,8,5,150,38,112,18,24.43,25.33,LOW
Chennai Mall,2026-07-18,9,5,150,15,135,6,5.0,10.0,LOW
Chennai Mall,2026-07-18,10,5,150,30,120,12,18.7,20.0,LOW
Chennai Mall,2026-07-18,11,5,150,110,40,35,84.34,73.33,MEDIUM
Chennai Mall,2026-07-18,12,5,150,114,36,42,79.33,76.0,MEDIUM
Chennai Mall,2026-07-18,13,5,150,135,15,31,89.58,90.0,HIGH
Chennai Mall,2026-07-18,14,5,150,135,15,62,84.15,90.0,HIGH
Chennai Mall,2026-07-18,15,5,150,140,10,32,85.36,93.33,HIGH
Chennai Mall,2026-07-18,16,5,150,145,5,34,86.62,96.67,HIGH
Chennai Mall,2026-07-18,17,5,150,131,19,26,75.81,87.33,HIGH
Chennai Mall,2026-07-18,18,5,150,150,0,39,84.08,100.0,HIGH
Chennai Mall,2026-07-18,19,5,150,134,16,36,93.59,89.33,HIGH
Chennai Mall,2026-07-18,20,5,150,132,18,39,80.49,88.0,HIGH
Chennai Mall,2026-07-18,21,5,150,135,15,41,84.22,90.0,HIGH
Chennai Mall,2026-07-18,22,5,150,68,82,19,51.25,45.33,LOW
Chennai Mall,2026-07-18,23,5,150,62,88,27,38.94,41.33,LOW
T Nagar Commercial Hub,2026-07-18,0,5,120,36,84,11,32.36,30.0,LOW
T Nagar Commercial Hub,2026-07-18,1,5,120,25,95,12,18.55,20.83,LOW
T Nagar Commercial Hub,2026-07-18,2,5,120,46,74,20,27.36,38.33,LOW
T Nagar Commercial Hub,2026-07-18,3,5,120,40,80,19,26.04,33.33,LOW
T Nagar Commercial Hub,2026-07-18,4,5,120,47,73,15,39.97,39.17,LOW
T Nagar Commercial Hub,2026-07-18,5,5,120,37,83,15,35.72,30.83,LOW
T Nagar Commercial Hub,2026-07-18,6,5,120,26,94,11,26.03,21.67,LOW
T Nagar Commercial Hub,2026-07-18,7,5,120,38,82,12,30.03,31.67,LOW
T Nagar Commercial Hub,2026-07-18,8,5,120,30,90,12,24.74,25.0,LOW
T Nagar Commercial Hub,2026-07-18,9,5,120,40,80,16,34.81,33.33,LOW
T Nagar Commercial Hub,2026-07-18,10,5,120,60,60,27,43.15,50.0,MEDIUM
T Nagar Commercial Hub,2026-07-18,11,5,120,106,14,22,86.55,88.33,HIGH
T Nagar Commercial Hub,2026-07-18,12,5,120,103,17,48,86.02,85.83,HIGH
T Nagar Commercial Hub,2026-07-18,13,5,120,105,15,30,82.33,87.5,HIGH
T Nagar Commercial Hub,2026-07-18,14,5,120,112,8,49,94.61,93.33,HIGH
T Nagar Commercial Hub,2026-07-18,15,5,120,97,23,20,79.06,80.83,HIGH
T Nagar Commercial Hub,2026-07-18,16,5,120,111,9,32,78.5,92.5,HIGH
T Nagar Commercial Hub,2026-07-18,17,5,120,103,17,41,85.86,85.83,HIGH
T Nagar Commercial Hub,2026-07-18,18,5,120,111,9,46,92.44,92.5,HIGH
T Nagar Commercial Hub,2026-07-18,19,5,120,109,11,33,95.74,90.83,HIGH
T Nagar Commercial Hub,2026-07-18,20,5,120,101,19,28,79.33,84.17,HIGH
T Nagar Commercial Hub,2026-07-18,21,5,120,107,13,45,83.67,89.17,HIGH
T Nagar Commercial Hub,2026-07-18,22,5,120,29,91,12,29.61,24.17,LOW
T Nagar Commercial Hub,2026-07-18,23,5,120,43,77,10,34.76,35.83,LOW
Velachery Metro Station,2026-07-18,0,5,200,45,155,21,16.28,22.5,LOW
Velachery Metro Station,2026-07-18,1,5,200,56,144,19,29.25,28.0,LOW
Velachery Metro Station,2026-07-18,2,5,200,70,130,15,38.46,35.0,LOW
Velachery Metro Station,2026-07-18,3,5,200,93,107,21,44.38,46.5,LOW
Velachery Metro Station,2026-07-18,4,5,200,80,120,19,37.45,40.0,LOW
Velachery Metro Station,2026-07-18,5,5,200,86,114,33,39.5,43.0,LOW
Velachery Metro Station,2026-07-18,6,5,200,40,160,18,22.48,20.0,LOW
Velachery Metro Station,2026-07-18,7,5,200,51,149,24,14.18,25.5,LOW
Velachery Metro Station,2026-07-18,8,5,200,95,105,45,48.78,47.5,LOW
Velachery Metro Station,2026-07-18,9,5,200,58,142,22,33.32,29.0,LOW
Velachery Metro Station,2026-07-18,10,5,200,74,126,23,21.58,37.0,LOW
Velachery Metro Station,2026-07-18,11,5,200,96,104,26,48.83,48.0,LOW
Velachery Metro Station,2026-07-18,12,5,200,92,108,39,51.96,46.0,LOW
Velachery Metro Station,2026-07-18,13,5,200,51,149,19,21.56,25.5,LOW
Velachery Metro Station,2026-07-18,14,5,200,54,146,15,24.88,27.0,LOW
Velachery Metro Station,2026-07-18,15,5,200,43,157,16,28.35,21.5,LOW
Velachery Metro Station,2026-07-18,16,5,200,63,137,24,34.2,31.5,LOW
Velachery Metro Station,2026-07-18,17,5,200,94,106,36,53.87,47.0,LOW
Velachery Metro Station,2026-07-18,18,5,200,56,144,21,29.62,28.0,LOW
Velachery Metro Station,2026-07-18,19,5,200,74,126,36,29.63,37.0,LOW
Velachery Metro Station,2026-07-18,20,5,200,88,112,33,41.24,44.0,LOW
Velachery Metro Station,2026-07-18,21,5,200,40,160,17,25.03,20.0,LOW
Velachery Metro Station,2026-07-18,22,5,200,93,107,30,39.18,46.5,LOW
Velachery Metro Station,2026-07-18,23,5,200,60,140,13,34.83,30.0,LOW
OMR IT Park,2026-07-18,0,5,300,66,234,15,10.02,22.0,LOW
OMR IT Park,2026-07-18,1,5,300,30,270,14,17.22,10.0,LOW
OMR IT Park,2026-07-18,2,5,300,61,239,27,5.8,20.33,LOW
OMR IT Park,2026-07-18,3,5,300,27,273,11,13.57,9.0,LOW
OMR IT Park,2026-07-18,4,5,300,12,288,5,11.52,4.0,LOW
OMR IT Park,2026-07-18,5,5,300,51,249,19,6.23,17.0,LOW
OMR IT Park,2026-07-18,6,5,300,45,255,22,19.52,15.0,LOW
OMR IT Park,2026-07-18,7,5,300,20,280,9,15.01,6.67,LOW
OMR IT Park,2026-07-18,8,5,300,34,266,13,14.59,11.33,LOW
OMR IT Park,2026-07-18,9,5,300,60,240,12,14.39,20.0,LOW
OMR IT Park,2026-07-18,10,5,300,59,241,12,15.12,19.67,LOW
OMR IT Park,2026-07-18,11,5,300,35,265,7,5.0,11.67,LOW
OMR IT Park,2026-07-18,12,5,300,18,282,6,5.24,6.0,LOW
OMR IT Park,2026-07-18,13,5,300,33,267,9,10.07,11.0,LOW
OMR IT Park,2026-07-18,14,5,300,51,249,16,17.85,17.0,LOW
OMR IT Park,2026-07-18,15,5,300,30,270,15,17.63,10.0,LOW
OMR IT Park,2026-07-18,16,5,300,39,261,10,14.03,13.0,LOW
OMR IT Park,2026-07-18,17,5,300,51,249,21,12.16,17.0,LOW
OMR IT Park,2026-07-18,18,5,300,21,279,7,8.31,7.0,LOW
OMR IT Park,2026-07-18,19,5,300,60,240,29,14.75,20.0,LOW
OMR IT Park,2026-07-18,20,5,300,39,261,8,9.02,13.0,LOW
OMR IT Park,2026-07-18,21,5,300,46,254,20,19.65,15.33,LOW
OMR IT Park,2026-07-18,22,5,300,47,253,22,20.44,15.67,LOW
OMR IT Park,2026-07-18,23,5,300,45,255,21,17.8,15.0,LOW
Anna Nagar Center,2026-07-18,0,5,100,18,82,6,19.86,18.0,LOW
Anna Nagar Center,2026-07-18,1,5,100,29,71,7,21.98,29.0,LOW
Anna Nagar Center,2026-07-18,2,5,100,12,88,4,7.81,12.0,LOW
Anna Nagar Center,2026-07-18,3,5,100,19,81,6,19.11,19.0,LOW
Anna Nagar Center,2026-07-18,4,5,100,40,60,10,32.29,40.0,LOW
Anna Nagar Center,2026-07-18,5,5,100,25,75,8,22.94,25.0,LOW
Anna Nagar Center,2026-07-18,6,5,100,29,71,14,33.75,29.0,LOW
Anna Nagar Center,2026-07-18,7,5,100,23,77,7,22.94,23.0,LOW
Anna Nagar Center,2026-07-18,8,5,100,13,87,5,23.31,13.0,LOW
Anna Nagar Center,2026-07-18,9,5,100,19,81,5,19.86,19.0,LOW
Anna Nagar Center,2026-07-18,10,5,100,16,84,4,14.65,16.0,LOW
Anna Nagar Center,2026-07-18,11,5,100,35,65,8,19.94,35.0,LOW
Anna Nagar Center,2026-07-18,12,5,100,88,12,19,83.62,88.0,HIGH
Anna Nagar Center,2026-07-18,13,5,100,77,23,31,78.38,77.0,MEDIUM
Anna Nagar Center,2026-07-18,14,5,100,82,18,28,85.3,82.0,HIGH
Anna Nagar Center,2026-07-18,15,5,100,76,24,22,70.86,76.0,MEDIUM
Anna Nagar Center,2026-07-18,16,5,100,83,17,42,79.36,83.0,HIGH
Anna Nagar Center,2026-07-18,17,5,100,75,25,29,80.81,75.0,MEDIUM
Anna Nagar Center,2026-07-18,18,5,100,83,17,38,88.85,83.0,HIGH
Anna Nagar Center,2026-07-18,19,5,100,80,20,37,71.89,80.0,HIGH
Anna Nagar Center,2026-07-18,20,5,100,91,9,27,87.15,91.0,HIGH
Anna Nagar Center,2026-07-18,21,5,100,73,27,32,77.04,73.0,MEDIUM
Anna Nagar Center,2026-07-18,22,5,100,73,27,24,73.98,73.0,MEDIUM
Anna Nagar Center,2026-07-18,23,5,100,34,66,16,30.13,34.0,LOW
Guindy Corporate Park,2026-07-18,0,5,180,26,154,11,18.71,14.44,LOW
Guindy Corporate Park,2026-07-18,1,5,180,10,170,2,5.0,5.56,LOW
Guindy Corporate Park,2026-07-18,2,5,180,22,158,5,23.36,12.22,LOW
Guindy Corporate Park,2026-07-18,3,5,180,27,153,12,11.24,15.0,LOW
Guindy Corporate Park,2026-07-18,4,5,180,26,154,8,10.72,14.44,LOW
Guindy Corporate Park,2026-07-18,5,5,180,19,161,6,8.06,10.56,LOW
Guindy Corporate Park,2026-07-18,6,5,180,28,152,8,21.58,15.56,LOW
Guindy Corporate Park,2026-07-18,7,5,180,6,174,3,5.0,3.33,LOW
Guindy Corporate Park,2026-07-18,8,5,180,34,146,16,21.0,18.89,LOW
Guindy Corporate Park,2026-07-18,9,5,180,23,157,6,5.08,12.78,LOW
Guindy Corporate Park,2026-07-18,10,5,180,24,156,10,20.31,13.33,LOW
Guindy Corporate Park,2026-07-18,11,5,180,13,167,4,11.33,7.22,LOW
Guindy Corporate Park,2026-07-18,12,5,180,21,159,5,14.52,11.67,LOW
Guindy Corporate Park,2026-07-18,13,5,180,17,163,4,6.21,9.44,LOW
Guindy Corporate Park,2026-07-18,14,5,180,20,160,9,10.87,11.11,LOW
Guindy Corporate Park,2026-07-18,15,5,180,29,151,14,11.83,16.11,LOW
Guindy Corporate Park,2026-07-18,16,5,180,44,136,21,23.67,24.44,LOW
Guindy Corporate Park,2026-07-18,17,5,180,23,157,11,7.48,12.78,LOW
Guindy Corporate Park,2026-07-18,18,5,180,26,154,6,22.09,14.44,LOW
Guindy Corporate Park,2026-07-18,19,5,180,14,166,3,9.41,7.78,LOW
Guindy Corporate Park,2026-07-18,20,5,180,42,138,15,19.29,23.33,LOW
Guindy Corporate Park,2026-07-18,21,5,180,9,171,3,5.0,5.0,LOW
Guindy Corporate Park,2026-07-18,22,5,180,17,163,8,19.75,9.44,LOW
Guindy Corporate Park,2026-07-18,23,5,180,12,168,5,15.49,6.67,LOW
Chennai Mall,2026-07-19,0,6,150,29,121,8,14.52,19.33,LOW
Chennai Mall,2026-07-19,1,6,150,39,111,14,25.81,26.0,LOW
Chennai Mall,2026-07-19,2,6,150,9,141,2,5.0,6.0,LOW
Chennai Mall,2026-07-19,3,6,150,7,143,2,5.0,4.67,LOW
Chennai Mall,2026-07-19,4,6,150,20,130,8,11.55,13.33,LOW
Chennai Mall,2026-07-19,5,6,150,22,128,10,9.17,14.67,LOW
Chennai Mall,2026-07-19,6,6,150,20,130,9,11.54,13.33,LOW
Chennai Mall,2026-07-19,7,6,150,22,128,7,10.92,14.67,LOW
Chennai Mall,2026-07-19,8,6,150,10,140,4,5.03,6.67,LOW
Chennai Mall,2026-07-19,9,6,150,41,109,19,25.8,27.33,LOW
Chennai Mall,2026-07-19,10,6,150,30,120,12,8.9,20.0,LOW
Chennai Mall,2026-07-19,11,6,150,118,32,35,82.24,78.67,MEDIUM
Chennai Mall,2026-07-19,12,6,150,124,26,61,75.87,82.67,HIGH
Chennai Mall,2026-07-19,13,6,150,127,23,31,90.39,84.67,HIGH
Chennai Mall,2026-07-19,14,6,150,117,33,45,76.58,78.0,MEDIUM
Chennai Mall,2026-07-19,15,6,150,137,13,33,98.0,91.33,HIGH
Chennai Mall,2026-07-19,16,6,150,133,17,65,87.4,88.67,HIGH
Chennai Mall,2026-07-19,17,6,150,132,18,42,93.66,88.0,HIGH
Chennai Mall,2026-07-19,18,6,150,148,2,54,86.5,98.67,HIGH
Chennai Mall,2026-07-19,19,6,150,133,17,28,98.0,88.67,HIGH
Chennai Mall,2026-07-19,20,6,150,143,7,53,90.59,95.33,HIGH
Chennai Mall,2026-07-19,21,6,150,148,2,35,91.24,98.67,HIGH
Chennai Mall,2026-07-19,22,6,150,57,93,14,46.78,38.0,LOW
Chennai Mall,2026-07-19,23,6,150,49,101,24,37.82,32.67,LOW
T Nagar Commercial Hub,2026-07-19,0,6,120,51,69,22,39.5,42.5,LOW
T Nagar Commercial Hub,2026-07-19,1,6,120,18,102,5,25.52,15.0,LOW
T Nagar Commercial Hub,2026-07-19,2,6,120,33,87,15,36.38,27.5,LOW
T Nagar Commercial Hub,2026-07-19,3,6,120,45,75,16,48.81,37.5,LOW
T Nagar Commercial Hub,2026-07-19,4,6,120,41,79,14,33.48,34.17,LOW
T Nagar Commercial Hub,2026-07-19,5,6,120,26,94,10,19.82,21.67,LOW
T Nagar Commercial Hub,2026-07-19,6,6,120,55,65,19,41.41,45.83,LOW
T Nagar Commercial Hub,2026-07-19,7,6,120,55,65,18,43.31,45.83,LOW
T Nagar Commercial Hub,2026-07-19,8,6,120,39,81,15,35.18,32.5,LOW
T Nagar Commercial Hub,2026-07-19,9,6,120,33,87,15,26.89,27.5,LOW
T Nagar Commercial Hub,2026-07-19,10,6,120,42,78,18,35.1,35.0,LOW
T Nagar Commercial Hub,2026-07-19,11,6,120,113,7,47,85.17,94.17,HIGH
T Nagar Commercial Hub,2026-07-19,12,6,120,102,18,44,82.46,85.0,HIGH
T Nagar Commercial Hub,2026-07-19,13,6,120,114,6,36,98.0,95.0,HIGH
T Nagar Commercial Hub,2026-07-19,14,6,120,110,10,34,81.71,91.67,HIGH
T Nagar Commercial Hub,2026-07-19,15,6,120,91,29,19,78.74,75.83,MEDIUM
T Nagar Commercial Hub,2026-07-19,16,6,120,105,15,30,81.37,87.5,HIGH
T Nagar Commercial Hub,2026-07-19,17,6,120,109,11,43,92.04,90.83,HIGH
T Nagar Commercial Hub,2026-07-19,18,6,120,112,8,32,94.49,93.33,HIGH
T Nagar Commercial Hub,2026-07-19,19,6,120,106,14,28,83.47,88.33,HIGH
T Nagar Commercial Hub,2026-07-19,20,6,120,111,9,53,90.13,92.5,HIGH
T Nagar Commercial Hub,2026-07-19,21,6,120,95,25,39,73.67,79.17,MEDIUM
T Nagar Commercial Hub,2026-07-19,22,6,120,44,76,10,36.17,36.67,LOW
T Nagar Commercial Hub,2026-07-19,23,6,120,40,80,13,37.52,33.33,LOW
Velachery Metro Station,2026-07-19,0,6,200,36,164,12,18.86,18.0,LOW
Velachery Metro Station,2026-07-19,1,6,200,53,147,17,26.99,26.5,LOW
Velachery Metro Station,2026-07-19,2,6,200,71,129,35,38.41,35.5,LOW
Velachery Metro Station,2026-07-19,3,6,200,48,152,10,29.94,24.0,LOW
Velachery Metro Station,2026-07-19,4,6,200,98,102,48,51.15,49.0,LOW
Velachery Metro Station,2026-07-19,5,6,200,42,158,12,27.16,21.0,LOW
Velachery Metro Station,2026-07-19,6,6,200,78,122,32,41.13,39.0,LOW
Velachery Metro Station,2026-07-19,7,6,200,49,151,15,29.43,24.5,LOW
Velachery Metro Station,2026-07-19,8,6,200,53,147,18,30.32,26.5,LOW
Velachery Metro Station,2026-07-19,9,6,200,58,142,13,31.84,29.0,LOW
Velachery Metro Station,2026-07-19,10,6,200,52,148,26,21.3,26.0,LOW
Velachery Metro Station,2026-07-19,11,6,200,29,171,9,17.18,14.5,LOW
Velachery Metro Station,2026-07-19,12,6,200,56,144,17,34.04,28.0,LOW
Velachery Metro Station,2026-07-19,13,6,200,62,138,14,31.21,31.0,LOW
Velachery Metro Station,2026-07-19,14,6,200,56,144,24,30.02,28.0,LOW
Velachery Metro Station,2026-07-19,15,6,200,56,144,14,33.56,28.0,LOW
Velachery Metro Station,2026-07-19,16,6,200,101,99,37,43.27,50.5,MEDIUM
Velachery Metro Station,2026-07-19,17,6,200,57,143,24,30.7,28.5,LOW
Velachery Metro Station,2026-07-19,18,6,200,62,138,30,24.52,31.0,LOW
Velachery Metro Station,2026-07-19,19,6,200,49,151,12,30.76,24.5,LOW
Velachery Metro Station,2026-07-19,20,6,200,86,114,38,37.64,43.0,LOW
Velachery Metro Station,2026-07-19,21,6,200,45,155,14,15.42,22.5,LOW
Velachery Metro Station,2026-07-19,22,6,200,61,139,15,31.84,30.5,LOW
Velachery Metro Station,2026-07-19,23,6,200,82,118,21,41.73,41.0,LOW
OMR IT Park,2026-07-19,0,6,300,37,263,10,15.83,12.33,LOW
OMR IT Park,2026-07-19,1,6,300,60,240,17,14.1,20.0,LOW
OMR IT Park,2026-07-19,2,6,300,46,254,23,8.39,15.33,LOW
OMR IT Park,2026-07-19,3,6,300,48,252,17,10.58,16.0,LOW
OMR IT Park,2026-07-19,4,6,300,24,276,11,7.27,8.0,LOW
OMR IT Park,2026-07-19,5,6,300,46,254,21,17.68,15.33,LOW
OMR IT Park,2026-07-19,6,6,300,18,282,6,5.54,6.0,LOW
OMR IT Park,2026-07-19,7,6,300,32,268,15,24.61,10.67,LOW
OMR IT Park,2026-07-19,8,6,300,14,286,6,13.12,4.67,LOW
OMR IT Park,2026-07-19,9,6,300,24,276,6,5.0,8.0,LOW
OMR IT Park,2026-07-19,10,6,300,43,257,11,16.84,14.33,LOW
OMR IT Park,2026-07-19,11,6,300,25,275,10,15.11,8.33,LOW
OMR IT Park,2026-07-19,12,6,300,64,236,19,16.69,21.33,LOW
OMR IT Park,2026-07-19,13,6,300,30,270,8,15.3,10.0,LOW
OMR IT Park,2026-07-19,14,6,300,44,256,19,25.58,14.67,LOW
OMR IT Park,2026-07-19,15,6,300,40,260,12,15.04,13.33,LOW
OMR IT Park,2026-07-19,16,6,300,39,261,10,12.46,13.0,LOW
OMR IT Park,2026-07-19,17,6,300,35,265,14,9.64,11.67,LOW
OMR IT Park,2026-07-19,18,6,300,25,275,12,7.6,8.33,LOW
OMR IT Park,2026-07-19,19,6,300,26,274,6,8.82,8.67,LOW
OMR IT Park,2026-07-19,20,6,300,34,266,8,14.95,11.33,LOW
OMR IT Park,2026-07-19,21,6,300,24,276,9,6.98,8.0,LOW
OMR IT Park,2026-07-19,22,6,300,29,271,13,12.06,9.67,LOW
OMR IT Park,2026-07-19,23,6,300,41,259,12,14.34,13.67,LOW
Anna Nagar Center,2026-07-19,0,6,100,16,84,4,16.48,16.0,LOW
Anna Nagar Center,2026-07-19,1,6,100,30,70,15,32.84,30.0,LOW
Anna Nagar Center,2026-07-19,2,6,100,36,64,11,38.27,36.0,LOW
Anna Nagar Center,2026-07-19,3,6,100,20,80,8,23.92,20.0,LOW
Anna Nagar Center,2026-07-19,4,6,100,32,68,8,30.32,32.0,LOW
Anna Nagar Center,2026-07-19,5,6,100,21,79,6,23.57,21.0,LOW
Anna Nagar Center,2026-07-19,6,6,100,29,71,7,31.92,29.0,LOW
Anna Nagar Center,2026-07-19,7,6,100,31,69,9,33.02,31.0,LOW
Anna Nagar Center,2026-07-19,8,6,100,36,64,8,42.83,36.0,LOW
Anna Nagar Center,2026-07-19,9,6,100,25,75,8,24.79,25.0,LOW
Anna Nagar Center,2026-07-19,10,6,100,14,86,6,15.81,14.0,LOW
Anna Nagar Center,2026-07-19,11,6,100,22,78,10,18.27,22.0,LOW
Anna Nagar Center,2026-07-19,12,6,100,83,17,28,88.88,83.0,HIGH
Anna Nagar Center,2026-07-19,13,6,100,93,7,42,93.12,93.0,HIGH
Anna Nagar Center,2026-07-19,14,6,100,81,19,41,90.19,81.0,HIGH
Anna Nagar Center,2026-07-19,15,6,100,71,29,17,79.46,71.0,MEDIUM
Anna Nagar Center,2026-07-19,16,6,100,86,14,31,73.42,86.0,HIGH
Anna Nagar Center,2026-07-19,17,6,100,81,19,36,76.79,81.0,HIGH
Anna Nagar Center,2026-07-19,18,6,100,76,24,35,62.26,76.0,MEDIUM
Anna Nagar Center,2026-07-19,19,6,100,86,14,29,87.79,86.0,HIGH
Anna Nagar Center,2026-07-19,20,6,100,92,8,43,85.89,92.0,HIGH
Anna Nagar Center,2026-07-19,21,6,100,93,7,21,88.88,93.0,HIGH
Anna Nagar Center,2026-07-19,22,6,100,78,22,19,75.48,78.0,MEDIUM
Anna Nagar Center,2026-07-19,23,6,100,27,73,13,22.71,27.0,LOW
Guindy Corporate Park,2026-07-19,0,6,180,35,145,14,18.75,19.44,LOW
Guindy Corporate Park,2026-07-19,1,6,180,36,144,11,26.46,20.0,LOW
Guindy Corporate Park,2026-07-19,2,6,180,37,143,11,21.38,20.56,LOW
Guindy Corporate Park,2026-07-19,3,6,180,27,153,12,12.46,15.0,LOW
Guindy Corporate Park,2026-07-19,4,6,180,19,161,8,5.0,10.56,LOW
Guindy Corporate Park,2026-07-19,5,6,180,43,137,13,23.44,23.89,LOW
Guindy Corporate Park,2026-07-19,6,6,180,36,144,17,15.38,20.0,LOW
Guindy Corporate Park,2026-07-19,7,6,180,21,159,7,12.8,11.67,LOW
Guindy Corporate Park,2026-07-19,8,6,180,25,155,10,12.51,13.89,LOW
Guindy Corporate Park,2026-07-19,9,6,180,23,157,7,16.21,12.78,LOW
Guindy Corporate Park,2026-07-19,10,6,180,42,138,20,14.99,23.33,LOW
Guindy Corporate Park,2026-07-19,11,6,180,43,137,14,18.23,23.89,LOW
Guindy Corporate Park,2026-07-19,12,6,180,24,156,6,6.69,13.33,LOW
Guindy Corporate Park,2026-07-19,13,6,180,16,164,3,6.84,8.89,LOW
Guindy Corporate Park,2026-07-19,14,6,180,25,155,6,5.52,13.89,LOW
Guindy Corporate Park,2026-07-19,15,6,180,18,162,4,6.25,10.0,LOW
Guindy Corporate Park,2026-07-19,16,6,180,14,166,4,12.11,7.78,LOW
Guindy Corporate Park,2026-07-19,17,6,180,10,170,5,11.47,5.56,LOW
Guindy Corporate Park,2026-07-19,18,6,180,17,163,9,7.19,9.44,LOW
Guindy Corporate Park,2026-07-19,19,6,180,21,159,6,6.61,11.67,LOW
Guindy Corporate Park,2026-07-19,20,6,180,29,151,10,16.9,16.11,LOW
Guindy Corporate Park,2026-07-19,21,6,180,33,147,12,22.75,18.33,LOW
Guindy Corporate Park,2026-07-19,22,6,180,14,166,3,5.0,7.78,LOW
Guindy Corporate Park,2026-07-19,23,6,180,27,153,6,24.52,15.0,LOW
Chennai Mall,2026-07-20,0,0,150,8,142,3,5.68,5.33,LOW
Chennai Mall,2026-07-20,1,0,150,24,126,8,21.48,16.0,LOW
Chennai Mall,2026-07-20,2,0,150,26,124,6,11.62,17.33,LOW
Chennai Mall,2026-07-20,3,0,150,15,135,7,5.0,10.0,LOW
Chennai Mall,2026-07-20,4,0,150,15,135,4,5.2,10.0,LOW
Chennai Mall,2026-07-20,5,0,150,3,147,1,5.0,2.0,LOW
Chennai Mall,2026-07-20,6,0,150,16,134,3,5.84,10.67,LOW
Chennai Mall,2026-07-20,7,0,150,42,108,19,19.1,28.0,LOW
Chennai Mall,2026-07-20,8,0,150,19,131,5,13.17,12.67,LOW
Chennai Mall,2026-07-20,9,0,150,34,116,14,27.77,22.67,LOW
Chennai Mall,2026-07-20,10,0,150,33,117,16,25.0,22.0,LOW
Chennai Mall,2026-07-20,11,0,150,20,130,8,5.68,13.33,LOW
Chennai Mall,2026-07-20,12,0,150,68,82,24,59.21,45.33,LOW
Chennai Mall,2026-07-20,13,0,150,88,62,38,63.81,58.67,MEDIUM
Chennai Mall,2026-07-20,14,0,150,70,80,16,47.06,46.67,LOW
Chennai Mall,2026-07-20,15,0,150,89,61,32,54.98,59.33,MEDIUM
Chennai Mall,2026-07-20,16,0,150,20,130,9,18.1,13.33,LOW
Chennai Mall,2026-07-20,17,0,150,122,28,39,75.01,81.33,HIGH
Chennai Mall,2026-07-20,18,0,150,113,37,43,78.92,75.33,MEDIUM
Chennai Mall,2026-07-20,19,0,150,110,40,42,68.88,73.33,MEDIUM
Chennai Mall,2026-07-20,20,0,150,117,33,24,72.36,78.0,MEDIUM
Chennai Mall,2026-07-20,21,0,150,112,38,29,70.75,74.67,MEDIUM
Chennai Mall,2026-07-20,22,0,150,36,114,15,22.44,24.0,LOW
Chennai Mall,2026-07-20,23,0,150,56,94,26,24.19,37.33,LOW
T Nagar Commercial Hub,2026-07-20,0,0,120,9,111,2,7.4,7.5,LOW
T Nagar Commercial Hub,2026-07-20,1,0,120,23,97,8,10.67,19.17,LOW
T Nagar Commercial Hub,2026-07-20,2,0,120,18,102,5,7.33,15.0,LOW
T Nagar Commercial Hub,2026-07-20,3,0,120,18,102,4,5.29,15.0,LOW
T Nagar Commercial Hub,2026-07-20,4,0,120,9,111,2,7.36,7.5,LOW
T Nagar Commercial Hub,2026-07-20,5,0,120,20,100,7,20.33,16.67,LOW
T Nagar Commercial Hub,2026-07-20,6,0,120,9,111,4,7.06,7.5,LOW
T Nagar Commercial Hub,2026-07-20,7,0,120,15,105,6,15.82,12.5,LOW
T Nagar Commercial Hub,2026-07-20,8,0,120,8,112,2,8.99,6.67,LOW
T Nagar Commercial Hub,2026-07-20,9,0,120,12,108,3,21.54,10.0,LOW
T Nagar Commercial Hub,2026-07-20,10,0,120,73,47,18,64.36,60.83,MEDIUM
T Nagar Commercial Hub,2026-07-20,11,0,120,102,18,35,88.72,85.0,HIGH
T Nagar Commercial Hub,2026-07-20,12,0,120,91,29,24,74.67,75.83,MEDIUM
T Nagar Commercial Hub,2026-07-20,13,0,120,79,41,29,63.03,65.83,MEDIUM
T Nagar Commercial Hub,2026-07-20,14,0,120,71,49,21,60.45,59.17,MEDIUM
T Nagar Commercial Hub,2026-07-20,15,0,120,100,20,50,92.83,83.33,HIGH
T Nagar Commercial Hub,2026-07-20,16,0,120,99,21,41,78.75,82.5,HIGH
T Nagar Commercial Hub,2026-07-20,17,0,120,88,32,30,72.92,73.33,MEDIUM
T Nagar Commercial Hub,2026-07-20,18,0,120,75,45,15,59.85,62.5,MEDIUM
T Nagar Commercial Hub,2026-07-20,19,0,120,104,16,39,88.49,86.67,HIGH
T Nagar Commercial Hub,2026-07-20,20,0,120,63,57,26,53.17,52.5,MEDIUM
T Nagar Commercial Hub,2026-07-20,21,0,120,50,70,17,41.95,41.67,LOW
T Nagar Commercial Hub,2026-07-20,22,0,120,60,60,17,42.65,50.0,MEDIUM
T Nagar Commercial Hub,2026-07-20,23,0,120,20,100,8,12.26,16.67,LOW
Velachery Metro Station,2026-07-20,0,0,200,34,166,16,15.41,17.0,LOW
Velachery Metro Station,2026-07-20,1,0,200,26,174,7,19.78,13.0,LOW
Velachery Metro Station,2026-07-20,2,0,200,32,168,10,23.57,16.0,LOW
Velachery Metro Station,2026-07-20,3,0,200,26,174,6,15.07,13.0,LOW
Velachery Metro Station,2026-07-20,4,0,200,33,167,14,5.85,16.5,LOW
Velachery Metro Station,2026-07-20,5,0,200,42,158,10,19.14,21.0,LOW
Velachery Metro Station,2026-07-20,6,0,200,16,184,5,10.14,8.0,LOW
Velachery Metro Station,2026-07-20,7,0,200,168,32,63,76.14,84.0,HIGH
Velachery Metro Station,2026-07-20,8,0,200,166,34,63,86.53,83.0,HIGH
Velachery Metro Station,2026-07-20,9,0,200,199,1,57,98.0,99.5,HIGH
Velachery Metro Station,2026-07-20,10,0,200,179,21,48,98.0,89.5,HIGH
Velachery Metro Station,2026-07-20,11,0,200,177,23,61,80.44,88.5,HIGH
Velachery Metro Station,2026-07-20,12,0,200,176,24,59,85.39,88.0,HIGH
Velachery Metro Station,2026-07-20,13,0,200,173,27,40,87.75,86.5,HIGH
Velachery Metro Station,2026-07-20,14,0,200,169,31,71,77.28,84.5,HIGH
Velachery Metro Station,2026-07-20,15,0,200,150,50,74,69.86,75.0,MEDIUM
Velachery Metro Station,2026-07-20,16,0,200,165,35,72,89.92,82.5,HIGH
Velachery Metro Station,2026-07-20,17,0,200,184,16,84,98.0,92.0,HIGH
Velachery Metro Station,2026-07-20,18,0,200,198,2,87,93.42,99.0,HIGH
Velachery Metro Station,2026-07-20,19,0,200,195,5,55,87.36,97.5,HIGH
Velachery Metro Station,2026-07-20,20,0,200,181,19,72,91.3,90.5,HIGH
Velachery Metro Station,2026-07-20,21,0,200,107,93,41,44.08,53.5,MEDIUM
Velachery Metro Station,2026-07-20,22,0,200,88,112,25,41.62,44.0,LOW
Velachery Metro Station,2026-07-20,23,0,200,86,114,18,39.91,43.0,LOW
OMR IT Park,2026-07-20,0,0,300,9,291,2,5.0,3.0,LOW
OMR IT Park,2026-07-20,1,0,300,19,281,8,10.43,6.33,LOW
OMR IT Park,2026-07-20,2,0,300,12,288,3,5.0,4.0,LOW
OMR IT Park,2026-07-20,3,0,300,29,271,6,11.11,9.67,LOW
OMR IT Park,2026-07-20,4,0,300,15,285,7,5.0,5.0,LOW
OMR IT Park,2026-07-20,5,0,300,18,282,5,5.0,6.0,LOW
OMR IT Park,2026-07-20,6,0,300,18,282,5,5.0,6.0,LOW
OMR IT Park,2026-07-20,7,0,300,8,292,3,6.97,2.67,LOW
OMR IT Park,2026-07-20,8,0,300,261,39,124,87.78,87.0,HIGH
OMR IT Park,2026-07-20,9,0,300,217,83,76,79.36,72.33,MEDIUM
OMR IT Park,2026-07-20,10,0,300,222,78,104,68.25,74.0,MEDIUM
OMR IT Park,2026-07-20,11,0,300,264,36,107,88.66,88.0,HIGH
OMR IT Park,2026-07-20,12,0,300,256,44,89,82.89,85.33,HIGH
OMR IT Park,2026-07-20,13,0,300,244,56,53,76.95,81.33,HIGH
OMR IT Park,2026-07-20,14,0,300,282,18,121,94.27,94.0,HIGH
OMR IT Park,2026-07-20,15,0,300,261,39,54,81.17,87.0,HIGH
OMR IT Park,2026-07-20,16,0,300,288,12,112,87.54,96.0,HIGH
OMR IT Park,2026-07-20,17,0,300,204,96,66,72.36,68.0,MEDIUM
OMR IT Park,2026-07-20,18,0,300,182,118,78,57.81,60.67,MEDIUM
OMR IT Park,2026-07-20,19,0,300,171,129,59,61.4,57.0,MEDIUM
OMR IT Park,2026-07-20,20,0,300,60,240,14,8.93,20.0,LOW
OMR IT Park,2026-07-20,21,0,300,88,212,19,36.22,29.33,LOW
OMR IT Park,2026-07-20,22,0,300,104,196,24,36.61,34.67,LOW
OMR IT Park,2026-07-20,23,0,300,12,288,3,5.0,4.0,LOW
Anna Nagar Center,2026-07-20,0,0,100,18,82,8,19.08,18.0,LOW
Anna Nagar Center,2026-07-20,1,0,100,7,93,2,14.1,7.0,LOW
Anna Nagar Center,2026-07-20,2,0,100,3,97,1,5.0,3.0,LOW
Anna Nagar Center,2026-07-20,3,0,100,10,90,3,7.87,10.0,LOW
Anna Nagar Center,2026-07-20,4,0,100,8,92,2,9.14,8.0,LOW
Anna Nagar Center,2026-07-20,5,0,100,2,98,1,5.0,2.0,LOW
Anna Nagar Center,2026-07-20,6,0,100,17,83,8,18.5,17.0,LOW
Anna Nagar Center,2026-07-20,7,0,100,15,85,7,7.75,15.0,LOW
Anna Nagar Center,2026-07-20,8,0,100,63,37,14,57.21,63.0,MEDIUM
Anna Nagar Center,2026-07-20,9,0,100,62,38,29,61.08,62.0,MEDIUM
Anna Nagar Center,2026-07-20,10,0,100,62,38,21,66.03,62.0,MEDIUM
Anna Nagar Center,2026-07-20,11,0,100,57,43,14,61.46,57.0,MEDIUM
Anna Nagar Center,2026-07-20,12,0,100,90,10,28,86.1,90.0,HIGH
Anna Nagar Center,2026-07-20,13,0,100,74,26,18,79.82,74.0,MEDIUM
Anna Nagar Center,2026-07-20,14,0,100,84,16,21,87.66,84.0,HIGH
Anna Nagar Center,2026-07-20,15,0,100,70,30,31,73.02,70.0,MEDIUM
Anna Nagar Center,2026-07-20,16,0,100,46,54,15,44.35,46.0,LOW
Anna Nagar Center,2026-07-20,17,0,100,57,43,14,45.38,57.0,MEDIUM
Anna Nagar Center,2026-07-20,18,0,100,67,33,27,78.97,67.0,MEDIUM
Anna Nagar Center,2026-07-20,19,0,100,80,20,16,84.66,80.0,HIGH
Anna Nagar Center,2026-07-20,20,0,100,80,20,33,89.63,80.0,HIGH
Anna Nagar Center,2026-07-20,21,0,100,74,26,20,67.88,74.0,MEDIUM
Anna Nagar Center,2026-07-20,22,0,100,4,96,2,8.13,4.0,LOW
Anna Nagar Center,2026-07-20,23,0,100,2,98,0,5.0,2.0,LOW
Guindy Corporate Park,2026-07-20,0,0,180,7,173,2,5.0,3.89,LOW
Guindy Corporate Park,2026-07-20,1,0,180,18,162,8,13.57,10.0,LOW
Guindy Corporate Park,2026-07-20,2,0,180,4,176,1,5.09,2.22,LOW
Guindy Corporate Park,2026-07-20,3,0,180,9,171,4,5.0,5.0,LOW
Guindy Corporate Park,2026-07-20,4,0,180,10,170,3,5.0,5.56,LOW
Guindy Corporate Park,2026-07-20,5,0,180,11,169,3,10.42,6.11,LOW
Guindy Corporate Park,2026-07-20,6,0,180,9,171,4,5.0,5.0,LOW
Guindy Corporate Park,2026-07-20,7,0,180,13,167,4,10.99,7.22,LOW
Guindy Corporate Park,2026-07-20,8,0,180,119,61,36,76.72,66.11,MEDIUM
Guindy Corporate Park,2026-07-20,9,0,180,166,14,53,86.02,92.22,HIGH
Guindy Corporate Park,2026-07-20,10,0,180,136,44,60,73.5,75.56,MEDIUM
Guindy Corporate Park,2026-07-20,11,0,180,154,26,37,82.83,85.56,HIGH
Guindy Corporate Park,2026-07-20,12,0,180,155,25,50,76.55,86.11,HIGH
Guindy Corporate Park,2026-07-20,13,0,180,142,38,54,82.71,78.89,MEDIUM
Guindy Corporate Park,2026-07-20,14,0,180,156,24,61,89.07,86.67,HIGH
Guindy Corporate Park,2026-07-20,15,0,180,167,13,64,79.92,92.78,HIGH
Guindy Corporate Park,2026-07-20,16,0,180,143,37,58,77.85,79.44,MEDIUM
Guindy Corporate Park,2026-07-20,17,0,180,120,60,55,68.74,66.67,MEDIUM
Guindy Corporate Park,2026-07-20,18,0,180,112,68,31,57.05,62.22,MEDIUM
Guindy Corporate Park,2026-07-20,19,0,180,103,77,42,59.36,57.22,MEDIUM
Guindy Corporate Park,2026-07-20,20,0,180,35,145,14,22.56,19.44,LOW
Guindy Corporate Park,2026-07-20,21,0,180,42,138,10,23.93,23.33,LOW
Guindy Corporate Park,2026-07-20,22,0,180,65,115,27,35.08,36.11,LOW
Guindy Corporate Park,2026-07-20,23,0,180,4,176,1,5.0,2.22,LOW
Chennai Mall,2026-07-21,0,1,150,23,127,9,18.22,15.33,LOW
Chennai Mall,2026-07-21,1,1,150,12,138,4,7.67,8.0,LOW
Chennai Mall,2026-07-21,2,1,150,21,129,8,16.46,14.0,LOW
Chennai Mall,2026-07-21,3,1,150,25,125,10,16.73,16.67,LOW
Chennai Mall,2026-07-21,4,1,150,27,123,13,8.46,18.0,LOW
Chennai Mall,2026-07-21,5,1,150,9,141,4,8.06,6.0,LOW
Chennai Mall,2026-07-21,6,1,150,31,119,8,15.71,20.67,LOW
Chennai Mall,2026-07-21,7,1,150,11,139,3,11.07,7.33,LOW
Chennai Mall,2026-07-21,8,1,150,7,143,3,5.0,4.67,LOW
Chennai Mall,2026-07-21,9,1,150,11,139,4,7.71,7.33,LOW
Chennai Mall,2026-07-21,10,1,150,27,123,8,18.53,18.0,LOW
Chennai Mall,2026-07-21,11,1,150,10,140,2,8.26,6.67,LOW
Chennai Mall,2026-07-21,12,1,150,81,69,30,49.28,54.0,MEDIUM
Chennai Mall,2026-07-21,13,1,150,75,75,28,54.05,50.0,MEDIUM
Chennai Mall,2026-07-21,14,1,150,87,63,39,46.3,58.0,MEDIUM
Chennai Mall,2026-07-21,15,1,150,56,94,23,46.78,37.33,LOW
Chennai Mall,2026-07-21,16,1,150,5,145,1,6.88,3.33,LOW
Chennai Mall,2026-07-21,17,1,150,126,24,45,83.07,84.0,HIGH
Chennai Mall,2026-07-21,18,1,150,111,39,23,83.12,74.0,MEDIUM
Chennai Mall,2026-07-21,19,1,150,102,48,49,64.42,68.0,MEDIUM
Chennai Mall,2026-07-21,20,1,150,119,31,44,81.72,79.33,MEDIUM
Chennai Mall,2026-07-21,21,1,150,130,20,31,69.13,86.67,HIGH
Chennai Mall,2026-07-21,22,1,150,36,114,17,22.39,24.0,LOW
Chennai Mall,2026-07-21,23,1,150,32,118,13,24.47,21.33,LOW
T Nagar Commercial Hub,2026-07-21,0,1,120,12,108,3,9.46,10.0,LOW
T Nagar Commercial Hub,2026-07-21,1,1,120,5,115,1,5.0,4.17,LOW
T Nagar Commercial Hub,2026-07-21,2,1,120,21,99,9,9.63,17.5,LOW
T Nagar Commercial Hub,2026-07-21,3,1,120,18,102,6,9.83,15.0,LOW
T Nagar Commercial Hub,2026-07-21,4,1,120,14,106,6,9.12,11.67,LOW
T Nagar Commercial Hub,2026-07-21,5,1,120,2,118,1,5.7,1.67,LOW
T Nagar Commercial Hub,2026-07-21,6,1,120,20,100,7,12.92,16.67,LOW
T Nagar Commercial Hub,2026-07-21,7,1,120,17,103,5,6.54,14.17,LOW
T Nagar Commercial Hub,2026-07-21,8,1,120,23,97,9,10.4,19.17,LOW
T Nagar Commercial Hub,2026-07-21,9,1,120,14,106,3,21.82,11.67,LOW
T Nagar Commercial Hub,2026-07-21,10,1,120,74,46,17,71.61,61.67,MEDIUM
T Nagar Commercial Hub,2026-07-21,11,1,120,95,25,26,90.02,79.17,MEDIUM
T Nagar Commercial Hub,2026-07-21,12,1,120,80,40,21,63.25,66.67,MEDIUM
T Nagar Commercial Hub,2026-07-21,13,1,120,89,31,30,76.07,74.17,MEDIUM
T Nagar Commercial Hub,2026-07-21,14,1,120,95,25,44,83.96,79.17,MEDIUM
T Nagar Commercial Hub,2026-07-21,15,1,120,96,24,37,73.01,80.0,HIGH
T Nagar Commercial Hub,2026-07-21,16,1,120,99,21,40,83.06,82.5,HIGH
T Nagar Commercial Hub,2026-07-21,17,1,120,93,27,41,75.06,77.5,MEDIUM
T Nagar Commercial Hub,2026-07-21,18,1,120,102,18,45,76.08,85.0,HIGH
T Nagar Commercial Hub,2026-07-21,19,1,120,94,26,39,79.03,78.33,MEDIUM
T Nagar Commercial Hub,2026-07-21,20,1,120,69,51,23,58.22,57.5,MEDIUM
T Nagar Commercial Hub,2026-07-21,21,1,120,73,47,35,67.11,60.83,MEDIUM
T Nagar Commercial Hub,2026-07-21,22,1,120,70,50,25,64.23,58.33,MEDIUM
T Nagar Commercial Hub,2026-07-21,23,1,120,12,108,5,5.0,10.0,LOW
Velachery Metro Station,2026-07-21,0,1,200,18,182,6,12.62,9.0,LOW
Velachery Metro Station,2026-07-21,1,1,200,30,170,11,5.0,15.0,LOW
Velachery Metro Station,2026-07-21,2,1,200,20,180,6,14.31,10.0,LOW
Velachery Metro Station,2026-07-21,3,1,200,24,176,6,19.88,12.0,LOW
Velachery Metro Station,2026-07-21,4,1,200,7,193,2,15.46,3.5,LOW
Velachery Metro Station,2026-07-21,5,1,200,31,169,9,7.8,15.5,LOW
Velachery Metro Station,2026-07-21,6,1,200,35,165,17,11.74,17.5,LOW
Velachery Metro Station,2026-07-21,7,1,200,163,37,38,91.14,81.5,HIGH
Velachery Metro Station,2026-07-21,8,1,200,182,18,71,95.48,91.0,HIGH
Velachery Metro Station,2026-07-21,9,1,200,193,7,54,84.31,96.5,HIGH
Velachery Metro Station,2026-07-21,10,1,200,180,20,55,85.94,90.0,HIGH
Velachery Metro Station,2026-07-21,11,1,200,159,41,63,77.44,79.5,MEDIUM
Velachery Metro Station,2026-07-21,12,1,200,155,45,73,81.39,77.5,MEDIUM
Velachery Metro Station,2026-07-21,13,1,200,151,49,61,78.01,75.5,MEDIUM
Velachery Metro Station,2026-07-21,14,1,200,168,32,51,92.19,84.0,HIGH
Velachery Metro Station,2026-07-21,15,1,200,155,45,65,74.82,77.5,MEDIUM
Velachery Metro Station,2026-07-21,16,1,200,181,19,53,87.21,90.5,HIGH
Velachery Metro Station,2026-07-21,17,1,200,195,5,49,94.06,97.5,HIGH
Velachery Metro Station,2026-07-21,18,1,200,188,12,80,89.39,94.0,HIGH
Velachery Metro Station,2026-07-21,19,1,200,173,27,60,83.96,86.5,HIGH
Velachery Metro Station,2026-07-21,20,1,200,196,4,64,88.49,98.0,HIGH
Velachery Metro Station,2026-07-21,21,1,200,112,88,43,46.75,56.0,MEDIUM
Velachery Metro Station,2026-07-21,22,1,200,63,137,16,31.2,31.5,LOW
Velachery Metro Station,2026-07-21,23,1,200,77,123,26,39.88,38.5,LOW
OMR IT Park,2026-07-21,0,1,300,28,272,14,10.16,9.33,LOW
OMR IT Park,2026-07-21,1,1,300,28,272,9,5.67,9.33,LOW
OMR IT Park,2026-07-21,2,1,300,23,277,9,10.45,7.67,LOW
OMR IT Park,2026-07-21,3,1,300,8,292,2,5.0,2.67,LOW
OMR IT Park,2026-07-21,4,1,300,21,279,8,9.16,7.0,LOW
OMR IT Park,2026-07-21,5,1,300,8,292,2,6.77,2.67,LOW
OMR IT Park,2026-07-21,6,1,300,12,288,4,5.0,4.0,LOW
OMR IT Park,2026-07-21,7,1,300,9,291,5,5.0,3.0,LOW
OMR IT Park,2026-07-21,8,1,300,210,90,78,73.35,70.0,MEDIUM
OMR IT Park,2026-07-21,9,1,300,281,19,124,90.92,93.67,HIGH
OMR IT Park,2026-07-21,10,1,300,218,82,105,74.12,72.67,MEDIUM
OMR IT Park,2026-07-21,11,1,300,273,27,118,91.53,91.0,HIGH
OMR IT Park,2026-07-21,12,1,300,289,11,105,87.56,96.33,HIGH
OMR IT Park,2026-07-21,13,1,300,271,29,90,92.61,90.33,HIGH
OMR IT Park,2026-07-21,14,1,300,247,53,90,81.24,82.33,HIGH
OMR IT Park,2026-07-21,15,1,300,279,21,103,90.66,93.0,HIGH
OMR IT Park,2026-07-21,16,1,300,257,43,89,90.19,85.67,HIGH
OMR IT Park,2026-07-21,17,1,300,193,107,52,70.55,64.33,MEDIUM
OMR IT Park,2026-07-21,18,1,300,164,136,33,65.81,54.67,MEDIUM
OMR IT Park,2026-07-21,19,1,300,214,86,44,65.31,71.33,MEDIUM
OMR IT Park,2026-07-21,20,1,300,86,214,30,28.49,28.67,LOW
OMR IT Park,2026-07-21,21,1,300,62,238,23,20.9,20.67,LOW
OMR IT Park,2026-07-21,22,1,300,49,251,21,18.22,16.33,LOW
OMR IT Park,2026-07-21,23,1,300,8,292,4,11.38,2.67,LOW
Anna Nagar Center,2026-07-21,0,1,100,9,91,2,10.52,9.0,LOW
Anna Nagar Center,2026-07-21,1,1,100,17,83,8,13.66,17.0,LOW
Anna Nagar Center,2026-07-21,2,1,100,25,75,10,21.5,25.0,LOW
Anna Nagar Center,2026-07-21,3,1,100,20,80,4,24.27,20.0,LOW
Anna Nagar Center,2026-07-21,4,1,100,9,91,4,15.51,9.0,LOW
Anna Nagar Center,2026-07-21,5,1,100,9,91,4,7.97,9.0,LOW
Anna Nagar Center,2026-07-21,6,1,100,11,89,3,19.93,11.0,LOW
Anna Nagar Center,2026-07-21,7,1,100,4,96,2,14.35,4.0,LOW
Anna Nagar Center,2026-07-21,8,1,100,50,50,12,46.98,50.0,MEDIUM
Anna Nagar Center,2026-07-21,9,1,100,59,41,15,56.66,59.0,MEDIUM
Anna Nagar Center,2026-07-21,10,1,100,46,54,15,44.43,46.0,LOW
Anna Nagar Center,2026-07-21,11,1,100,68,32,20,67.26,68.0,MEDIUM
Anna Nagar Center,2026-07-21,12,1,100,66,34,25,64.01,66.0,MEDIUM
Anna Nagar Center,2026-07-21,13,1,100,77,23,30,67.92,77.0,MEDIUM
Anna Nagar Center,2026-07-21,14,1,100,67,33,21,75.84,67.0,MEDIUM
Anna Nagar Center,2026-07-21,15,1,100,75,25,16,72.51,75.0,MEDIUM
Anna Nagar Center,2026-07-21,16,1,100,59,41,25,59.31,59.0,MEDIUM
Anna Nagar Center,2026-07-21,17,1,100,63,37,31,55.92,63.0,MEDIUM
Anna Nagar Center,2026-07-21,18,1,100,82,18,21,84.34,82.0,HIGH
Anna Nagar Center,2026-07-21,19,1,100,67,33,27,64.58,67.0,MEDIUM
Anna Nagar Center,2026-07-21,20,1,100,88,12,30,85.71,88.0,HIGH
Anna Nagar Center,2026-07-21,21,1,100,67,33,14,67.38,67.0,MEDIUM
Anna Nagar Center,2026-07-21,22,1,100,11,89,4,15.66,11.0,LOW
Anna Nagar Center,2026-07-21,23,1,100,27,73,8,23.68,27.0,LOW
Guindy Corporate Park,2026-07-21,0,1,180,19,161,7,7.92,10.56,LOW
Guindy Corporate Park,2026-07-21,1,1,180,4,176,1,5.0,2.22,LOW
Guindy Corporate Park,2026-07-21,2,1,180,12,168,4,7.42,6.67,LOW
Guindy Corporate Park,2026-07-21,3,1,180,4,176,2,5.0,2.22,LOW
Guindy Corporate Park,2026-07-21,4,1,180,19,161,7,5.0,10.56,LOW
Guindy Corporate Park,2026-07-21,5,1,180,19,161,4,10.79,10.56,LOW
Guindy Corporate Park,2026-07-21,6,1,180,17,163,8,5.69,9.44,LOW
Guindy Corporate Park,2026-07-21,7,1,180,6,174,2,6.69,3.33,LOW
Guindy Corporate Park,2026-07-21,8,1,180,136,44,51,86.63,75.56,MEDIUM
Guindy Corporate Park,2026-07-21,9,1,180,144,36,32,80.17,80.0,HIGH
Guindy Corporate Park,2026-07-21,10,1,180,171,9,35,98.0,95.0,HIGH
Guindy Corporate Park,2026-07-21,11,1,180,155,25,75,88.54,86.11,HIGH
Guindy Corporate Park,2026-07-21,12,1,180,168,12,40,98.0,93.33,HIGH
Guindy Corporate Park,2026-07-21,13,1,180,167,13,46,94.71,92.78,HIGH
Guindy Corporate Park,2026-07-21,14,1,180,158,22,39,81.98,87.78,HIGH
Guindy Corporate Park,2026-07-21,15,1,180,152,28,42,89.06,84.44,HIGH
Guindy Corporate Park,2026-07-21,16,1,180,179,1,74,98.0,99.44,HIGH
Guindy Corporate Park,2026-07-21,17,1,180,120,60,54,63.48,66.67,MEDIUM
Guindy Corporate Park,2026-07-21,18,1,180,129,51,38,77.41,71.67,MEDIUM
Guindy Corporate Park,2026-07-21,19,1,180,96,84,35,52.39,53.33,MEDIUM
Guindy Corporate Park,2026-07-21,20,1,180,24,156,5,19.89,13.33,LOW
Guindy Corporate Park,2026-07-21,21,1,180,31,149,15,6.77,17.22,LOW
Guindy Corporate Park,2026-07-21,22,1,180,53,127,13,24.92,29.44,LOW
Guindy Corporate Park,2026-07-21,23,1,180,7,173,4,10.61,3.89,LOW
Chennai Mall,2026-07-22,0,2,150,38,112,16,14.83,25.33,LOW
Chennai Mall,2026-07-22,1,2,150,20,130,9,11.45,13.33,LOW
Chennai Mall,2026-07-22,2,2,150,27,123,10,8.65,18.0,LOW
Chennai Mall,2026-07-22,3,2,150,12,138,5,14.15,8.0,LOW
Chennai Mall,2026-07-22,4,2,150,19,131,10,9.22,12.67,LOW
Chennai Mall,2026-07-22,5,2,150,32,118,15,25.54,21.33,LOW
Chennai Mall,2026-07-22,6,2,150,12,138,5,7.66,8.0,LOW
Chennai Mall,2026-07-22,7,2,150,9,141,3,5.0,6.0,LOW
Chennai Mall,2026-07-22,8,2,150,40,110,10,11.35,26.67,LOW
Chennai Mall,2026-07-22,9,2,150,14,136,5,5.16,9.33,LOW
Chennai Mall,2026-07-22,10,2,150,13,137,4,13.46,8.67,LOW
Chennai Mall,2026-07-22,11,2,150,20,130,4,16.05,13.33,LOW
Chennai Mall,2026-07-22,12,2,150,58,92,20,35.28,38.67,LOW
Chennai Mall,2026-07-22,13,2,150,87,63,26,53.46,58.0,MEDIUM
Chennai Mall,2026-07-22,14,2,150,57,93,20,38.25,38.0,LOW
Chennai Mall,2026-07-22,15,2,150,94,56,20,58.73,62.67,MEDIUM
Chennai Mall,2026-07-22,16,2,150,37,113,13,25.3,24.67,LOW
Chennai Mall,2026-07-22,17,2,150,131,19,53,73.0,87.33,HIGH
Chennai Mall,2026-07-22,18,2,150,113,37,26,72.04,75.33,MEDIUM
Chennai Mall,2026-07-22,19,2,150,108,42,42,76.28,72.0,MEDIUM
Chennai Mall,2026-07-22,20,2,150,123,27,58,82.19,82.0,HIGH
Chennai Mall,2026-07-22,21,2,150,120,30,48,76.45,80.0,HIGH
Chennai Mall,2026-07-22,22,2,150,52,98,23,41.41,34.67,LOW
Chennai Mall,2026-07-22,23,2,150,45,105,12,23.97,30.0,LOW
T Nagar Commercial Hub,2026-07-22,0,2,120,11,109,3,5.0,9.17,LOW
T Nagar Commercial Hub,2026-07-22,1,2,120,19,101,7,5.0,15.83,LOW
T Nagar Commercial Hub,2026-07-22,2,2,120,11,109,5,15.55,9.17,LOW
T Nagar Commercial Hub,2026-07-22,3,2,120,10,110,3,5.0,8.33,LOW
T Nagar Commercial Hub,2026-07-22,4,2,120,15,105,5,5.0,12.5,LOW
T Nagar Commercial Hub,2026-07-22,5,2,120,29,91,13,12.59,24.17,LOW
T Nagar Commercial Hub,2026-07-22,6,2,120,24,96,8,23.44,20.0,LOW
T Nagar Commercial Hub,2026-07-22,7,2,120,25,95,5,18.49,20.83,LOW
T Nagar Commercial Hub,2026-07-22,8,2,120,23,97,7,14.94,19.17,LOW
T Nagar Commercial Hub,2026-07-22,9,2,120,14,106,5,17.25,11.67,LOW
T Nagar Commercial Hub,2026-07-22,10,2,120,86,34,19,69.01,71.67,MEDIUM
T Nagar Commercial Hub,2026-07-22,11,2,120,82,38,40,77.21,68.33,MEDIUM
T Nagar Commercial Hub,2026-07-22,12,2,120,80,40,21,76.67,66.67,MEDIUM
T Nagar Commercial Hub,2026-07-22,13,2,120,80,40,19,67.47,66.67,MEDIUM
T Nagar Commercial Hub,2026-07-22,14,2,120,90,30,24,75.81,75.0,MEDIUM
T Nagar Commercial Hub,2026-07-22,15,2,120,84,36,38,59.08,70.0,MEDIUM
T Nagar Commercial Hub,2026-07-22,16,2,120,87,33,29,64.29,72.5,MEDIUM
T Nagar Commercial Hub,2026-07-22,17,2,120,95,25,25,61.81,79.17,MEDIUM
T Nagar Commercial Hub,2026-07-22,18,2,120,85,35,24,69.61,70.83,MEDIUM
T Nagar Commercial Hub,2026-07-22,19,2,120,65,55,31,66.16,54.17,MEDIUM
T Nagar Commercial Hub,2026-07-22,20,2,120,45,75,20,33.88,37.5,LOW
T Nagar Commercial Hub,2026-07-22,21,2,120,53,67,25,53.93,44.17,LOW
T Nagar Commercial Hub,2026-07-22,22,2,120,42,78,13,38.54,35.0,LOW
T Nagar Commercial Hub,2026-07-22,23,2,120,13,107,5,13.77,10.83,LOW
Velachery Metro Station,2026-07-22,0,2,200,38,162,10,18.59,19.0,LOW
Velachery Metro Station,2026-07-22,1,2,200,21,179,9,5.71,10.5,LOW
Velachery Metro Station,2026-07-22,2,2,200,25,175,10,20.93,12.5,LOW
Velachery Metro Station,2026-07-22,3,2,200,20,180,8,12.81,10.0,LOW
Velachery Metro Station,2026-07-22,4,2,200,32,168,10,20.63,16.0,LOW
Velachery Metro Station,2026-07-22,5,2,200,30,170,14,5.0,15.0,LOW
Velachery Metro Station,2026-07-22,6,2,200,19,181,4,7.6,9.5,LOW
Velachery Metro Station,2026-07-22,7,2,200,175,25,41,88.96,87.5,HIGH
Velachery Metro Station,2026-07-22,8,2,200,186,14,84,94.6,93.0,HIGH
Velachery Metro Station,2026-07-22,9,2,200,167,33,69,79.71,83.5,HIGH
Velachery Metro Station,2026-07-22,10,2,200,177,23,66,95.56,88.5,HIGH
Velachery Metro Station,2026-07-22,11,2,200,170,30,39,77.99,85.0,HIGH
Velachery Metro Station,2026-07-22,12,2,200,168,32,77,81.46,84.0,HIGH
Velachery Metro Station,2026-07-22,13,2,200,136,64,64,71.88,68.0,MEDIUM
Velachery Metro Station,2026-07-22,14,2,200,165,35,48,87.91,82.5,HIGH
Velachery Metro Station,2026-07-22,15,2,200,166,34,45,81.12,83.0,HIGH
Velachery Metro Station,2026-07-22,16,2,200,137,63,56,72.0,68.5,MEDIUM
Velachery Metro Station,2026-07-22,17,2,200,186,14,91,93.3,93.0,HIGH
Velachery Metro Station,2026-07-22,18,2,200,177,23,38,79.21,88.5,HIGH
Velachery Metro Station,2026-07-22,19,2,200,173,27,81,82.39,86.5,HIGH
Velachery Metro Station,2026-07-22,20,2,200,176,24,36,98.0,88.0,HIGH
Velachery Metro Station,2026-07-22,21,2,200,63,137,20,31.24,31.5,LOW
Velachery Metro Station,2026-07-22,22,2,200,89,111,23,43.24,44.5,LOW
Velachery Metro Station,2026-07-22,23,2,200,96,104,48,45.64,48.0,LOW
OMR IT Park,2026-07-22,0,2,300,15,285,5,5.0,5.0,LOW
OMR IT Park,2026-07-22,1,2,300,10,290,3,9.52,3.33,LOW
OMR IT Park,2026-07-22,2,2,300,15,285,5,5.58,5.0,LOW
OMR IT Park,2026-07-22,3,2,300,21,279,6,5.0,7.0,LOW
OMR IT Park,2026-07-22,4,2,300,7,293,2,6.97,2.33,LOW
OMR IT Park,2026-07-22,5,2,300,11,289,5,5.0,3.67,LOW
OMR IT Park,2026-07-22,6,2,300,12,288,3,5.0,4.0,LOW
OMR IT Park,2026-07-22,7,2,300,9,291,3,5.0,3.0,LOW
OMR IT Park,2026-07-22,8,2,300,212,88,89,71.88,70.67,MEDIUM
OMR IT Park,2026-07-22,9,2,300,234,66,72,81.26,78.0,MEDIUM
OMR IT Park,2026-07-22,10,2,300,216,84,83,77.74,72.0,MEDIUM
OMR IT Park,2026-07-22,11,2,300,260,40,85,95.31,86.67,HIGH
OMR IT Park,2026-07-22,12,2,300,287,13,120,90.49,95.67,HIGH
OMR IT Park,2026-07-22,13,2,300,262,38,97,90.01,87.33,HIGH
OMR IT Park,2026-07-22,14,2,300,278,22,109,89.26,92.67,HIGH
OMR IT Park,2026-07-22,15,2,300,270,30,70,93.74,90.0,HIGH
OMR IT Park,2026-07-22,16,2,300,287,13,68,88.83,95.67,HIGH
OMR IT Park,2026-07-22,17,2,300,165,135,46,69.44,55.0,MEDIUM
OMR IT Park,2026-07-22,18,2,300,182,118,84,55.89,60.67,MEDIUM
OMR IT Park,2026-07-22,19,2,300,160,140,37,54.69,53.33,MEDIUM
OMR IT Park,2026-07-22,20,2,300,84,216,39,29.43,28.0,LOW
OMR IT Park,2026-07-22,21,2,300,61,239,19,15.74,20.33,LOW
OMR IT Park,2026-07-22,22,2,300,53,247,20,27.52,17.67,LOW
OMR IT Park,2026-07-22,23,2,300,7,293,3,9.57,2.33,LOW
Anna Nagar Center,2026-07-22,0,2,100,7,93,2,11.73,7.0,LOW
Anna Nagar Center,2026-07-22,1,2,100,11,89,4,5.0,11.0,LOW
Anna Nagar Center,2026-07-22,2,2,100,12,88,3,12.15,12.0,LOW
Anna Nagar Center,2026-07-22,3,2,100,18,82,4,21.93,18.0,LOW
Anna Nagar Center,2026-07-22,4,2,100,10,90,4,5.79,10.0,LOW
Anna Nagar Center,2026-07-22,5,2,100,5,95,2,5.0,5.0,LOW
Anna Nagar Center,2026-07-22,6,2,100,13,87,6,10.15,13.0,LOW
Anna Nagar Center,2026-07-22,7,2,100,21,79,9,15.57,21.0,LOW
Anna Nagar Center,2026-07-22,8,2,100,59,41,25,58.29,59.0,MEDIUM
Anna Nagar Center,2026-07-22,9,2,100,55,45,22,62.93,55.0,MEDIUM
Anna Nagar Center,2026-07-22,10,2,100,59,41,18,58.54,59.0,MEDIUM
Anna Nagar Center,2026-07-22,11,2,100,43,57,13,42.91,43.0,LOW
Anna Nagar Center,2026-07-22,12,2,100,87,13,19,81.01,87.0,HIGH
Anna Nagar Center,2026-07-22,13,2,100,80,20,32,90.24,80.0,HIGH
Anna Nagar Center,2026-07-22,14,2,100,90,10,25,73.41,90.0,HIGH
Anna Nagar Center,2026-07-22,15,2,100,87,13,25,85.17,87.0,HIGH
Anna Nagar Center,2026-07-22,16,2,100,49,51,23,53.13,49.0,LOW
Anna Nagar Center,2026-07-22,17,2,100,51,49,15,56.41,51.0,MEDIUM
Anna Nagar Center,2026-07-22,18,2,100,71,29,20,72.85,71.0,MEDIUM
Anna Nagar Center,2026-07-22,19,2,100,73,27,23,61.78,73.0,MEDIUM
Anna Nagar Center,2026-07-22,20,2,100,78,22,25,80.69,78.0,MEDIUM
Anna Nagar Center,2026-07-22,21,2,100,80,20,25,79.05,80.0,HIGH
Anna Nagar Center,2026-07-22,22,2,100,23,77,11,21.98,23.0,LOW
Anna Nagar Center,2026-07-22,23,2,100,8,92,3,5.53,8.0,LOW
Guindy Corporate Park,2026-07-22,0,2,180,6,174,2,5.0,3.33,LOW
Guindy Corporate Park,2026-07-22,1,2,180,11,169,5,16.06,6.11,LOW
Guindy Corporate Park,2026-07-22,2,2,180,4,176,1,8.2,2.22,LOW
Guindy Corporate Park,2026-07-22,3,2,180,15,165,6,9.44,8.33,LOW
Guindy Corporate Park,2026-07-22,4,2,180,20,160,9,5.0,11.11,LOW
Guindy Corporate Park,2026-07-22,5,2,180,20,160,9,7.39,11.11,LOW
Guindy Corporate Park,2026-07-22,6,2,180,11,169,3,7.27,6.11,LOW
Guindy Corporate Park,2026-07-22,7,2,180,18,162,4,8.51,10.0,LOW
Guindy Corporate Park,2026-07-22,8,2,180,169,11,77,90.76,93.89,HIGH
Guindy Corporate Park,2026-07-22,9,2,180,169,11,43,94.17,93.89,HIGH
Guindy Corporate Park,2026-07-22,10,2,180,144,36,35,73.31,80.0,HIGH
Guindy Corporate Park,2026-07-22,11,2,180,152,28,70,86.66,84.44,HIGH
Guindy Corporate Park,2026-07-22,12,2,180,140,40,28,78.88,77.78,MEDIUM
Guindy Corporate Park,2026-07-22,13,2,180,149,31,55,83.98,82.78,HIGH
Guindy Corporate Park,2026-07-22,14,2,180,157,23,66,86.23,87.22,HIGH
Guindy Corporate Park,2026-07-22,15,2,180,174,6,82,94.94,96.67,HIGH
Guindy Corporate Park,2026-07-22,16,2,180,165,15,79,98.0,91.67,HIGH
Guindy Corporate Park,2026-07-22,17,2,180,116,64,28,66.47,64.44,MEDIUM
Guindy Corporate Park,2026-07-22,18,2,180,122,58,53,73.13,67.78,MEDIUM
Guindy Corporate Park,2026-07-22,19,2,180,116,64,56,59.58,64.44,MEDIUM
Guindy Corporate Park,2026-07-22,20,2,180,34,146,13,25.1,18.89,LOW
Guindy Corporate Park,2026-07-22,21,2,180,58,122,14,27.31,32.22,LOW
Guindy Corporate Park,2026-07-22,22,2,180,49,131,16,25.24,27.22,LOW
Guindy Corporate Park,2026-07-22,23,2,180,10,170,4,10.2,5.56,LOW
Chennai Mall,2026-07-23,0,3,150,26,124,9,17.74,17.33,LOW
Chennai Mall,2026-07-23,1,3,150,23,127,6,12.17,15.33,LOW
Chennai Mall,2026-07-23,2,3,150,38,112,12,26.54,25.33,LOW
Chennai Mall,2026-07-23,3,3,150,28,122,13,16.87,18.67,LOW
Chennai Mall,2026-07-23,4,3,150,4,146,2,8.42,2.67,LOW
Chennai Mall,2026-07-23,5,3,150,26,124,6,18.35,17.33,LOW
Chennai Mall,2026-07-23,6,3,150,29,121,8,17.01,19.33,LOW
Chennai Mall,2026-07-23,7,3,150,9,141,3,14.42,6.0,LOW
Chennai Mall,2026-07-23,8,3,150,28,122,7,17.0,18.67,LOW
Chennai Mall,2026-07-23,9,3,150,28,122,9,7.66,18.67,LOW
Chennai Mall,2026-07-23,10,3,150,10,140,3,9.95,6.67,LOW
Chennai Mall,2026-07-23,11,3,150,20,130,5,13.11,13.33,LOW
Chennai Mall,2026-07-23,12,3,150,65,85,25,37.54,43.33,LOW
Chennai Mall,2026-07-23,13,3,150,90,60,23,49.79,60.0,MEDIUM
Chennai Mall,2026-07-23,14,3,150,88,62,31,55.78,58.67,MEDIUM
Chennai Mall,2026-07-23,15,3,150,78,72,26,55.55,52.0,MEDIUM
Chennai Mall,2026-07-23,16,3,150,36,114,13,28.47,24.0,LOW
Chennai Mall,2026-07-23,17,3,150,98,52,34,63.7,65.33,MEDIUM
Chennai Mall,2026-07-23,18,3,150,118,32,39,81.26,78.67,MEDIUM
Chennai Mall,2026-07-23,19,3,150,100,50,34,71.3,66.67,MEDIUM
Chennai Mall,2026-07-23,20,3,150,119,31,45,81.4,79.33,MEDIUM
Chennai Mall,2026-07-23,21,3,150,123,27,59,72.0,82.0,HIGH
Chennai Mall,2026-07-23,22,3,150,48,102,22,35.98,32.0,LOW
Chennai Mall,2026-07-23,23,3,150,30,120,14,19.83,20.0,LOW
T Nagar Commercial Hub,2026-07-23,0,3,120,13,107,3,14.02,10.83,LOW
T Nagar Commercial Hub,2026-07-23,1,3,120,15,105,5,11.01,12.5,LOW
T Nagar Commercial Hub,2026-07-23,2,3,120,25,95,11,13.41,20.83,LOW
T Nagar Commercial Hub,2026-07-23,3,3,120,11,109,2,7.88,9.17,LOW
T Nagar Commercial Hub,2026-07-23,4,3,120,19,101,4,22.53,15.83,LOW
T Nagar Commercial Hub,2026-07-23,5,3,120,27,93,12,20.07,22.5,LOW
T Nagar Commercial Hub,2026-07-23,6,3,120,15,105,5,8.98,12.5,LOW
T Nagar Commercial Hub,2026-07-23,7,3,120,16,104,4,15.82,13.33,LOW
T Nagar Commercial Hub,2026-07-23,8,3,120,13,107,4,23.51,10.83,LOW
T Nagar Commercial Hub,2026-07-23,9,3,120,14,106,4,6.51,11.67,LOW
T Nagar Commercial Hub,2026-07-23,10,3,120,79,41,25,69.72,65.83,MEDIUM
T Nagar Commercial Hub,2026-07-23,11,3,120,84,36,21,66.55,70.0,MEDIUM
T Nagar Commercial Hub,2026-07-23,12,3,120,97,23,43,84.89,80.83,HIGH
T Nagar Commercial Hub,2026-07-23,13,3,120,78,42,24,62.14,65.0,MEDIUM
T Nagar Commercial Hub,2026-07-23,14,3,120,79,41,33,61.07,65.83,MEDIUM
T Nagar Commercial Hub,2026-07-23,15,3,120,79,41,27,64.2,65.83,MEDIUM
T Nagar Commercial Hub,2026-07-23,16,3,120,74,46,20,55.93,61.67,MEDIUM
T Nagar Commercial Hub,2026-07-23,17,3,120,99,21,39,81.78,82.5,HIGH
T Nagar Commercial Hub,2026-07-23,18,3,120,83,37,22,67.01,69.17,MEDIUM
T Nagar Commercial Hub,2026-07-23,19,3,120,86,34,19,78.98,71.67,MEDIUM
T Nagar Commercial Hub,2026-07-23,20,3,120,69,51,19,55.31,57.5,MEDIUM
T Nagar Commercial Hub,2026-07-23,21,3,120,60,60,24,48.03,50.0,MEDIUM
T Nagar Commercial Hub,2026-07-23,22,3,120,70,50,28,52.55,58.33,MEDIUM
T Nagar Commercial Hub,2026-07-23,23,3,120,12,108,5,15.55,10.0,LOW
Velachery Metro Station,2026-07-23,0,3,200,32,168,9,11.63,16.0,LOW
Velachery Metro Station,2026-07-23,1,3,200,11,189,3,5.67,5.5,LOW
Velachery Metro Station,2026-07-23,2,3,200,12,188,4,8.94,6.0,LOW
Velachery Metro Station,2026-07-23,3,3,200,10,190,4,6.67,5.0,LOW
Velachery Metro Station,2026-07-23,4,3,200,22,178,5,14.84,11.0,LOW
Velachery Metro Station,2026-07-23,5,3,200,32,168,6,7.07,16.0,LOW
Velachery Metro Station,2026-07-23,6,3,200,29,171,9,24.44,14.5,LOW
Velachery Metro Station,2026-07-23,7,3,200,195,5,44,93.96,97.5,HIGH
Velachery Metro Station,2026-07-23,8,3,200,160,40,62,80.28,80.0,HIGH
Velachery Metro Station,2026-07-23,9,3,200,167,33,79,88.49,83.5,HIGH
Velachery Metro Station,2026-07-23,10,3,200,153,47,54,88.98,76.5,MEDIUM
Velachery Metro Station,2026-07-23,11,3,200,163,37,67,80.22,81.5,HIGH
Velachery Metro Station,2026-07-23,12,3,200,158,42,53,71.47,79.0,MEDIUM
Velachery Metro Station,2026-07-23,13,3,200,174,26,81,85.57,87.0,HIGH
Velachery Metro Station,2026-07-23,14,3,200,151,49,46,76.47,75.5,MEDIUM
Velachery Metro Station,2026-07-23,15,3,200,146,54,47,73.93,73.0,MEDIUM
Velachery Metro Station,2026-07-23,16,3,200,147,53,57,77.6,73.5,MEDIUM
Velachery Metro Station,2026-07-23,17,3,200,170,30,35,89.86,85.0,HIGH
Velachery Metro Station,2026-07-23,18,3,200,180,20,47,80.33,90.0,HIGH
Velachery Metro Station,2026-07-23,19,3,200,189,11,50,91.3,94.5,HIGH
Velachery Metro Station,2026-07-23,20,3,200,176,24,81,86.42,88.0,HIGH
Velachery Metro Station,2026-07-23,21,3,200,85,115,35,45.96,42.5,LOW
Velachery Metro Station,2026-07-23,22,3,200,103,97,33,48.83,51.5,MEDIUM
Velachery Metro Station,2026-07-23,23,3,200,77,123,19,42.09,38.5,LOW
OMR IT Park,2026-07-23,0,3,300,11,289,5,8.21,3.67,LOW
OMR IT Park,2026-07-23,1,3,300,6,294,2,5.0,2.0,LOW
OMR IT Park,2026-07-23,2,3,300,6,294,3,5.0,2.0,LOW
OMR IT Park,2026-07-23,3,3,300,6,294,2,11.06,2.0,LOW
OMR IT Park,2026-07-23,4,3,300,19,281,4,8.3,6.33,LOW
OMR IT Park,2026-07-23,5,3,300,6,294,3,16.02,2.0,LOW
OMR IT Park,2026-07-23,6,3,300,6,294,3,13.78,2.0,LOW
OMR IT Park,2026-07-23,7,3,300,18,282,8,12.78,6.0,LOW
OMR IT Park,2026-07-23,8,3,300,251,49,98,85.6,83.67,HIGH
OMR IT Park,2026-07-23,9,3,300,276,24,65,87.97,92.0,HIGH
OMR IT Park,2026-07-23,10,3,300,223,77,85,76.43,74.33,MEDIUM
OMR IT Park,2026-07-23,11,3,300,286,14,81,98.0,95.33,HIGH
OMR IT Park,2026-07-23,12,3,300,283,17,124,96.58,94.33,HIGH
OMR IT Park,2026-07-23,13,3,300,262,38,101,83.0,87.33,HIGH
OMR IT Park,2026-07-23,14,3,300,270,30,72,85.49,90.0,HIGH
OMR IT Park,2026-07-23,15,3,300,275,25,111,91.23,91.67,HIGH
OMR IT Park,2026-07-23,16,3,300,252,48,101,81.22,84.0,HIGH
OMR IT Park,2026-07-23,17,3,300,182,118,68,56.82,60.67,MEDIUM
OMR IT Park,2026-07-23,18,3,300,139,161,48,51.33,46.33,LOW
OMR IT Park,2026-07-23,19,3,300,157,143,69,54.36,52.33,MEDIUM
OMR IT Park,2026-07-23,20,3,300,81,219,24,24.78,27.0,LOW
OMR IT Park,2026-07-23,21,3,300,88,212,38,27.63,29.33,LOW
OMR IT Park,2026-07-23,22,3,300,98,202,29,33.02,32.67,LOW
OMR IT Park,2026-07-23,23,3,300,27,273,9,7.08,9.0,LOW
Anna Nagar Center,2026-07-23,0,3,100,22,78,7,24.6,22.0,LOW
Anna Nagar Center,2026-07-23,1,3,100,23,77,8,25.41,23.0,LOW
Anna Nagar Center,2026-07-23,2,3,100,27,73,10,15.66,27.0,LOW
Anna Nagar Center,2026-07-23,3,3,100,10,90,3,7.51,10.0,LOW
Anna Nagar Center,2026-07-23,4,3,100,6,94,3,8.25,6.0,LOW
Anna Nagar Center,2026-07-23,5,3,100,2,98,1,12.66,2.0,LOW
Anna Nagar Center,2026-07-23,6,3,100,17,83,4,16.61,17.0,LOW
Anna Nagar Center,2026-07-23,7,3,100,13,87,3,11.63,13.0,LOW
Anna Nagar Center,2026-07-23,8,3,100,52,48,24,44.7,52.0,MEDIUM
Anna Nagar Center,2026-07-23,9,3,100,62,38,26,62.08,62.0,MEDIUM
Anna Nagar Center,2026-07-23,10,3,100,48,52,19,47.19,48.0,LOW
Anna Nagar Center,2026-07-23,11,3,100,66,34,14,64.79,66.0,MEDIUM
Anna Nagar Center,2026-07-23,12,3,100,84,16,41,88.25,84.0,HIGH
Anna Nagar Center,2026-07-23,13,3,100,76,24,28,75.12,76.0,MEDIUM
Anna Nagar Center,2026-07-23,14,3,100,86,14,37,82.38,86.0,HIGH
Anna Nagar Center,2026-07-23,15,3,100,67,33,19,63.34,67.0,MEDIUM
Anna Nagar Center,2026-07-23,16,3,100,44,56,17,43.58,44.0,LOW
Anna Nagar Center,2026-07-23,17,3,100,58,42,28,66.52,58.0,MEDIUM
Anna Nagar Center,2026-07-23,18,3,100,85,15,39,87.63,85.0,HIGH
Anna Nagar Center,2026-07-23,19,3,100,80,20,33,81.02,80.0,HIGH
Anna Nagar Center,2026-07-23,20,3,100,68,32,28,58.73,68.0,MEDIUM
Anna Nagar Center,2026-07-23,21,3,100,91,9,27,90.94,91.0,HIGH
Anna Nagar Center,2026-07-23,22,3,100,22,78,7,17.77,22.0,LOW
Anna Nagar Center,2026-07-23,23,3,100,18,82,9,12.94,18.0,LOW
Guindy Corporate Park,2026-07-23,0,3,180,18,162,9,5.0,10.0,LOW
Guindy Corporate Park,2026-07-23,1,3,180,9,171,3,5.0,5.0,LOW
Guindy Corporate Park,2026-07-23,2,3,180,11,169,5,8.07,6.11,LOW
Guindy Corporate Park,2026-07-23,3,3,180,4,176,2,5.0,2.22,LOW
Guindy Corporate Park,2026-07-23,4,3,180,18,162,8,15.41,10.0,LOW
Guindy Corporate Park,2026-07-23,5,3,180,21,159,6,6.42,11.67,LOW
Guindy Corporate Park,2026-07-23,6,3,180,12,168,3,11.77,6.67,LOW
Guindy Corporate Park,2026-07-23,7,3,180,9,171,4,10.17,5.0,LOW
Guindy Corporate Park,2026-07-23,8,3,180,172,8,37,95.18,95.56,HIGH
Guindy Corporate Park,2026-07-23,9,3,180,139,41,44,76.88,77.22,MEDIUM
Guindy Corporate Park,2026-07-23,10,3,180,146,34,69,86.55,81.11,HIGH
Guindy Corporate Park,2026-07-23,11,3,180,149,31,30,79.1,82.78,HIGH
Guindy Corporate Park,2026-07-23,12,3,180,151,29,47,98.0,83.89,HIGH
Guindy Corporate Park,2026-07-23,13,3,180,155,25,35,86.54,86.11,HIGH
Guindy Corporate Park,2026-07-23,14,3,180,163,17,46,86.48,90.56,HIGH
Guindy Corporate Park,2026-07-23,15,3,180,144,36,30,75.49,80.0,HIGH
Guindy Corporate Park,2026-07-23,16,3,180,142,38,63,77.02,78.89,MEDIUM
Guindy Corporate Park,2026-07-23,17,3,180,126,54,49,69.99,70.0,MEDIUM
Guindy Corporate Park,2026-07-23,18,3,180,135,45,60,67.23,75.0,MEDIUM
Guindy Corporate Park,2026-07-23,19,3,180,87,93,19,56.54,48.33,LOW
Guindy Corporate Park,2026-07-23,20,3,180,47,133,20,21.26,26.11,LOW
Guindy Corporate Park,2026-07-23,21,3,180,56,124,23,23.41,31.11,LOW
Guindy Corporate Park,2026-07-23,22,3,180,50,130,13,35.61,27.78,LOW
Guindy Corporate Park,2026-07-23,23,3,180,20,160,8,5.66,11.11,LOW
Chennai Mall,2026-07-24,0,4,150,19,131,4,6.7,12.67,LOW
Chennai Mall,2026-07-24,1,4,150,31,119,15,13.19,20.67,LOW
Chennai Mall,2026-07-24,2,4,150,24,126,6,16.36,16.0,LOW
Chennai Mall,2026-07-24,3,4,150,15,135,7,16.06,10.0,LOW
Chennai Mall,2026-07-24,4,4,150,28,122,10,18.13,18.67,LOW
Chennai Mall,2026-07-24,5,4,150,25,125,8,13.23,16.67,LOW
Chennai Mall,2026-07-24,6,4,150,21,129,9,16.55,14.0,LOW
Chennai Mall,2026-07-24,7,4,150,28,122,13,18.66,18.67,LOW
Chennai Mall,2026-07-24,8,4,150,17,133,7,16.71,11.33,LOW
Chennai Mall,2026-07-24,9,4,150,4,146,2,12.23,2.67,LOW
Chennai Mall,2026-07-24,10,4,150,7,143,2,5.0,4.67,LOW
Chennai Mall,2026-07-24,11,4,150,7,143,3,11.22,4.67,LOW
Chennai Mall,2026-07-24,12,4,150,73,77,15,53.28,48.67,LOW
Chennai Mall,2026-07-24,13,4,150,75,75,20,53.26,50.0,MEDIUM
Chennai Mall,2026-07-24,14,4,150,89,61,32,56.83,59.33,MEDIUM
Chennai Mall,2026-07-24,15,4,150,86,64,17,54.79,57.33,MEDIUM
Chennai Mall,2026-07-24,16,4,150,19,131,5,10.3,12.67,LOW
Chennai Mall,2026-07-24,17,4,150,98,52,38,76.37,65.33,MEDIUM
Chennai Mall,2026-07-24,18,4,150,136,14,31,87.99,90.67,HIGH
Chennai Mall,2026-07-24,19,4,150,106,44,53,71.0,70.67,MEDIUM
Chennai Mall,2026-07-24,20,4,150,128,22,44,79.94,85.33,HIGH
Chennai Mall,2026-07-24,21,4,150,124,26,34,81.4,82.67,HIGH
Chennai Mall,2026-07-24,22,4,150,43,107,21,28.5,28.67,LOW
Chennai Mall,2026-07-24,23,4,150,61,89,29,39.42,40.67,LOW
T Nagar Commercial Hub,2026-07-24,0,4,120,22,98,8,15.39,18.33,LOW
T Nagar Commercial Hub,2026-07-24,1,4,120,5,115,3,5.0,4.17,LOW
T Nagar Commercial Hub,2026-07-24,2,4,120,19,101,6,17.41,15.83,LOW
T Nagar Commercial Hub,2026-07-24,3,4,120,18,102,8,9.35,15.0,LOW
T Nagar Commercial Hub,2026-07-24,4,4,120,15,105,6,17.79,12.5,LOW
T Nagar Commercial Hub,2026-07-24,5,4,120,2,118,1,15.65,1.67,LOW
T Nagar Commercial Hub,2026-07-24,6,4,120,13,107,5,5.0,10.83,LOW
T Nagar Commercial Hub,2026-07-24,7,4,120,18,102,9,13.32,15.0,LOW
T Nagar Commercial Hub,2026-07-24,8,4,120,15,105,3,5.0,12.5,LOW
T Nagar Commercial Hub,2026-07-24,9,4,120,9,111,3,6.0,7.5,LOW
T Nagar Commercial Hub,2026-07-24,10,4,120,81,39,19,68.88,67.5,MEDIUM
T Nagar Commercial Hub,2026-07-24,11,4,120,82,38,41,65.34,68.33,MEDIUM
T Nagar Commercial Hub,2026-07-24,12,4,120,99,21,43,88.27,82.5,HIGH
T Nagar Commercial Hub,2026-07-24,13,4,120,96,24,24,85.29,80.0,HIGH
T Nagar Commercial Hub,2026-07-24,14,4,120,92,28,35,73.29,76.67,MEDIUM
T Nagar Commercial Hub,2026-07-24,15,4,120,92,28,30,75.83,76.67,MEDIUM
T Nagar Commercial Hub,2026-07-24,16,4,120,94,26,38,77.32,78.33,MEDIUM
T Nagar Commercial Hub,2026-07-24,17,4,120,94,26,23,73.86,78.33,MEDIUM
T Nagar Commercial Hub,2026-07-24,18,4,120,87,33,29,67.39,72.5,MEDIUM
T Nagar Commercial Hub,2026-07-24,19,4,120,95,25,27,83.36,79.17,MEDIUM
T Nagar Commercial Hub,2026-07-24,20,4,120,65,55,32,70.64,54.17,MEDIUM
T Nagar Commercial Hub,2026-07-24,21,4,120,58,62,14,43.61,48.33,LOW
T Nagar Commercial Hub,2026-07-24,22,4,120,50,70,18,47.41,41.67,LOW
T Nagar Commercial Hub,2026-07-24,23,4,120,22,98,10,18.95,18.33,LOW
Velachery Metro Station,2026-07-24,0,4,200,28,172,8,15.48,14.0,LOW
Velachery Metro Station,2026-07-24,1,4,200,37,163,15,23.11,18.5,LOW
Velachery Metro Station,2026-07-24,2,4,200,38,162,15,14.75,19.0,LOW
Velachery Metro Station,2026-07-24,3,4,200,27,173,9,7.95,13.5,LOW
Velachery Metro Station,2026-07-24,4,4,200,28,172,8,17.07,14.0,LOW
Velachery Metro Station,2026-07-24,5,4,200,30,170,10,16.43,15.0,LOW
Velachery Metro Station,2026-07-24,6,4,200,7,193,3,5.0,3.5,LOW
Velachery Metro Station,2026-07-24,7,4,200,179,21,87,81.17,89.5,HIGH
Velachery Metro Station,2026-07-24,8,4,200,200,0,92,98.0,100.0,HIGH
Velachery Metro Station,2026-07-24,9,4,200,181,19,61,90.21,90.5,HIGH
Velachery Metro Station,2026-07-24,10,4,200,186,14,63,93.56,93.0,HIGH
Velachery Metro Station,2026-07-24,11,4,200,157,43,40,71.85,78.5,MEDIUM
Velachery Metro Station,2026-07-24,12,4,200,149,51,56,74.56,74.5,MEDIUM
Velachery Metro Station,2026-07-24,13,4,200,145,55,62,75.86,72.5,MEDIUM
Velachery Metro Station,2026-07-24,14,4,200,144,56,48,71.75,72.0,MEDIUM
Velachery Metro Station,2026-07-24,15,4,200,160,40,75,78.51,80.0,HIGH
Velachery Metro Station,2026-07-24,16,4,200,163,37,37,78.75,81.5,HIGH
Velachery Metro Station,2026-07-24,17,4,200,197,3,95,93.13,98.5,HIGH
Velachery Metro Station,2026-07-24,18,4,200,196,4,51,85.73,98.0,HIGH
Velachery Metro Station,2026-07-24,19,4,200,189,11,81,96.76,94.5,HIGH
Velachery Metro Station,2026-07-24,20,4,200,177,23,71,82.47,88.5,HIGH
Velachery Metro Station,2026-07-24,21,4,200,84,116,29,45.87,42.0,LOW
Velachery Metro Station,2026-07-24,22,4,200,80,120,39,38.22,40.0,LOW
Velachery Metro Station,2026-07-24,23,4,200,102,98,33,46.73,51.0,MEDIUM
OMR IT Park,2026-07-24,0,4,300,14,286,6,8.26,4.67,LOW
OMR IT Park,2026-07-24,1,4,300,21,279,10,17.43,7.0,LOW
OMR IT Park,2026-07-24,2,4,300,9,291,2,5.0,3.0,LOW
OMR IT Park,2026-07-24,3,4,300,14,286,6,5.0,4.67,LOW
OMR IT Park,2026-07-24,4,4,300,15,285,5,5.0,5.0,LOW
OMR IT Park,2026-07-24,5,4,300,13,287,5,5.0,4.33,LOW
OMR IT Park,2026-07-24,6,4,300,19,281,7,7.83,6.33,LOW
OMR IT Park,2026-07-24,7,4,300,10,290,3,5.75,3.33,LOW
OMR IT Park,2026-07-24,8,4,300,271,29,93,79.22,90.33,HIGH
OMR IT Park,2026-07-24,9,4,300,253,47,57,89.38,84.33,HIGH
OMR IT Park,2026-07-24,10,4,300,209,91,59,62.79,69.67,MEDIUM
OMR IT Park,2026-07-24,11,4,300,281,19,121,87.1,93.67,HIGH
OMR IT Park,2026-07-24,12,4,300,250,50,64,82.77,83.33,HIGH
OMR IT Park,2026-07-24,13,4,300,300,0,65,98.0,100.0,HIGH
OMR IT Park,2026-07-24,14,4,300,297,3,131,92.59,99.0,HIGH
OMR IT Park,2026-07-24,15,4,300,262,38,65,87.28,87.33,HIGH
OMR IT Park,2026-07-24,16,4,300,284,16,85,90.93,94.67,HIGH
OMR IT Park,2026-07-24,17,4,300,216,84,91,71.6,72.0,MEDIUM
OMR IT Park,2026-07-24,18,4,300,212,88,51,69.2,70.67,MEDIUM
OMR IT Park,2026-07-24,19,4,300,178,122,42,64.24,59.33,MEDIUM
OMR IT Park,2026-07-24,20,4,300,81,219,17,19.48,27.0,LOW
OMR IT Park,2026-07-24,21,4,300,105,195,30,31.55,35.0,LOW
OMR IT Park,2026-07-24,22,4,300,67,233,25,24.97,22.33,LOW
OMR IT Park,2026-07-24,23,4,300,25,275,12,14.14,8.33,LOW
Anna Nagar Center,2026-07-24,0,4,100,9,91,3,8.52,9.0,LOW
Anna Nagar Center,2026-07-24,1,4,100,2,98,1,12.85,2.0,LOW
Anna Nagar Center,2026-07-24,2,4,100,21,79,6,29.09,21.0,LOW
Anna Nagar Center,2026-07-24,3,4,100,21,79,8,23.7,21.0,LOW
Anna Nagar Center,2026-07-24,4,4,100,11,89,4,12.67,11.0,LOW
Anna Nagar Center,2026-07-24,5,4,100,19,81,8,16.53,19.0,LOW
Anna Nagar Center,2026-07-24,6,4,100,29,71,13,22.81,29.0,LOW
Anna Nagar Center,2026-07-24,7,4,100,16,84,8,5.0,16.0,LOW
Anna Nagar Center,2026-07-24,8,4,100,38,62,11,36.76,38.0,LOW
Anna Nagar Center,2026-07-24,9,4,100,50,50,20,48.14,50.0,MEDIUM
Anna Nagar Center,2026-07-24,10,4,100,47,53,13,50.8,47.0,LOW
Anna Nagar Center,2026-07-24,11,4,100,51,49,19,53.17,51.0,MEDIUM
Anna Nagar Center,2026-07-24,12,4,100,66,34,29,73.19,66.0,MEDIUM
Anna Nagar Center,2026-07-24,13,4,100,77,23,19,76.45,77.0,MEDIUM
Anna Nagar Center,2026-07-24,14,4,100,72,28,27,65.18,72.0,MEDIUM
Anna Nagar Center,2026-07-24,15,4,100,82,18,39,80.98,82.0,HIGH
Anna Nagar Center,2026-07-24,16,4,100,43,57,10,46.55,43.0,LOW
Anna Nagar Center,2026-07-24,17,4,100,61,39,20,55.94,61.0,MEDIUM
Anna Nagar Center,2026-07-24,18,4,100,66,34,33,63.73,66.0,MEDIUM
Anna Nagar Center,2026-07-24,19,4,100,79,21,31,74.64,79.0,MEDIUM
Anna Nagar Center,2026-07-24,20,4,100,86,14,38,84.28,86.0,HIGH
Anna Nagar Center,2026-07-24,21,4,100,76,24,31,73.33,76.0,MEDIUM
Anna Nagar Center,2026-07-24,22,4,100,19,81,5,25.19,19.0,LOW
Anna Nagar Center,2026-07-24,23,4,100,10,90,3,11.59,10.0,LOW
Guindy Corporate Park,2026-07-24,0,4,180,17,163,4,13.55,9.44,LOW
Guindy Corporate Park,2026-07-24,1,4,180,8,172,3,14.54,4.44,LOW
Guindy Corporate Park,2026-07-24,2,4,180,6,174,2,9.56,3.33,LOW
Guindy Corporate Park,2026-07-24,3,4,180,23,157,6,16.23,12.78,LOW
Guindy Corporate Park,2026-07-24,4,4,180,10,170,3,11.68,5.56,LOW
Guindy Corporate Park,2026-07-24,5,4,180,13,167,5,12.29,7.22,LOW
Guindy Corporate Park,2026-07-24,6,4,180,6,174,2,5.0,3.33,LOW
Guindy Corporate Park,2026-07-24,7,4,180,5,175,2,5.0,2.78,LOW
Guindy Corporate Park,2026-07-24,8,4,180,173,7,84,94.2,96.11,HIGH
Guindy Corporate Park,2026-07-24,9,4,180,159,21,35,94.58,88.33,HIGH
Guindy Corporate Park,2026-07-24,10,4,180,126,54,53,71.7,70.0,MEDIUM
Guindy Corporate Park,2026-07-24,11,4,180,172,8,81,93.07,95.56,HIGH
Guindy Corporate Park,2026-07-24,12,4,180,145,35,63,81.95,80.56,HIGH
Guindy Corporate Park,2026-07-24,13,4,180,157,23,59,90.08,87.22,HIGH
Guindy Corporate Park,2026-07-24,14,4,180,150,30,42,82.59,83.33,HIGH
Guindy Corporate Park,2026-07-24,15,4,180,177,3,36,90.4,98.33,HIGH
Guindy Corporate Park,2026-07-24,16,4,180,152,28,75,72.29,84.44,HIGH
Guindy Corporate Park,2026-07-24,17,4,180,108,72,47,61.91,60.0,MEDIUM
Guindy Corporate Park,2026-07-24,18,4,180,94,86,37,55.34,52.22,MEDIUM
Guindy Corporate Park,2026-07-24,19,4,180,106,74,41,63.91,58.89,MEDIUM
Guindy Corporate Park,2026-07-24,20,4,180,28,152,13,14.12,15.56,LOW
Guindy Corporate Park,2026-07-24,21,4,180,34,146,8,20.04,18.89,LOW
Guindy Corporate Park,2026-07-24,22,4,180,52,128,23,22.37,28.89,LOW
Guindy Corporate Park,2026-07-24,23,4,180,15,165,7,5.0,8.33,LOW
Chennai Mall,2026-07-25,0,5,150,36,114,17,19.14,24.0,LOW
Chennai Mall,2026-07-25,1,5,150,24,126,6,22.27,16.0,LOW
Chennai Mall,2026-07-25,2,5,150,14,136,6,12.56,9.33,LOW
Chennai Mall,2026-07-25,3,5,150,25,125,12,17.93,16.67,LOW
Chennai Mall,2026-07-25,4,5,150,28,122,9,17.84,18.67,LOW
Chennai Mall,2026-07-25,5,5,150,38,112,9,28.96,25.33,LOW
Chennai Mall,2026-07-25,6,5,150,55,95,24,29.29,36.67,LOW
Chennai Mall,2026-07-25,7,5,150,40,110,18,25.74,26.67,LOW
Chennai Mall,2026-07-25,8,5,150,21,129,5,16.95,14.0,LOW
Chennai Mall,2026-07-25,9,5,150,24,126,12,5.0,16.0,LOW
Chennai Mall,2026-07-25,10,5,150,28,122,9,18.72,18.67,LOW
Chennai Mall,2026-07-25,11,5,150,112,38,48,82.29,74.67,MEDIUM
Chennai Mall,2026-07-25,12,5,150,117,33,31,76.96,78.0,MEDIUM
Chennai Mall,2026-07-25,13,5,150,137,13,48,92.7,91.33,HIGH
Chennai Mall,2026-07-25,14,5,150,128,22,35,95.78,85.33,HIGH
Chennai Mall,2026-07-25,15,5,150,133,17,33,84.91,88.67,HIGH
Chennai Mall,2026-07-25,16,5,150,139,11,68,91.38,92.67,HIGH
Chennai Mall,2026-07-25,17,5,150,146,4,39,98.0,97.33,HIGH
Chennai Mall,2026-07-25,18,5,150,142,8,39,96.56,94.67,HIGH
Chennai Mall,2026-07-25,19,5,150,134,16,56,95.74,89.33,HIGH
Chennai Mall,2026-07-25,20,5,150,132,18,33,97.12,88.0,HIGH
Chennai Mall,2026-07-25,21,5,150,132,18,38,97.81,88.0,HIGH
Chennai Mall,2026-07-25,22,5,150,57,93,25,36.9,38.0,LOW
Chennai Mall,2026-07-25,23,5,150,86,64,22,50.65,57.33,MEDIUM
T Nagar Commercial Hub,2026-07-25,0,5,120,50,70,16,34.1,41.67,LOW
T Nagar Commercial Hub,2026-07-25,1,5,120,23,97,7,15.95,19.17,LOW
T Nagar Commercial Hub,2026-07-25,2,5,120,28,92,7,25.73,23.33,LOW
T Nagar Commercial Hub,2026-07-25,3,5,120,25,95,11,11.53,20.83,LOW
T Nagar Commercial Hub,2026-07-25,4,5,120,26,94,9,24.25,21.67,LOW
T Nagar Commercial Hub,2026-07-25,5,5,120,36,84,12,34.11,30.0,LOW
T Nagar Commercial Hub,2026-07-25,6,5,120,18,102,4,21.26,15.0,LOW
T Nagar Commercial Hub,2026-07-25,7,5,120,51,69,21,42.75,42.5,LOW
T Nagar Commercial Hub,2026-07-25,8,5,120,51,69,20,48.44,42.5,LOW
T Nagar Commercial Hub,2026-07-25,9,5,120,37,83,18,36.76,30.83,LOW
T Nagar Commercial Hub,2026-07-25,10,5,120,34,86,11,36.27,28.33,LOW
T Nagar Commercial Hub,2026-07-25,11,5,120,115,5,48,90.56,95.83,HIGH
T Nagar Commercial Hub,2026-07-25,12,5,120,108,12,30,98.0,90.0,HIGH
T Nagar Commercial Hub,2026-07-25,13,5,120,120,0,25,93.76,100.0,HIGH
T Nagar Commercial Hub,2026-07-25,14,5,120,106,14,31,78.3,88.33,HIGH
T Nagar Commercial Hub,2026-07-25,15,5,120,95,25,24,77.06,79.17,MEDIUM
T Nagar Commercial Hub,2026-07-25,16,5,120,99,21,32,90.84,82.5,HIGH
T Nagar Commercial Hub,2026-07-25,17,5,120,120,0,35,96.92,100.0,HIGH
T Nagar Commercial Hub,2026-07-25,18,5,120,108,12,41,76.08,90.0,HIGH
T Nagar Commercial Hub,2026-07-25,19,5,120,101,19,20,91.76,84.17,HIGH
T Nagar Commercial Hub,2026-07-25,20,5,120,106,14,23,94.49,88.33,HIGH
T Nagar Commercial Hub,2026-07-25,21,5,120,113,7,54,97.28,94.17,HIGH
T Nagar Commercial Hub,2026-07-25,22,5,120,42,78,9,35.93,35.0,LOW
T Nagar Commercial Hub,2026-07-25,23,5,120,16,104,6,17.34,13.33,LOW
Velachery Metro Station,2026-07-25,0,5,200,97,103,30,39.22,48.5,LOW
Velachery Metro Station,2026-07-25,1,5,200,74,126,34,34.95,37.0,LOW
Velachery Metro Station,2026-07-25,2,5,200,93,107,31,47.86,46.5,LOW
Velachery Metro Station,2026-07-25,3,5,200,79,121,25,40.69,39.5,LOW
Velachery Metro Station,2026-07-25,4,5,200,40,160,15,20.58,20.0,LOW
Velachery Metro Station,2026-07-25,5,5,200,62,138,30,40.25,31.0,LOW
Velachery Metro Station,2026-07-25,6,5,200,52,148,25,28.78,26.0,LOW
Velachery Metro Station,2026-07-25,7,5,200,57,143,16,28.48,28.5,LOW
Velachery Metro Station,2026-07-25,8,5,200,67,133,17,39.02,33.5,LOW
Velachery Metro Station,2026-07-25,9,5,200,54,146,15,31.9,27.0,LOW
Velachery Metro Station,2026-07-25,10,5,200,94,106,19,51.45,47.0,LOW
Velachery Metro Station,2026-07-25,11,5,200,61,139,28,24.19,30.5,LOW
Velachery Metro Station,2026-07-25,12,5,200,72,128,20,27.31,36.0,LOW
Velachery Metro Station,2026-07-25,13,5,200,53,147,11,29.51,26.5,LOW
Velachery Metro Station,2026-07-25,14,5,200,72,128,31,29.69,36.0,LOW
Velachery Metro Station,2026-07-25,15,5,200,89,111,25,45.58,44.5,LOW
Velachery Metro Station,2026-07-25,16,5,200,59,141,17,32.31,29.5,LOW
Velachery Metro Station,2026-07-25,17,5,200,57,143,24,47.23,28.5,LOW
Velachery Metro Station,2026-07-25,18,5,200,67,133,24,38.17,33.5,LOW
Velachery Metro Station,2026-07-25,19,5,200,45,155,13,18.08,22.5,LOW
Velachery Metro Station,2026-07-25,20,5,200,50,150,18,28.01,25.0,LOW
Velachery Metro Station,2026-07-25,21,5,200,66,134,26,26.57,33.0,LOW
Velachery Metro Station,2026-07-25,22,5,200,76,124,32,35.52,38.0,LOW
Velachery Metro Station,2026-07-25,23,5,200,45,155,12,18.94,22.5,LOW
OMR IT Park,2026-07-25,0,5,300,20,280,7,5.0,6.67,LOW
OMR IT Park,2026-07-25,1,5,300,44,256,13,13.42,14.67,LOW
OMR IT Park,2026-07-25,2,5,300,37,263,11,8.71,12.33,LOW
OMR IT Park,2026-07-25,3,5,300,51,249,19,6.02,17.0,LOW
OMR IT Park,2026-07-25,4,5,300,34,266,16,10.71,11.33,LOW
OMR IT Park,2026-07-25,5,5,300,52,248,14,9.01,17.33,LOW
OMR IT Park,2026-07-25,6,5,300,6,294,2,5.0,2.0,LOW
OMR IT Park,2026-07-25,7,5,300,53,247,13,17.5,17.67,LOW
OMR IT Park,2026-07-25,8,5,300,45,255,12,19.07,15.0,LOW
OMR IT Park,2026-07-25,9,5,300,36,264,17,17.11,12.0,LOW
OMR IT Park,2026-07-25,10,5,300,21,279,9,5.0,7.0,LOW
OMR IT Park,2026-07-25,11,5,300,20,280,9,7.16,6.67,LOW
OMR IT Park,2026-07-25,12,5,300,35,265,14,5.0,11.67,LOW
OMR IT Park,2026-07-25,13,5,300,61,239,21,14.55,20.33,LOW
OMR IT Park,2026-07-25,14,5,300,21,279,8,12.44,7.0,LOW
OMR IT Park,2026-07-25,15,5,300,56,244,26,19.14,18.67,LOW
OMR IT Park,2026-07-25,16,5,300,15,285,4,9.31,5.0,LOW
OMR IT Park,2026-07-25,17,5,300,63,237,28,9.91,21.0,LOW
OMR IT Park,2026-07-25,18,5,300,43,257,18,11.9,14.33,LOW
OMR IT Park,2026-07-25,19,5,300,27,273,9,5.0,9.0,LOW
OMR IT Park,2026-07-25,20,5,300,24,276,12,12.14,8.0,LOW
OMR IT Park,2026-07-25,21,5,300,59,241,29,21.23,19.67,LOW
OMR IT Park,2026-07-25,22,5,300,34,266,7,5.0,11.33,LOW
OMR IT Park,2026-07-25,23,5,300,53,247,19,12.74,17.67,LOW
Anna Nagar Center,2026-07-25,0,5,100,42,58,10,50.77,42.0,LOW
Anna Nagar Center,2026-07-25,1,5,100,22,78,10,22.74,22.0,LOW
Anna Nagar Center,2026-07-25,2,5,100,20,80,9,18.95,20.0,LOW
Anna Nagar Center,2026-07-25,3,5,100,36,64,9,25.86,36.0,LOW
Anna Nagar Center,2026-07-25,4,5,100,21,79,5,19.87,21.0,LOW
Anna Nagar Center,2026-07-25,5,5,100,13,87,5,19.33,13.0,LOW
Anna Nagar Center,2026-07-25,6,5,100,21,79,10,15.32,21.0,LOW
Anna Nagar Center,2026-07-25,7,5,100,30,70,14,36.04,30.0,LOW
Anna Nagar Center,2026-07-25,8,5,100,24,76,7,30.29,24.0,LOW
Anna Nagar Center,2026-07-25,9,5,100,19,81,9,22.14,19.0,LOW
Anna Nagar Center,2026-07-25,10,5,100,18,82,4,18.2,18.0,LOW
Anna Nagar Center,2026-07-25,11,5,100,36,64,8,34.17,36.0,LOW
Anna Nagar Center,2026-07-25,12,5,100,92,8,21,89.15,92.0,HIGH
Anna Nagar Center,2026-07-25,13,5,100,81,19,18,91.54,81.0,HIGH
Anna Nagar Center,2026-07-25,14,5,100,83,17,32,80.97,83.0,HIGH
Anna Nagar Center,2026-07-25,15,5,100,83,17,35,79.7,83.0,HIGH
Anna Nagar Center,2026-07-25,16,5,100,92,8,39,89.78,92.0,HIGH
Anna Nagar Center,2026-07-25,17,5,100,75,25,20,79.99,75.0,MEDIUM
Anna Nagar Center,2026-07-25,18,5,100,87,13,38,84.89,87.0,HIGH
Anna Nagar Center,2026-07-25,19,5,100,89,11,30,82.45,89.0,HIGH
Anna Nagar Center,2026-07-25,20,5,100,83,17,27,84.89,83.0,HIGH
Anna Nagar Center,2026-07-25,21,5,100,81,19,34,89.95,81.0,HIGH
Anna Nagar Center,2026-07-25,22,5,100,80,20,31,78.53,80.0,HIGH
Anna Nagar Center,2026-07-25,23,5,100,40,60,9,36.62,40.0,LOW
Guindy Corporate Park,2026-07-25,0,5,180,6,174,2,10.04,3.33,LOW
Guindy Corporate Park,2026-07-25,1,5,180,23,157,5,5.14,12.78,LOW
Guindy Corporate Park,2026-07-25,2,5,180,34,146,16,18.32,18.89,LOW
Guindy Corporate Park,2026-07-25,3,5,180,18,162,8,5.0,10.0,LOW
Guindy Corporate Park,2026-07-25,4,5,180,13,167,3,9.57,7.22,LOW
Guindy Corporate Park,2026-07-25,5,5,180,24,156,6,12.87,13.33,LOW
Guindy Corporate Park,2026-07-25,6,5,180,21,159,10,8.57,11.67,LOW
Guindy Corporate Park,2026-07-25,7,5,180,15,165,5,7.45,8.33,LOW
Guindy Corporate Park,2026-07-25,8,5,180,13,167,5,5.0,7.22,LOW
Guindy Corporate Park,2026-07-25,9,5,180,18,162,5,12.14,10.0,LOW
Guindy Corporate Park,2026-07-25,10,5,180,34,146,8,10.59,18.89,LOW
Guindy Corporate Park,2026-07-25,11,5,180,30,150,8,7.84,16.67,LOW
Guindy Corporate Park,2026-07-25,12,5,180,31,149,6,17.75,17.22,LOW
Guindy Corporate Park,2026-07-25,13,5,180,14,166,6,7.01,7.78,LOW
Guindy Corporate Park,2026-07-25,14,5,180,18,162,6,9.95,10.0,LOW
Guindy Corporate Park,2026-07-25,15,5,180,28,152,13,16.56,15.56,LOW
Guindy Corporate Park,2026-07-25,16,5,180,11,169,2,7.46,6.11,LOW
Guindy Corporate Park,2026-07-25,17,5,180,35,145,13,25.98,19.44,LOW
Guindy Corporate Park,2026-07-25,18,5,180,36,144,12,12.61,20.0,LOW
Guindy Corporate Park,2026-07-25,19,5,180,26,154,8,17.23,14.44,LOW
Guindy Corporate Park,2026-07-25,20,5,180,23,157,6,21.87,12.78,LOW
Guindy Corporate Park,2026-07-25,21,5,180,5,175,2,9.38,2.78,LOW
Guindy Corporate Park,2026-07-25,22,5,180,39,141,14,16.3,21.67,LOW
Guindy Corporate Park,2026-07-25,23,5,180,30,150,9,22.82,16.67,LOW
Chennai Mall,2026-07-26,0,6,150,19,131,8,23.56,12.67,LOW
Chennai Mall,2026-07-26,1,6,150,45,105,11,29.08,30.0,LOW
Chennai Mall,2026-07-26,2,6,150,12,138,3,5.95,8.0,LOW
Chennai Mall,2026-07-26,3,6,150,42,108,16,26.28,28.0,LOW
Chennai Mall,2026-07-26,4,6,150,14,136,5,8.55,9.33,LOW
Chennai Mall,2026-07-26,5,6,150,8,142,2,14.88,5.33,LOW
Chennai Mall,2026-07-26,6,6,150,10,140,2,12.53,6.67,LOW
Chennai Mall,2026-07-26,7,6,150,5,145,1,10.04,3.33,LOW
Chennai Mall,2026-07-26,8,6,150,27,123,10,17.86,18.0,LOW
Chennai Mall,2026-07-26,9,6,150,34,116,14,11.68,22.67,LOW
Chennai Mall,2026-07-26,10,6,150,41,109,19,11.75,27.33,LOW
Chennai Mall,2026-07-26,11,6,150,129,21,30,85.65,86.0,HIGH
Chennai Mall,2026-07-26,12,6,150,120,30,35,82.4,80.0,HIGH
Chennai Mall,2026-07-26,13,6,150,124,26,31,74.66,82.67,HIGH
Chennai Mall,2026-07-26,14,6,150,116,34,36,90.65,77.33,MEDIUM
Chennai Mall,2026-07-26,15,6,150,132,18,36,77.78,88.0,HIGH
Chennai Mall,2026-07-26,16,6,150,138,12,32,98.0,92.0,HIGH
Chennai Mall,2026-07-26,17,6,150,121,29,25,87.24,80.67,HIGH
Chennai Mall,2026-07-26,18,6,150,135,15,62,89.95,90.0,HIGH
Chennai Mall,2026-07-26,19,6,150,130,20,44,87.52,86.67,HIGH
Chennai Mall,2026-07-26,20,6,150,131,19,47,95.67,87.33,HIGH
Chennai Mall,2026-07-26,21,6,150,150,0,53,87.82,100.0,HIGH
Chennai Mall,2026-07-26,22,6,150,66,84,28,43.39,44.0,LOW
Chennai Mall,2026-07-26,23,6,150,59,91,22,41.74,39.33,LOW
T Nagar Commercial Hub,2026-07-26,0,6,120,24,96,9,22.74,20.0,LOW
T Nagar Commercial Hub,2026-07-26,1,6,120,27,93,7,24.86,22.5,LOW
T Nagar Commercial Hub,2026-07-26,2,6,120,52,68,25,52.25,43.33,LOW
T Nagar Commercial Hub,2026-07-26,3,6,120,22,98,6,14.79,18.33,LOW
T Nagar Commercial Hub,2026-07-26,4,6,120,49,71,23,46.81,40.83,LOW
T Nagar Commercial Hub,2026-07-26,5,6,120,22,98,10,16.69,18.33,LOW
T Nagar Commercial Hub,2026-07-26,6,6,120,29,91,10,22.8,24.17,LOW
T Nagar Commercial Hub,2026-07-26,7,6,120,39,81,18,30.68,32.5,LOW
T Nagar Commercial Hub,2026-07-26,8,6,120,37,83,10,25.09,30.83,LOW
T Nagar Commercial Hub,2026-07-26,9,6,120,34,86,12,7.86,28.33,LOW
T Nagar Commercial Hub,2026-07-26,10,6,120,17,103,4,33.17,14.17,LOW
T Nagar Commercial Hub,2026-07-26,11,6,120,114,6,42,98.0,95.0,HIGH
T Nagar Commercial Hub,2026-07-26,12,6,120,114,6,36,91.95,95.0,HIGH
T Nagar Commercial Hub,2026-07-26,13,6,120,101,19,42,83.69,84.17,HIGH
T Nagar Commercial Hub,2026-07-26,14,6,120,97,23,37,88.37,80.83,HIGH
T Nagar Commercial Hub,2026-07-26,15,6,120,120,0,40,98.0,100.0,HIGH
T Nagar Commercial Hub,2026-07-26,16,6,120,111,9,44,92.36,92.5,HIGH
T Nagar Commercial Hub,2026-07-26,17,6,120,119,1,54,98.0,99.17,HIGH
T Nagar Commercial Hub,2026-07-26,18,6,120,108,12,37,75.67,90.0,HIGH
T Nagar Commercial Hub,2026-07-26,19,6,120,112,8,48,89.2,93.33,HIGH
T Nagar Commercial Hub,2026-07-26,20,6,120,107,13,29,93.42,89.17,HIGH
T Nagar Commercial Hub,2026-07-26,21,6,120,106,14,33,85.65,88.33,HIGH
T Nagar Commercial Hub,2026-07-26,22,6,120,23,97,11,24.84,19.17,LOW
T Nagar Commercial Hub,2026-07-26,23,6,120,50,70,19,34.97,41.67,LOW
Velachery Metro Station,2026-07-26,0,6,200,91,109,19,48.94,45.5,LOW
Velachery Metro Station,2026-07-26,1,6,200,71,129,33,37.55,35.5,LOW
Velachery Metro Station,2026-07-26,2,6,200,81,119,35,35.24,40.5,LOW
Velachery Metro Station,2026-07-26,3,6,200,63,137,19,25.83,31.5,LOW
Velachery Metro Station,2026-07-26,4,6,200,66,134,24,32.1,33.0,LOW
Velachery Metro Station,2026-07-26,5,6,200,85,115,25,50.58,42.5,LOW
Velachery Metro Station,2026-07-26,6,6,200,66,134,30,30.11,33.0,LOW
Velachery Metro Station,2026-07-26,7,6,200,79,121,33,44.96,39.5,LOW
Velachery Metro Station,2026-07-26,8,6,200,51,149,23,36.25,25.5,LOW
Velachery Metro Station,2026-07-26,9,6,200,84,116,35,41.2,42.0,LOW
Velachery Metro Station,2026-07-26,10,6,200,83,117,38,38.31,41.5,LOW
Velachery Metro Station,2026-07-26,11,6,200,62,138,29,28.23,31.0,LOW
Velachery Metro Station,2026-07-26,12,6,200,56,144,27,26.85,28.0,LOW
Velachery Metro Station,2026-07-26,13,6,200,66,134,14,33.69,33.0,LOW
Velachery Metro Station,2026-07-26,14,6,200,89,111,21,49.28,44.5,LOW
Velachery Metro Station,2026-07-26,15,6,200,58,142,27,32.79,29.0,LOW
Velachery Metro Station,2026-07-26,16,6,200,47,153,23,17.25,23.5,LOW
Velachery Metro Station,2026-07-26,17,6,200,66,134,16,38.67,33.0,LOW
Velachery Metro Station,2026-07-26,18,6,200,53,147,14,22.72,26.5,LOW
Velachery Metro Station,2026-07-26,19,6,200,55,145,23,22.48,27.5,LOW
Velachery Metro Station,2026-07-26,20,6,200,74,126,20,33.78,37.0,LOW
Velachery Metro Station,2026-07-26,21,6,200,56,144,27,24.01,28.0,LOW
Velachery Metro Station,2026-07-26,22,6,200,50,150,16,25.97,25.0,LOW
Velachery Metro Station,2026-07-26,23,6,200,47,153,15,25.19,23.5,LOW
OMR IT Park,2026-07-26,0,6,300,26,274,8,6.51,8.67,LOW
OMR IT Park,2026-07-26,1,6,300,14,286,5,15.83,4.67,LOW
OMR IT Park,2026-07-26,2,6,300,7,293,2,6.5,2.33,LOW
OMR IT Park,2026-07-26,3,6,300,39,261,15,13.28,13.0,LOW
OMR IT Park,2026-07-26,4,6,300,32,268,13,5.0,10.67,LOW
OMR IT Park,2026-07-26,5,6,300,23,277,10,10.58,7.67,LOW
OMR IT Park,2026-07-26,6,6,300,28,272,9,5.0,9.33,LOW
OMR IT Park,2026-07-26,7,6,300,39,261,18,9.85,13.0,LOW
OMR IT Park,2026-07-26,8,6,300,26,274,7,12.37,8.67,LOW
OMR IT Park,2026-07-26,9,6,300,18,282,9,5.38,6.0,LOW
OMR IT Park,2026-07-26,10,6,300,46,254,14,19.73,15.33,LOW
OMR IT Park,2026-07-26,11,6,300,13,287,4,10.34,4.33,LOW
OMR IT Park,2026-07-26,12,6,300,55,245,15,9.91,18.33,LOW
OMR IT Park,2026-07-26,13,6,300,38,262,11,5.0,12.67,LOW
OMR IT Park,2026-07-26,14,6,300,74,226,30,19.45,24.67,LOW
OMR IT Park,2026-07-26,15,6,300,38,262,15,5.0,12.67,LOW
OMR IT Park,2026-07-26,16,6,300,28,272,13,9.7,9.33,LOW
OMR IT Park,2026-07-26,17,6,300,37,263,16,5.0,12.33,LOW
OMR IT Park,2026-07-26,18,6,300,31,269,10,8.17,10.33,LOW
OMR IT Park,2026-07-26,19,6,300,23,277,11,8.65,7.67,LOW
OMR IT Park,2026-07-26,20,6,300,20,280,8,5.22,6.67,LOW
OMR IT Park,2026-07-26,21,6,300,21,279,10,19.35,7.0,LOW
OMR IT Park,2026-07-26,22,6,300,45,255,9,20.84,15.0,LOW
OMR IT Park,2026-07-26,23,6,300,24,276,6,6.86,8.0,LOW
Anna Nagar Center,2026-07-26,0,6,100,38,62,13,44.14,38.0,LOW
Anna Nagar Center,2026-07-26,1,6,100,28,72,12,19.45,28.0,LOW
Anna Nagar Center,2026-07-26,2,6,100,20,80,7,21.4,20.0,LOW
Anna Nagar Center,2026-07-26,3,6,100,21,79,7,36.27,21.0,LOW
Anna Nagar Center,2026-07-26,4,6,100,26,74,7,24.73,26.0,LOW
Anna Nagar Center,2026-07-26,5,6,100,23,77,10,16.93,23.0,LOW
Anna Nagar Center,2026-07-26,6,6,100,26,74,10,20.79,26.0,LOW
Anna Nagar Center,2026-07-26,7,6,100,20,80,7,28.8,20.0,LOW
Anna Nagar Center,2026-07-26,8,6,100,41,59,12,38.85,41.0,LOW
Anna Nagar Center,2026-07-26,9,6,100,33,67,7,27.46,33.0,LOW
Anna Nagar Center,2026-07-26,10,6,100,30,70,7,38.67,30.0,LOW
Anna Nagar Center,2026-07-26,11,6,100,23,77,8,22.67,23.0,LOW
Anna Nagar Center,2026-07-26,12,6,100,81,19,24,75.2,81.0,HIGH
Anna Nagar Center,2026-07-26,13,6,100,85,15,19,77.89,85.0,HIGH
Anna Nagar Center,2026-07-26,14,6,100,74,26,30,70.46,74.0,MEDIUM
Anna Nagar Center,2026-07-26,15,6,100,77,23,21,75.3,77.0,MEDIUM
Anna Nagar Center,2026-07-26,16,6,100,94,6,30,91.09,94.0,HIGH
Anna Nagar Center,2026-07-26,17,6,100,70,30,27,72.04,70.0,MEDIUM
Anna Nagar Center,2026-07-26,18,6,100,75,25,19,59.65,75.0,MEDIUM
Anna Nagar Center,2026-07-26,19,6,100,72,28,31,59.84,72.0,MEDIUM
Anna Nagar Center,2026-07-26,20,6,100,80,20,18,82.3,80.0,HIGH
Anna Nagar Center,2026-07-26,21,6,100,76,24,18,77.36,76.0,MEDIUM
Anna Nagar Center,2026-07-26,22,6,100,73,27,31,72.86,73.0,MEDIUM
Anna Nagar Center,2026-07-26,23,6,100,25,75,7,22.49,25.0,LOW
Guindy Corporate Park,2026-07-26,0,6,180,18,162,9,9.32,10.0,LOW
Guindy Corporate Park,2026-07-26,1,6,180,28,152,12,17.87,15.56,LOW
Guindy Corporate Park,2026-07-26,2,6,180,14,166,5,5.0,7.78,LOW
Guindy Corporate Park,2026-07-26,3,6,180,10,170,5,6.67,5.56,LOW
Guindy Corporate Park,2026-07-26,4,6,180,33,147,9,27.4,18.33,LOW
Guindy Corporate Park,2026-07-26,5,6,180,19,161,6,14.36,10.56,LOW
Guindy Corporate Park,2026-07-26,6,6,180,23,157,8,11.03,12.78,LOW
Guindy Corporate Park,2026-07-26,7,6,180,31,149,9,11.58,17.22,LOW
Guindy Corporate Park,2026-07-26,8,6,180,26,154,6,5.0,14.44,LOW
Guindy Corporate Park,2026-07-26,9,6,180,33,147,11,17.54,18.33,LOW
Guindy Corporate Park,2026-07-26,10,6,180,21,159,8,5.0,11.67,LOW
Guindy Corporate Park,2026-07-26,11,6,180,31,149,15,12.98,17.22,LOW
Guindy Corporate Park,2026-07-26,12,6,180,13,167,4,5.0,7.22,LOW
Guindy Corporate Park,2026-07-26,13,6,180,28,152,13,15.02,15.56,LOW
Guindy Corporate Park,2026-07-26,14,6,180,23,157,10,10.73,12.78,LOW
Guindy Corporate Park,2026-07-26,15,6,180,23,157,5,20.97,12.78,LOW
Guindy Corporate Park,2026-07-26,16,6,180,20,160,8,7.26,11.11,LOW
Guindy Corporate Park,2026-07-26,17,6,180,16,164,7,7.84,8.89,LOW
Guindy Corporate Park,2026-07-26,18,6,180,27,153,9,10.97,15.0,LOW
Guindy Corporate Park,2026-07-26,19,6,180,35,145,18,20.53,19.44,LOW
Guindy Corporate Park,2026-07-26,20,6,180,29,151,6,12.61,16.11,LOW
Guindy Corporate Park,2026-07-26,21,6,180,23,157,11,14.2,12.78,LOW
Guindy Corporate Park,2026-07-26,22,6,180,4,176,2,10.09,2.22,LOW
Guindy Corporate Park,2026-07-26,23,6,180,29,151,11,17.07,16.11,LOW
Chennai Mall,2026-07-27,0,0,150,12,138,6,9.43,8.0,LOW
Chennai Mall,2026-07-27,1,0,150,27,123,13,24.58,18.0,LOW
Chennai Mall,2026-07-27,2,0,150,29,121,11,26.84,19.33,LOW
Chennai Mall,2026-07-27,3,0,150,18,132,6,6.45,12.0,LOW
Chennai Mall,2026-07-27,4,0,150,16,134,7,5.0,10.67,LOW
Chennai Mall,2026-07-27,5,0,150,12,138,4,13.58,8.0,LOW
Chennai Mall,2026-07-27,6,0,150,24,126,6,24.26,16.0,LOW
Chennai Mall,2026-07-27,7,0,150,7,143,2,5.0,4.67,LOW
Chennai Mall,2026-07-27,8,0,150,32,118,7,12.74,21.33,LOW
Chennai Mall,2026-07-27,9,0,150,19,131,6,11.46,12.67,LOW
Chennai Mall,2026-07-27,10,0,150,28,122,7,27.9,18.67,LOW
Chennai Mall,2026-07-27,11,0,150,21,129,10,10.69,14.0,LOW
Chennai Mall,2026-07-27,12,0,150,90,60,27,50.77,60.0,MEDIUM
Chennai Mall,2026-07-27,13,0,150,80,70,18,51.15,53.33,MEDIUM
Chennai Mall,2026-07-27,14,0,150,81,69,36,53.1,54.0,MEDIUM
Chennai Mall,2026-07-27,15,0,150,97,53,35,60.42,64.67,MEDIUM
Chennai Mall,2026-07-27,16,0,150,31,119,9,20.41,20.67,LOW
Chennai Mall,2026-07-27,17,0,150,130,20,60,91.86,86.67,HIGH
Chennai Mall,2026-07-27,18,0,150,104,46,28,61.12,69.33,MEDIUM
Chennai Mall,2026-07-27,19,0,150,106,44,53,74.55,70.67,MEDIUM
Chennai Mall,2026-07-27,20,0,150,96,54,45,62.87,64.0,MEDIUM
Chennai Mall,2026-07-27,21,0,150,102,48,44,68.94,68.0,MEDIUM
Chennai Mall,2026-07-27,22,0,150,37,113,12,21.11,24.67,LOW
Chennai Mall,2026-07-27,23,0,150,34,116,10,27.79,22.67,LOW
T Nagar Commercial Hub,2026-07-27,0,0,120,22,98,10,18.72,18.33,LOW
T Nagar Commercial Hub,2026-07-27,1,0,120,8,112,3,11.05,6.67,LOW
T Nagar Commercial Hub,2026-07-27,2,0,120,16,104,7,7.62,13.33,LOW
T Nagar Commercial Hub,2026-07-27,3,0,120,13,107,3,15.68,10.83,LOW
T Nagar Commercial Hub,2026-07-27,4,0,120,12,108,6,5.0,10.0,LOW
T Nagar Commercial Hub,2026-07-27,5,0,120,13,107,3,11.43,10.83,LOW
T Nagar Commercial Hub,2026-07-27,6,0,120,7,113,2,15.82,5.83,LOW
T Nagar Commercial Hub,2026-07-27,7,0,120,14,106,5,14.36,11.67,LOW
T Nagar Commercial Hub,2026-07-27,8,0,120,23,97,6,10.86,19.17,LOW
T Nagar Commercial Hub,2026-07-27,9,0,120,19,101,5,20.6,15.83,LOW
T Nagar Commercial Hub,2026-07-27,10,0,120,83,37,22,70.58,69.17,MEDIUM
T Nagar Commercial Hub,2026-07-27,11,0,120,92,28,36,79.14,76.67,MEDIUM
T Nagar Commercial Hub,2026-07-27,12,0,120,99,21,42,79.57,82.5,HIGH
T Nagar Commercial Hub,2026-07-27,13,0,120,90,30,39,74.32,75.0,MEDIUM
T Nagar Commercial Hub,2026-07-27,14,0,120,103,17,42,84.74,85.83,HIGH
T Nagar Commercial Hub,2026-07-27,15,0,120,101,19,26,80.69,84.17,HIGH
T Nagar Commercial Hub,2026-07-27,16,0,120,66,54,14,61.65,55.0,MEDIUM
T Nagar Commercial Hub,2026-07-27,17,0,120,104,16,52,85.94,86.67,HIGH
T Nagar Commercial Hub,2026-07-27,18,0,120,81,39,29,66.91,67.5,MEDIUM
T Nagar Commercial Hub,2026-07-27,19,0,120,82,38,20,72.28,68.33,MEDIUM
T Nagar Commercial Hub,2026-07-27,20,0,120,55,65,13,43.58,45.83,LOW
T Nagar Commercial Hub,2026-07-27,21,0,120,63,57,23,52.68,52.5,MEDIUM
T Nagar Commercial Hub,2026-07-27,22,0,120,69,51,29,59.66,57.5,MEDIUM
T Nagar Commercial Hub,2026-07-27,23,0,120,7,113,2,5.0,5.83,LOW
Velachery Metro Station,2026-07-27,0,0,200,32,168,12,9.41,16.0,LOW
Velachery Metro Station,2026-07-27,1,0,200,39,161,11,22.81,19.5,LOW
Velachery Metro Station,2026-07-27,2,0,200,34,166,8,16.32,17.0,LOW
Velachery Metro Station,2026-07-27,3,0,200,31,169,13,16.18,15.5,LOW
Velachery Metro Station,2026-07-27,4,0,200,31,169,14,12.38,15.5,LOW
Velachery Metro Station,2026-07-27,5,0,200,7,193,2,11.73,3.5,LOW
Velachery Metro Station,2026-07-27,6,0,200,23,177,11,19.89,11.5,LOW
Velachery Metro Station,2026-07-27,7,0,200,186,14,54,86.69,93.0,HIGH
Velachery Metro Station,2026-07-27,8,0,200,170,30,83,84.87,85.0,HIGH
Velachery Metro Station,2026-07-27,9,0,200,175,25,74,93.78,87.5,HIGH
Velachery Metro Station,2026-07-27,10,0,200,183,17,64,89.86,91.5,HIGH
Velachery Metro Station,2026-07-27,11,0,200,165,35,60,84.01,82.5,HIGH
Velachery Metro Station,2026-07-27,12,0,200,189,11,59,83.34,94.5,HIGH
Velachery Metro Station,2026-07-27,13,0,200,156,44,77,73.38,78.0,MEDIUM
Velachery Metro Station,2026-07-27,14,0,200,138,62,32,63.82,69.0,MEDIUM
Velachery Metro Station,2026-07-27,15,0,200,169,31,83,82.4,84.5,HIGH
Velachery Metro Station,2026-07-27,16,0,200,166,34,41,87.11,83.0,HIGH
Velachery Metro Station,2026-07-27,17,0,200,180,20,67,96.39,90.0,HIGH
Velachery Metro Station,2026-07-27,18,0,200,184,16,85,91.02,92.0,HIGH
Velachery Metro Station,2026-07-27,19,0,200,200,0,69,98.0,100.0,HIGH
Velachery Metro Station,2026-07-27,20,0,200,177,23,67,93.31,88.5,HIGH
Velachery Metro Station,2026-07-27,21,0,200,110,90,23,55.95,55.0,MEDIUM
Velachery Metro Station,2026-07-27,22,0,200,79,121,39,41.43,39.5,LOW
Velachery Metro Station,2026-07-27,23,0,200,68,132,19,45.79,34.0,LOW
OMR IT Park,2026-07-27,0,0,300,17,283,5,12.52,5.67,LOW
OMR IT Park,2026-07-27,1,0,300,29,271,7,5.95,9.67,LOW
OMR IT Park,2026-07-27,2,0,300,12,288,3,5.0,4.0,LOW
OMR IT Park,2026-07-27,3,0,300,29,271,6,11.09,9.67,LOW
OMR IT Park,2026-07-27,4,0,300,24,276,8,18.65,8.0,LOW
OMR IT Park,2026-07-27,5,0,300,14,286,4,5.0,4.67,LOW
OMR IT Park,2026-07-27,6,0,300,21,279,10,5.0,7.0,LOW
OMR IT Park,2026-07-27,7,0,300,33,267,14,5.51,11.0,LOW
OMR IT Park,2026-07-27,8,0,300,251,49,69,82.59,83.67,HIGH
OMR IT Park,2026-07-27,9,0,300,248,52,76,78.85,82.67,HIGH
OMR IT Park,2026-07-27,10,0,300,278,22,126,96.25,92.67,HIGH
OMR IT Park,2026-07-27,11,0,300,239,61,71,81.8,79.67,MEDIUM
OMR IT Park,2026-07-27,12,0,300,260,40,63,82.97,86.67,HIGH
OMR IT Park,2026-07-27,13,0,300,245,55,105,81.76,81.67,HIGH
OMR IT Park,2026-07-27,14,0,300,293,7,102,95.99,97.67,HIGH
OMR IT Park,2026-07-27,15,0,300,300,0,125,98.0,100.0,HIGH
OMR IT Park,2026-07-27,16,0,300,283,17,73,96.34,94.33,HIGH
OMR IT Park,2026-07-27,17,0,300,148,152,61,47.32,49.33,LOW
OMR IT Park,2026-07-27,18,0,300,185,115,68,70.01,61.67,MEDIUM
OMR IT Park,2026-07-27,19,0,300,165,135,48,56.64,55.0,MEDIUM
OMR IT Park,2026-07-27,20,0,300,70,230,30,18.81,23.33,LOW
OMR IT Park,2026-07-27,21,0,300,76,224,16,24.57,25.33,LOW
OMR IT Park,2026-07-27,22,0,300,30,270,10,19.92,10.0,LOW
OMR IT Park,2026-07-27,23,0,300,31,269,9,13.43,10.33,LOW
Anna Nagar Center,2026-07-27,0,0,100,20,80,4,23.95,20.0,LOW
Anna Nagar Center,2026-07-27,1,0,100,25,75,7,21.73,25.0,LOW
Anna Nagar Center,2026-07-27,2,0,100,22,78,11,21.21,22.0,LOW
Anna Nagar Center,2026-07-27,3,0,100,13,87,5,5.0,13.0,LOW
Anna Nagar Center,2026-07-27,4,0,100,16,84,5,26.98,16.0,LOW
Anna Nagar Center,2026-07-27,5,0,100,23,77,11,23.28,23.0,LOW
Anna Nagar Center,2026-07-27,6,0,100,18,82,4,13.51,18.0,LOW
Anna Nagar Center,2026-07-27,7,0,100,6,94,2,11.54,6.0,LOW
Anna Nagar Center,2026-07-27,8,0,100,52,48,20,56.02,52.0,MEDIUM
Anna Nagar Center,2026-07-27,9,0,100,52,48,25,56.52,52.0,MEDIUM
Anna Nagar Center,2026-07-27,10,0,100,43,57,14,54.03,43.0,LOW
Anna Nagar Center,2026-07-27,11,0,100,54,46,21,66.73,54.0,MEDIUM
Anna Nagar Center,2026-07-27,12,0,100,81,19,27,80.46,81.0,HIGH
Anna Nagar Center,2026-07-27,13,0,100,84,16,26,83.46,84.0,HIGH
Anna Nagar Center,2026-07-27,14,0,100,87,13,37,96.07,87.0,HIGH
Anna Nagar Center,2026-07-27,15,0,100,87,13,33,79.27,87.0,HIGH
Anna Nagar Center,2026-07-27,16,0,100,60,40,22,61.06,60.0,MEDIUM
Anna Nagar Center,2026-07-27,17,0,100,67,33,20,60.21,67.0,MEDIUM
Anna Nagar Center,2026-07-27,18,0,100,69,31,17,71.17,69.0,MEDIUM
Anna Nagar Center,2026-07-27,19,0,100,70,30,16,67.99,70.0,MEDIUM
Anna Nagar Center,2026-07-27,20,0,100,72,28,27,79.94,72.0,MEDIUM
Anna Nagar Center,2026-07-27,21,0,100,65,35,30,62.09,65.0,MEDIUM
Anna Nagar Center,2026-07-27,22,0,100,22,78,5,24.71,22.0,LOW
Anna Nagar Center,2026-07-27,23,0,100,24,76,10,25.53,24.0,LOW
Guindy Corporate Park,2026-07-27,0,0,180,5,175,2,7.78,2.78,LOW
Guindy Corporate Park,2026-07-27,1,0,180,4,176,1,5.0,2.22,LOW
Guindy Corporate Park,2026-07-27,2,0,180,12,168,5,11.68,6.67,LOW
Guindy Corporate Park,2026-07-27,3,0,180,13,167,5,10.48,7.22,LOW
Guindy Corporate Park,2026-07-27,4,0,180,4,176,2,5.0,2.22,LOW
Guindy Corporate Park,2026-07-27,5,0,180,20,160,5,8.77,11.11,LOW
Guindy Corporate Park,2026-07-27,6,0,180,13,167,4,15.89,7.22,LOW
Guindy Corporate Park,2026-07-27,7,0,180,17,163,7,8.0,9.44,LOW
Guindy Corporate Park,2026-07-27,8,0,180,151,29,69,87.08,83.89,HIGH
Guindy Corporate Park,2026-07-27,9,0,180,159,21,55,98.0,88.33,HIGH
Guindy Corporate Park,2026-07-27,10,0,180,144,36,49,86.04,80.0,HIGH
Guindy Corporate Park,2026-07-27,11,0,180,155,25,36,77.52,86.11,HIGH
Guindy Corporate Park,2026-07-27,12,0,180,147,33,35,83.56,81.67,HIGH
Guindy Corporate Park,2026-07-27,13,0,180,170,10,52,98.0,94.44,HIGH
Guindy Corporate Park,2026-07-27,14,0,180,175,5,66,94.91,97.22,HIGH
Guindy Corporate Park,2026-07-27,15,0,180,169,11,56,96.37,93.89,HIGH
Guindy Corporate Park,2026-07-27,16,0,180,171,9,38,94.15,95.0,HIGH
Guindy Corporate Park,2026-07-27,17,0,180,112,68,44,60.88,62.22,MEDIUM
Guindy Corporate Park,2026-07-27,18,0,180,122,58,41,62.99,67.78,MEDIUM
Guindy Corporate Park,2026-07-27,19,0,180,124,56,41,57.43,68.89,MEDIUM
Guindy Corporate Park,2026-07-27,20,0,180,45,135,14,20.86,25.0,LOW
Guindy Corporate Park,2026-07-27,21,0,180,56,124,22,31.06,31.11,LOW
Guindy Corporate Park,2026-07-27,22,0,180,38,142,10,28.83,21.11,LOW
Guindy Corporate Park,2026-07-27,23,0,180,13,167,6,6.83,7.22,LOW
Chennai Mall,2026-07-28,0,1,150,28,122,13,25.14,18.67,LOW
Chennai Mall,2026-07-28,1,1,150,32,118,12,23.6,21.33,LOW
Chennai Mall,2026-07-28,2,1,150,15,135,4,12.77,10.0,LOW
Chennai Mall,2026-07-28,3,1,150,39,111,12,28.54,26.0,LOW
Chennai Mall,2026-07-28,4,1,150,14,136,4,5.0,9.33,LOW
Chennai Mall,2026-07-28,5,1,150,10,140,4,6.1,6.67,LOW
Chennai Mall,2026-07-28,6,1,150,22,128,8,25.29,14.67,LOW
Chennai Mall,2026-07-28,7,1,150,33,117,13,22.59,22.0,LOW
Chennai Mall,2026-07-28,8,1,150,18,132,5,19.18,12.0,LOW
Chennai Mall,2026-07-28,9,1,150,29,121,12,21.34,19.33,LOW
Chennai Mall,2026-07-28,10,1,150,43,107,21,19.98,28.67,LOW
Chennai Mall,2026-07-28,11,1,150,12,138,4,14.22,8.0,LOW
Chennai Mall,2026-07-28,12,1,150,70,80,20,46.97,46.67,LOW
Chennai Mall,2026-07-28,13,1,150,83,67,31,57.94,55.33,MEDIUM
Chennai Mall,2026-07-28,14,1,150,70,80,19,50.12,46.67,LOW
Chennai Mall,2026-07-28,15,1,150,84,66,30,51.1,56.0,MEDIUM
Chennai Mall,2026-07-28,16,1,150,13,137,3,18.89,8.67,LOW
Chennai Mall,2026-07-28,17,1,150,104,46,39,70.31,69.33,MEDIUM
Chennai Mall,2026-07-28,18,1,150,128,22,31,92.66,85.33,HIGH
Chennai Mall,2026-07-28,19,1,150,115,35,57,75.29,76.67,MEDIUM
Chennai Mall,2026-07-28,20,1,150,112,38,35,81.73,74.67,MEDIUM
Chennai Mall,2026-07-28,21,1,150,113,37,30,79.47,75.33,MEDIUM
Chennai Mall,2026-07-28,22,1,150,23,127,9,21.88,15.33,LOW
Chennai Mall,2026-07-28,23,1,150,38,112,14,21.22,25.33,LOW
T Nagar Commercial Hub,2026-07-28,0,1,120,22,98,8,6.39,18.33,LOW
T Nagar Commercial Hub,2026-07-28,1,1,120,7,113,3,5.36,5.83,LOW
T Nagar Commercial Hub,2026-07-28,2,1,120,20,100,6,11.33,16.67,LOW
T Nagar Commercial Hub,2026-07-28,3,1,120,17,103,7,12.34,14.17,LOW
T Nagar Commercial Hub,2026-07-28,4,1,120,22,98,10,19.34,18.33,LOW
T Nagar Commercial Hub,2026-07-28,5,1,120,14,106,7,9.37,11.67,LOW
T Nagar Commercial Hub,2026-07-28,6,1,120,19,101,6,11.52,15.83,LOW
T Nagar Commercial Hub,2026-07-28,7,1,120,7,113,2,7.92,5.83,LOW
T Nagar Commercial Hub,2026-07-28,8,1,120,22,98,11,16.19,18.33,LOW
T Nagar Commercial Hub,2026-07-28,9,1,120,21,99,8,18.75,17.5,LOW
T Nagar Commercial Hub,2026-07-28,10,1,120,88,32,34,79.91,73.33,MEDIUM
T Nagar Commercial Hub,2026-07-28,11,1,120,95,25,40,82.34,79.17,MEDIUM
T Nagar Commercial Hub,2026-07-28,12,1,120,88,32,38,76.56,73.33,MEDIUM
T Nagar Commercial Hub,2026-07-28,13,1,120,73,47,28,61.04,60.83,MEDIUM
T Nagar Commercial Hub,2026-07-28,14,1,120,68,52,21,63.68,56.67,MEDIUM
T Nagar Commercial Hub,2026-07-28,15,1,120,86,34,29,79.23,71.67,MEDIUM
T Nagar Commercial Hub,2026-07-28,16,1,120,75,45,21,68.83,62.5,MEDIUM
T Nagar Commercial Hub,2026-07-28,17,1,120,93,27,28,78.19,77.5,MEDIUM
T Nagar Commercial Hub,2026-07-28,18,1,120,90,30,26,83.82,75.0,MEDIUM
T Nagar Commercial Hub,2026-07-28,19,1,120,77,43,31,74.88,64.17,MEDIUM
T Nagar Commercial Hub,2026-07-28,20,1,120,45,75,20,35.89,37.5,LOW
T Nagar Commercial Hub,2026-07-28,21,1,120,45,75,16,39.95,37.5,LOW
T Nagar Commercial Hub,2026-07-28,22,1,120,39,81,18,30.23,32.5,LOW
T Nagar Commercial Hub,2026-07-28,23,1,120,11,109,4,5.0,9.17,LOW
Velachery Metro Station,2026-07-28,0,1,200,27,173,8,11.96,13.5,LOW
Velachery Metro Station,2026-07-28,1,1,200,29,171,12,20.82,14.5,LOW
Velachery Metro Station,2026-07-28,2,1,200,21,179,5,12.13,10.5,LOW
Velachery Metro Station,2026-07-28,3,1,200,15,185,4,13.28,7.5,LOW
Velachery Metro Station,2026-07-28,4,1,200,35,165,15,15.7,17.5,LOW
Velachery Metro Station,2026-07-28,5,1,200,49,151,22,23.46,24.5,LOW
Velachery Metro Station,2026-07-28,6,1,200,35,165,10,26.69,17.5,LOW
Velachery Metro Station,2026-07-28,7,1,200,195,5,47,98.0,97.5,HIGH
Velachery Metro Station,2026-07-28,8,1,200,178,22,83,84.35,89.0,HIGH
Velachery Metro Station,2026-07-28,9,1,200,167,33,54,86.27,83.5,HIGH
Velachery Metro Station,2026-07-28,10,1,200,180,20,54,90.07,90.0,HIGH
Velachery Metro Station,2026-07-28,11,1,200,151,49,75,85.31,75.5,MEDIUM
Velachery Metro Station,2026-07-28,12,1,200,172,28,46,76.3,86.0,HIGH
Velachery Metro Station,2026-07-28,13,1,200,155,45,71,80.53,77.5,MEDIUM
Velachery Metro Station,2026-07-28,14,1,200,164,36,39,83.33,82.0,HIGH
Velachery Metro Station,2026-07-28,15,1,200,152,48,49,81.14,76.0,MEDIUM
Velachery Metro Station,2026-07-28,16,1,200,172,28,68,81.79,86.0,HIGH
Velachery Metro Station,2026-07-28,17,1,200,190,10,78,85.34,95.0,HIGH
Velachery Metro Station,2026-07-28,18,1,200,180,20,81,97.42,90.0,HIGH
Velachery Metro Station,2026-07-28,19,1,200,176,24,64,89.13,88.0,HIGH
Velachery Metro Station,2026-07-28,20,1,200,180,20,47,90.12,90.0,HIGH
Velachery Metro Station,2026-07-28,21,1,200,66,134,22,38.44,33.0,LOW
Velachery Metro Station,2026-07-28,22,1,200,62,138,25,33.48,31.0,LOW
Velachery Metro Station,2026-07-28,23,1,200,81,119,28,47.61,40.5,LOW
OMR IT Park,2026-07-28,0,1,300,13,287,3,7.8,4.33,LOW
OMR IT Park,2026-07-28,1,1,300,6,294,3,5.84,2.0,LOW
OMR IT Park,2026-07-28,2,1,300,6,294,2,8.5,2.0,LOW
OMR IT Park,2026-07-28,3,1,300,34,266,14,15.68,11.33,LOW
OMR IT Park,2026-07-28,4,1,300,22,278,5,10.95,7.33,LOW
OMR IT Park,2026-07-28,5,1,300,33,267,8,11.24,11.0,LOW
OMR IT Park,2026-07-28,6,1,300,47,253,10,13.03,15.67,LOW
OMR IT Park,2026-07-28,7,1,300,46,254,22,18.92,15.33,LOW
OMR IT Park,2026-07-28,8,1,300,275,25,103,85.89,91.67,HIGH
OMR IT Park,2026-07-28,9,1,300,267,33,121,85.29,89.0,HIGH
OMR IT Park,2026-07-28,10,1,300,264,36,128,82.81,88.0,HIGH
OMR IT Park,2026-07-28,11,1,300,261,39,114,83.1,87.0,HIGH
OMR IT Park,2026-07-28,12,1,300,299,1,123,95.3,99.67,HIGH
OMR IT Park,2026-07-28,13,1,300,277,23,81,90.43,92.33,HIGH
OMR IT Park,2026-07-28,14,1,300,267,33,70,82.41,89.0,HIGH
OMR IT Park,2026-07-28,15,1,300,217,83,71,77.44,72.33,MEDIUM
OMR IT Park,2026-07-28,16,1,300,254,46,64,86.3,84.67,HIGH
OMR IT Park,2026-07-28,17,1,300,184,116,63,56.48,61.33,MEDIUM
OMR IT Park,2026-07-28,18,1,300,200,100,100,64.8,66.67,MEDIUM
OMR IT Park,2026-07-28,19,1,300,190,110,79,68.95,63.33,MEDIUM
OMR IT Park,2026-07-28,20,1,300,61,239,27,25.04,20.33,LOW
OMR IT Park,2026-07-28,21,1,300,53,247,11,28.35,17.67,LOW
OMR IT Park,2026-07-28,22,1,300,59,241,15,24.1,19.67,LOW
OMR IT Park,2026-07-28,23,1,300,11,289,4,5.0,3.67,LOW
Anna Nagar Center,2026-07-28,0,1,100,9,91,2,6.18,9.0,LOW
Anna Nagar Center,2026-07-28,1,1,100,20,80,4,17.93,20.0,LOW
Anna Nagar Center,2026-07-28,2,1,100,21,79,6,21.59,21.0,LOW
Anna Nagar Center,2026-07-28,3,1,100,10,90,5,6.09,10.0,LOW
Anna Nagar Center,2026-07-28,4,1,100,17,83,7,9.91,17.0,LOW
Anna Nagar Center,2026-07-28,5,1,100,6,94,1,16.09,6.0,LOW
Anna Nagar Center,2026-07-28,6,1,100,10,90,3,8.17,10.0,LOW
Anna Nagar Center,2026-07-28,7,1,100,17,83,7,15.4,17.0,LOW
Anna Nagar Center,2026-07-28,8,1,100,57,43,18,48.61,57.0,MEDIUM
Anna Nagar Center,2026-07-28,9,1,100,40,60,8,34.19,40.0,LOW
Anna Nagar Center,2026-07-28,10,1,100,55,45,27,57.02,55.0,MEDIUM
Anna Nagar Center,2026-07-28,11,1,100,64,36,17,56.07,64.0,MEDIUM
Anna Nagar Center,2026-07-28,12,1,100,80,20,27,80.86,80.0,HIGH
Anna Nagar Center,2026-07-28,13,1,100,75,25,19,78.26,75.0,MEDIUM
Anna Nagar Center,2026-07-28,14,1,100,79,21,29,79.17,79.0,MEDIUM
Anna Nagar Center,2026-07-28,15,1,100,83,17,25,79.54,83.0,HIGH
Anna Nagar Center,2026-07-28,16,1,100,61,39,29,57.94,61.0,MEDIUM
Anna Nagar Center,2026-07-28,17,1,100,47,53,23,48.44,47.0,LOW
Anna Nagar Center,2026-07-28,18,1,100,82,18,18,84.83,82.0,HIGH
Anna Nagar Center,2026-07-28,19,1,100,80,20,30,70.25,80.0,HIGH
Anna Nagar Center,2026-07-28,20,1,100,86,14,37,76.04,86.0,HIGH
Anna Nagar Center,2026-07-28,21,1,100,76,24,32,76.94,76.0,MEDIUM
Anna Nagar Center,2026-07-28,22,1,100,20,80,5,16.66,20.0,LOW
Anna Nagar Center,2026-07-28,23,1,100,16,84,7,18.15,16.0,LOW
Guindy Corporate Park,2026-07-28,0,1,180,16,164,5,13.07,8.89,LOW
Guindy Corporate Park,2026-07-28,1,1,180,25,155,10,5.0,13.89,LOW
Guindy Corporate Park,2026-07-28,2,1,180,5,175,2,5.0,2.78,LOW
Guindy Corporate Park,2026-07-28,3,1,180,8,172,2,5.0,4.44,LOW
Guindy Corporate Park,2026-07-28,4,1,180,4,176,1,5.0,2.22,LOW
Guindy Corporate Park,2026-07-28,5,1,180,4,176,1,7.4,2.22,LOW
Guindy Corporate Park,2026-07-28,6,1,180,14,166,3,10.4,7.78,LOW
Guindy Corporate Park,2026-07-28,7,1,180,8,172,2,7.25,4.44,LOW
Guindy Corporate Park,2026-07-28,8,1,180,159,21,44,98.0,88.33,HIGH
Guindy Corporate Park,2026-07-28,9,1,180,136,44,29,72.49,75.56,MEDIUM
Guindy Corporate Park,2026-07-28,10,1,180,168,12,36,88.09,93.33,HIGH
Guindy Corporate Park,2026-07-28,11,1,180,174,6,63,89.5,96.67,HIGH
Guindy Corporate Park,2026-07-28,12,1,180,152,28,50,87.7,84.44,HIGH
Guindy Corporate Park,2026-07-28,13,1,180,169,11,34,98.0,93.89,HIGH
Guindy Corporate Park,2026-07-28,14,1,180,177,3,59,93.53,98.33,HIGH
Guindy Corporate Park,2026-07-28,15,1,180,157,23,67,87.77,87.22,HIGH
Guindy Corporate Park,2026-07-28,16,1,180,150,30,40,81.18,83.33,HIGH
Guindy Corporate Park,2026-07-28,17,1,180,97,83,44,60.9,53.89,MEDIUM
Guindy Corporate Park,2026-07-28,18,1,180,99,81,21,61.3,55.0,MEDIUM
Guindy Corporate Park,2026-07-28,19,1,180,98,82,37,51.27,54.44,MEDIUM
Guindy Corporate Park,2026-07-28,20,1,180,28,152,13,11.44,15.56,LOW
Guindy Corporate Park,2026-07-28,21,1,180,48,132,19,30.47,26.67,LOW
Guindy Corporate Park,2026-07-28,22,1,180,45,135,22,28.35,25.0,LOW
Guindy Corporate Park,2026-07-28,23,1,180,13,167,6,5.0,7.22,LOW
Chennai Mall,2026-07-29,0,2,150,31,119,12,23.46,20.67,LOW
Chennai Mall,2026-07-29,1,2,150,10,140,4,9.97,6.67,LOW
Chennai Mall,2026-07-29,2,2,150,19,131,5,8.41,12.67,LOW
Chennai Mall,2026-07-29,3,2,150,22,128,5,16.76,14.67,LOW
Chennai Mall,2026-07-29,4,2,150,34,116,12,22.27,22.67,LOW
Chennai Mall,2026-07-29,5,2,150,10,140,3,17.76,6.67,LOW
Chennai Mall,2026-07-29,6,2,150,19,131,6,21.12,12.67,LOW
Chennai Mall,2026-07-29,7,2,150,32,118,10,26.61,21.33,LOW
Chennai Mall,2026-07-29,8,2,150,27,123,12,15.48,18.0,LOW
Chennai Mall,2026-07-29,9,2,150,13,137,5,16.97,8.67,LOW
Chennai Mall,2026-07-29,10,2,150,19,131,7,6.17,12.67,LOW
Chennai Mall,2026-07-29,11,2,150,23,127,10,14.02,15.33,LOW
Chennai Mall,2026-07-29,12,2,150,84,66,23,59.14,56.0,MEDIUM
Chennai Mall,2026-07-29,13,2,150,81,69,29,51.24,54.0,MEDIUM
Chennai Mall,2026-07-29,14,2,150,73,77,34,46.04,48.67,LOW
Chennai Mall,2026-07-29,15,2,150,84,66,33,61.21,56.0,MEDIUM
Chennai Mall,2026-07-29,16,2,150,18,132,9,5.27,12.0,LOW
Chennai Mall,2026-07-29,17,2,150,114,36,26,71.74,76.0,MEDIUM
Chennai Mall,2026-07-29,18,2,150,99,51,40,71.01,66.0,MEDIUM
Chennai Mall,2026-07-29,19,2,150,115,35,25,69.07,76.67,MEDIUM
Chennai Mall,2026-07-29,20,2,150,102,48,41,73.64,68.0,MEDIUM
Chennai Mall,2026-07-29,21,2,150,108,42,35,65.55,72.0,MEDIUM
Chennai Mall,2026-07-29,22,2,150,58,92,17,38.09,38.67,LOW
Chennai Mall,2026-07-29,23,2,150,65,85,30,41.94,43.33,LOW
T Nagar Commercial Hub,2026-07-29,0,2,120,16,104,6,18.85,13.33,LOW
T Nagar Commercial Hub,2026-07-29,1,2,120,15,105,7,5.97,12.5,LOW
T Nagar Commercial Hub,2026-07-29,2,2,120,23,97,7,23.28,19.17,LOW
T Nagar Commercial Hub,2026-07-29,3,2,120,13,107,4,10.37,10.83,LOW
T Nagar Commercial Hub,2026-07-29,4,2,120,3,117,1,5.0,2.5,LOW
T Nagar Commercial Hub,2026-07-29,5,2,120,13,107,4,7.63,10.83,LOW
T Nagar Commercial Hub,2026-07-29,6,2,120,15,105,7,22.56,12.5,LOW
T Nagar Commercial Hub,2026-07-29,7,2,120,15,105,5,21.88,12.5,LOW
T Nagar Commercial Hub,2026-07-29,8,2,120,10,110,5,5.0,8.33,LOW
T Nagar Commercial Hub,2026-07-29,9,2,120,17,103,7,12.51,14.17,LOW
T Nagar Commercial Hub,2026-07-29,10,2,120,96,24,44,79.52,80.0,HIGH
T Nagar Commercial Hub,2026-07-29,11,2,120,85,35,21,74.78,70.83,MEDIUM
T Nagar Commercial Hub,2026-07-29,12,2,120,96,24,48,76.56,80.0,HIGH
T Nagar Commercial Hub,2026-07-29,13,2,120,101,19,41,91.0,84.17,HIGH
T Nagar Commercial Hub,2026-07-29,14,2,120,94,26,26,82.68,78.33,MEDIUM
T Nagar Commercial Hub,2026-07-29,15,2,120,85,35,32,67.97,70.83,MEDIUM
T Nagar Commercial Hub,2026-07-29,16,2,120,87,33,31,78.11,72.5,MEDIUM
T Nagar Commercial Hub,2026-07-29,17,2,120,83,37,19,63.02,69.17,MEDIUM
T Nagar Commercial Hub,2026-07-29,18,2,120,92,28,36,75.18,76.67,MEDIUM
T Nagar Commercial Hub,2026-07-29,19,2,120,107,13,31,76.99,89.17,HIGH
T Nagar Commercial Hub,2026-07-29,20,2,120,49,71,12,40.33,40.83,LOW
T Nagar Commercial Hub,2026-07-29,21,2,120,71,49,35,54.77,59.17,MEDIUM
T Nagar Commercial Hub,2026-07-29,22,2,120,40,80,13,34.88,33.33,LOW
T Nagar Commercial Hub,2026-07-29,23,2,120,20,100,5,16.6,16.67,LOW
Velachery Metro Station,2026-07-29,0,2,200,31,169,6,12.65,15.5,LOW
Velachery Metro Station,2026-07-29,1,2,200,54,146,16,17.97,27.0,LOW
Velachery Metro Station,2026-07-29,2,2,200,47,153,19,21.44,23.5,LOW
Velachery Metro Station,2026-07-29,3,2,200,26,174,10,8.12,13.0,LOW
Velachery Metro Station,2026-07-29,4,2,200,31,169,13,15.9,15.5,LOW
Velachery Metro Station,2026-07-29,5,2,200,41,159,11,16.03,20.5,LOW
Velachery Metro Station,2026-07-29,6,2,200,4,196,2,9.23,2.0,LOW
Velachery Metro Station,2026-07-29,7,2,200,166,34,58,74.86,83.0,HIGH
Velachery Metro Station,2026-07-29,8,2,200,172,28,44,85.1,86.0,HIGH
Velachery Metro Station,2026-07-29,9,2,200,191,9,94,96.89,95.5,HIGH
Velachery Metro Station,2026-07-29,10,2,200,176,24,83,95.57,88.0,HIGH
Velachery Metro Station,2026-07-29,11,2,200,165,35,82,72.25,82.5,HIGH
Velachery Metro Station,2026-07-29,12,2,200,171,29,50,83.99,85.5,HIGH
Velachery Metro Station,2026-07-29,13,2,200,164,36,53,86.5,82.0,HIGH
Velachery Metro Station,2026-07-29,14,2,200,180,20,78,82.93,90.0,HIGH
Velachery Metro Station,2026-07-29,15,2,200,158,42,39,89.58,79.0,MEDIUM
Velachery Metro Station,2026-07-29,16,2,200,162,38,73,87.78,81.0,HIGH
Velachery Metro Station,2026-07-29,17,2,200,182,18,66,98.0,91.0,HIGH
Velachery Metro Station,2026-07-29,18,2,200,200,0,62,96.5,100.0,HIGH
Velachery Metro Station,2026-07-29,19,2,200,174,26,60,71.91,87.0,HIGH
Velachery Metro Station,2026-07-29,20,2,200,198,2,70,97.12,99.0,HIGH
Velachery Metro Station,2026-07-29,21,2,200,71,129,25,32.19,35.5,LOW
Velachery Metro Station,2026-07-29,22,2,200,46,154,20,32.3,23.0,LOW
Velachery Metro Station,2026-07-29,23,2,200,100,100,26,60.57,50.0,MEDIUM
OMR IT Park,2026-07-29,0,2,300,15,285,7,5.0,5.0,LOW
OMR IT Park,2026-07-29,1,2,300,33,267,10,13.41,11.0,LOW
OMR IT Park,2026-07-29,2,2,300,26,274,9,12.09,8.67,LOW
OMR IT Park,2026-07-29,3,2,300,9,291,2,5.44,3.0,LOW
OMR IT Park,2026-07-29,4,2,300,13,287,4,5.37,4.33,LOW
OMR IT Park,2026-07-29,5,2,300,21,279,6,18.84,7.0,LOW
OMR IT Park,2026-07-29,6,2,300,16,284,4,5.55,5.33,LOW
OMR IT Park,2026-07-29,7,2,300,6,294,3,5.0,2.0,LOW
OMR IT Park,2026-07-29,8,2,300,237,63,68,76.25,79.0,MEDIUM
OMR IT Park,2026-07-29,9,2,300,267,33,90,88.04,89.0,HIGH
OMR IT Park,2026-07-29,10,2,300,242,58,53,83.5,80.67,HIGH
OMR IT Park,2026-07-29,11,2,300,295,5,132,91.95,98.33,HIGH
OMR IT Park,2026-07-29,12,2,300,242,58,63,85.26,80.67,HIGH
OMR IT Park,2026-07-29,13,2,300,239,61,49,82.59,79.67,MEDIUM
OMR IT Park,2026-07-29,14,2,300,235,65,50,79.31,78.33,MEDIUM
OMR IT Park,2026-07-29,15,2,300,274,26,124,96.21,91.33,HIGH
OMR IT Park,2026-07-29,16,2,300,247,53,91,83.12,82.33,HIGH
OMR IT Park,2026-07-29,17,2,300,162,138,33,66.58,54.0,MEDIUM
OMR IT Park,2026-07-29,18,2,300,199,101,49,67.96,66.33,MEDIUM
OMR IT Park,2026-07-29,19,2,300,166,134,39,55.54,55.33,MEDIUM
OMR IT Park,2026-07-29,20,2,300,50,250,24,14.97,16.67,LOW
OMR IT Park,2026-07-29,21,2,300,85,215,32,29.29,28.33,LOW
OMR IT Park,2026-07-29,22,2,300,100,200,42,24.48,33.33,LOW
OMR IT Park,2026-07-29,23,2,300,38,262,8,8.32,12.67,LOW
Anna Nagar Center,2026-07-29,0,2,100,16,84,4,14.1,16.0,LOW
Anna Nagar Center,2026-07-29,1,2,100,9,91,4,9.23,9.0,LOW
Anna Nagar Center,2026-07-29,2,2,100,9,91,3,5.0,9.0,LOW
Anna Nagar Center,2026-07-29,3,2,100,22,78,7,16.26,22.0,LOW
Anna Nagar Center,2026-07-29,4,2,100,20,80,8,11.29,20.0,LOW
Anna Nagar Center,2026-07-29,5,2,100,15,85,7,5.55,15.0,LOW
Anna Nagar Center,2026-07-29,6,2,100,8,92,3,14.68,8.0,LOW
Anna Nagar Center,2026-07-29,7,2,100,28,72,10,26.08,28.0,LOW
Anna Nagar Center,2026-07-29,8,2,100,48,52,22,47.36,48.0,LOW
Anna Nagar Center,2026-07-29,9,2,100,46,54,17,35.0,46.0,LOW
Anna Nagar Center,2026-07-29,10,2,100,47,53,20,40.96,47.0,LOW
Anna Nagar Center,2026-07-29,11,2,100,60,40,28,63.11,60.0,MEDIUM
Anna Nagar Center,2026-07-29,12,2,100,83,17,40,75.11,83.0,HIGH
Anna Nagar Center,2026-07-29,13,2,100,82,18,34,91.35,82.0,HIGH
Anna Nagar Center,2026-07-29,14,2,100,86,14,18,89.12,86.0,HIGH
Anna Nagar Center,2026-07-29,15,2,100,82,18,31,80.04,82.0,HIGH
Anna Nagar Center,2026-07-29,16,2,100,58,42,17,48.82,58.0,MEDIUM
Anna Nagar Center,2026-07-29,17,2,100,49,51,11,53.27,49.0,LOW
Anna Nagar Center,2026-07-29,18,2,100,72,28,18,68.23,72.0,MEDIUM
Anna Nagar Center,2026-07-29,19,2,100,83,17,24,85.29,83.0,HIGH
Anna Nagar Center,2026-07-29,20,2,100,80,20,38,68.68,80.0,HIGH
Anna Nagar Center,2026-07-29,21,2,100,76,24,23,70.43,76.0,MEDIUM
Anna Nagar Center,2026-07-29,22,2,100,3,97,1,7.37,3.0,LOW
Anna Nagar Center,2026-07-29,23,2,100,7,93,3,7.11,7.0,LOW
Guindy Corporate Park,2026-07-29,0,2,180,18,162,6,9.42,10.0,LOW
Guindy Corporate Park,2026-07-29,1,2,180,5,175,1,5.0,2.78,LOW
Guindy Corporate Park,2026-07-29,2,2,180,11,169,3,5.0,6.11,LOW
Guindy Corporate Park,2026-07-29,3,2,180,4,176,1,11.66,2.22,LOW
Guindy Corporate Park,2026-07-29,4,2,180,18,162,7,18.99,10.0,LOW
Guindy Corporate Park,2026-07-29,5,2,180,6,174,1,14.02,3.33,LOW
Guindy Corporate Park,2026-07-29,6,2,180,6,174,2,5.0,3.33,LOW
Guindy Corporate Park,2026-07-29,7,2,180,4,176,1,15.89,2.22,LOW
Guindy Corporate Park,2026-07-29,8,2,180,158,22,77,82.73,87.78,HIGH
Guindy Corporate Park,2026-07-29,9,2,180,130,50,27,71.71,72.22,MEDIUM
Guindy Corporate Park,2026-07-29,10,2,180,138,42,59,76.6,76.67,MEDIUM
Guindy Corporate Park,2026-07-29,11,2,180,171,9,69,94.1,95.0,HIGH
Guindy Corporate Park,2026-07-29,12,2,180,170,10,82,91.36,94.44,HIGH
Guindy Corporate Park,2026-07-29,13,2,180,158,22,46,88.43,87.78,HIGH
Guindy Corporate Park,2026-07-29,14,2,180,160,20,62,85.09,88.89,HIGH
Guindy Corporate Park,2026-07-29,15,2,180,165,15,36,97.96,91.67,HIGH
Guindy Corporate Park,2026-07-29,16,2,180,180,0,37,95.17,100.0,HIGH
Guindy Corporate Park,2026-07-29,17,2,180,112,68,34,69.9,62.22,MEDIUM
Guindy Corporate Park,2026-07-29,18,2,180,126,54,61,70.11,70.0,MEDIUM
Guindy Corporate Park,2026-07-29,19,2,180,104,76,26,58.54,57.78,MEDIUM
Guindy Corporate Park,2026-07-29,20,2,180,43,137,18,22.67,23.89,LOW
Guindy Corporate Park,2026-07-29,21,2,180,36,144,13,14.58,20.0,LOW
Guindy Corporate Park,2026-07-29,22,2,180,56,124,25,33.76,31.11,LOW
Guindy Corporate Park,2026-07-29,23,2,180,4,176,2,8.6,2.22,LOW
Chennai Mall,2026-07-30,0,3,150,20,130,7,22.89,13.33,LOW
Chennai Mall,2026-07-30,1,3,150,26,124,11,14.12,17.33,LOW
Chennai Mall,2026-07-30,2,3,150,28,122,11,20.45,18.67,LOW
Chennai Mall,2026-07-30,3,3,150,20,130,5,14.65,13.33,LOW
Chennai Mall,2026-07-30,4,3,150,28,122,10,25.96,18.67,LOW
Chennai Mall,2026-07-30,5,3,150,18,132,4,5.81,12.0,LOW
Chennai Mall,2026-07-30,6,3,150,34,116,17,20.8,22.67,LOW
Chennai Mall,2026-07-30,7,3,150,24,126,6,5.72,16.0,LOW
Chennai Mall,2026-07-30,8,3,150,16,134,5,8.68,10.67,LOW
Chennai Mall,2026-07-30,9,3,150,24,126,6,13.98,16.0,LOW
Chennai Mall,2026-07-30,10,3,150,20,130,6,16.69,13.33,LOW
Chennai Mall,2026-07-30,11,3,150,21,129,6,15.49,14.0,LOW
Chennai Mall,2026-07-30,12,3,150,86,64,41,43.51,57.33,MEDIUM
Chennai Mall,2026-07-30,13,3,150,91,59,23,57.82,60.67,MEDIUM
Chennai Mall,2026-07-30,14,3,150,90,60,40,52.28,60.0,MEDIUM
Chennai Mall,2026-07-30,15,3,150,78,72,31,47.79,52.0,MEDIUM
Chennai Mall,2026-07-30,16,3,150,25,125,7,21.0,16.67,LOW
Chennai Mall,2026-07-30,17,3,150,123,27,45,79.93,82.0,HIGH
Chennai Mall,2026-07-30,18,3,150,105,45,41,68.79,70.0,MEDIUM
Chennai Mall,2026-07-30,19,3,150,111,39,36,78.12,74.0,MEDIUM
Chennai Mall,2026-07-30,20,3,150,119,31,34,77.18,79.33,MEDIUM
Chennai Mall,2026-07-30,21,3,150,102,48,50,54.89,68.0,MEDIUM
Chennai Mall,2026-07-30,22,3,150,56,94,27,23.95,37.33,LOW
Chennai Mall,2026-07-30,23,3,150,57,93,26,33.94,38.0,LOW
T Nagar Commercial Hub,2026-07-30,0,3,120,16,104,6,25.14,13.33,LOW
T Nagar Commercial Hub,2026-07-30,1,3,120,18,102,5,13.29,15.0,LOW
T Nagar Commercial Hub,2026-07-30,2,3,120,19,101,9,27.19,15.83,LOW
T Nagar Commercial Hub,2026-07-30,3,3,120,26,94,7,16.17,21.67,LOW
T Nagar Commercial Hub,2026-07-30,4,3,120,17,103,6,8.04,14.17,LOW
T Nagar Commercial Hub,2026-07-30,5,3,120,10,110,5,10.51,8.33,LOW
T Nagar Commercial Hub,2026-07-30,6,3,120,8,112,3,10.86,6.67,LOW
T Nagar Commercial Hub,2026-07-30,7,3,120,21,99,6,14.22,17.5,LOW
T Nagar Commercial Hub,2026-07-30,8,3,120,23,97,10,14.55,19.17,LOW
T Nagar Commercial Hub,2026-07-30,9,3,120,12,108,5,10.85,10.0,LOW
T Nagar Commercial Hub,2026-07-30,10,3,120,101,19,48,90.0,84.17,HIGH
T Nagar Commercial Hub,2026-07-30,11,3,120,82,38,38,76.63,68.33,MEDIUM
T Nagar Commercial Hub,2026-07-30,12,3,120,85,35,31,54.13,70.83,MEDIUM
T Nagar Commercial Hub,2026-07-30,13,3,120,85,35,39,76.5,70.83,MEDIUM
T Nagar Commercial Hub,2026-07-30,14,3,120,90,30,35,79.92,75.0,MEDIUM
T Nagar Commercial Hub,2026-07-30,15,3,120,98,22,20,75.63,81.67,HIGH
T Nagar Commercial Hub,2026-07-30,16,3,120,92,28,36,86.37,76.67,MEDIUM
T Nagar Commercial Hub,2026-07-30,17,3,120,73,47,25,70.45,60.83,MEDIUM
T Nagar Commercial Hub,2026-07-30,18,3,120,90,30,41,65.85,75.0,MEDIUM
T Nagar Commercial Hub,2026-07-30,19,3,120,86,34,35,61.92,71.67,MEDIUM
T Nagar Commercial Hub,2026-07-30,20,3,120,58,62,17,33.63,48.33,LOW
T Nagar Commercial Hub,2026-07-30,21,3,120,47,73,10,35.58,39.17,LOW
T Nagar Commercial Hub,2026-07-30,22,3,120,58,62,16,43.92,48.33,LOW
T Nagar Commercial Hub,2026-07-30,23,3,120,19,101,7,19.47,15.83,LOW
Velachery Metro Station,2026-07-30,0,3,200,31,169,7,6.58,15.5,LOW
Velachery Metro Station,2026-07-30,1,3,200,47,153,10,19.74,23.5,LOW
Velachery Metro Station,2026-07-30,2,3,200,14,186,3,8.12,7.0,LOW
Velachery Metro Station,2026-07-30,3,3,200,11,189,5,5.37,5.5,LOW
Velachery Metro Station,2026-07-30,4,3,200,10,190,4,5.0,5.0,LOW
Velachery Metro Station,2026-07-30,5,3,200,23,177,8,6.94,11.5,LOW
Velachery Metro Station,2026-07-30,6,3,200,15,185,5,12.96,7.5,LOW
Velachery Metro Station,2026-07-30,7,3,200,197,3,91,92.52,98.5,HIGH
Velachery Metro Station,2026-07-30,8,3,200,189,11,68,98.0,94.5,HIGH
Velachery Metro Station,2026-07-30,9,3,200,174,26,57,77.76,87.0,HIGH
Velachery Metro Station,2026-07-30,10,3,200,174,26,54,97.42,87.0,HIGH
Velachery Metro Station,2026-07-30,11,3,200,149,51,47,71.16,74.5,MEDIUM
Velachery Metro Station,2026-07-30,12,3,200,153,47,67,87.67,76.5,MEDIUM
Velachery Metro Station,2026-07-30,13,3,200,159,41,36,77.3,79.5,MEDIUM
Velachery Metro Station,2026-07-30,14,3,200,177,23,75,87.44,88.5,HIGH
Velachery Metro Station,2026-07-30,15,3,200,153,47,64,74.14,76.5,MEDIUM
Velachery Metro Station,2026-07-30,16,3,200,162,38,78,84.45,81.0,HIGH
Velachery Metro Station,2026-07-30,17,3,200,183,17,52,98.0,91.5,HIGH
Velachery Metro Station,2026-07-30,18,3,200,166,34,76,92.19,83.0,HIGH
Velachery Metro Station,2026-07-30,19,3,200,186,14,65,98.0,93.0,HIGH
Velachery Metro Station,2026-07-30,20,3,200,185,15,90,79.17,92.5,HIGH
Velachery Metro Station,2026-07-30,21,3,200,88,112,26,49.98,44.0,LOW
Velachery Metro Station,2026-07-30,22,3,200,98,102,42,44.21,49.0,LOW
Velachery Metro Station,2026-07-30,23,3,200,105,95,47,53.18,52.5,MEDIUM
OMR IT Park,2026-07-30,0,3,300,6,294,3,5.0,2.0,LOW
OMR IT Park,2026-07-30,1,3,300,10,290,3,5.0,3.33,LOW
OMR IT Park,2026-07-30,2,3,300,20,280,7,8.11,6.67,LOW
OMR IT Park,2026-07-30,3,3,300,23,277,10,16.19,7.67,LOW
OMR IT Park,2026-07-30,4,3,300,6,294,3,5.0,2.0,LOW
OMR IT Park,2026-07-30,5,3,300,6,294,2,6.24,2.0,LOW
OMR IT Park,2026-07-30,6,3,300,6,294,2,5.0,2.0,LOW
OMR IT Park,2026-07-30,7,3,300,22,278,9,7.99,7.33,LOW
OMR IT Park,2026-07-30,8,3,300,248,52,72,83.7,82.67,HIGH
OMR IT Park,2026-07-30,9,3,300,276,24,95,91.3,92.0,HIGH
OMR IT Park,2026-07-30,10,3,300,233,67,75,81.98,77.67,MEDIUM
OMR IT Park,2026-07-30,11,3,300,275,25,118,90.14,91.67,HIGH
OMR IT Park,2026-07-30,12,3,300,266,34,109,91.28,88.67,HIGH
OMR IT Park,2026-07-30,13,3,300,283,17,59,98.0,94.33,HIGH
OMR IT Park,2026-07-30,14,3,300,279,21,84,95.77,93.0,HIGH
OMR IT Park,2026-07-30,15,3,300,259,41,104,89.92,86.33,HIGH
OMR IT Park,2026-07-30,16,3,300,239,61,90,82.57,79.67,MEDIUM
OMR IT Park,2026-07-30,17,3,300,178,122,89,60.44,59.33,MEDIUM
OMR IT Park,2026-07-30,18,3,300,168,132,38,52.95,56.0,MEDIUM
OMR IT Park,2026-07-30,19,3,300,178,122,38,62.79,59.33,MEDIUM
OMR IT Park,2026-07-30,20,3,300,56,244,26,24.98,18.67,LOW
OMR IT Park,2026-07-30,21,3,300,49,251,11,15.82,16.33,LOW
OMR IT Park,2026-07-30,22,3,300,106,194,35,27.77,35.33,LOW
OMR IT Park,2026-07-30,23,3,300,6,294,2,5.0,2.0,LOW
Anna Nagar Center,2026-07-30,0,3,100,25,75,6,22.62,25.0,LOW
Anna Nagar Center,2026-07-30,1,3,100,13,87,3,17.89,13.0,LOW
Anna Nagar Center,2026-07-30,2,3,100,16,84,4,22.48,16.0,LOW
Anna Nagar Center,2026-07-30,3,3,100,15,85,6,16.85,15.0,LOW
Anna Nagar Center,2026-07-30,4,3,100,21,79,7,16.55,21.0,LOW
Anna Nagar Center,2026-07-30,5,3,100,10,90,2,5.0,10.0,LOW
Anna Nagar Center,2026-07-30,6,3,100,16,84,3,10.14,16.0,LOW
Anna Nagar Center,2026-07-30,7,3,100,9,91,4,15.15,9.0,LOW
Anna Nagar Center,2026-07-30,8,3,100,45,55,17,52.78,45.0,LOW
Anna Nagar Center,2026-07-30,9,3,100,44,56,12,38.88,44.0,LOW
Anna Nagar Center,2026-07-30,10,3,100,46,54,17,53.4,46.0,LOW
Anna Nagar Center,2026-07-30,11,3,100,43,57,20,56.12,43.0,LOW
Anna Nagar Center,2026-07-30,12,3,100,73,27,34,80.91,73.0,MEDIUM
Anna Nagar Center,2026-07-30,13,3,100,59,41,23,70.7,59.0,MEDIUM
Anna Nagar Center,2026-07-30,14,3,100,77,23,21,71.62,77.0,MEDIUM
Anna Nagar Center,2026-07-30,15,3,100,68,32,15,66.2,68.0,MEDIUM
Anna Nagar Center,2026-07-30,16,3,100,37,63,12,44.57,37.0,LOW
Anna Nagar Center,2026-07-30,17,3,100,63,37,22,56.38,63.0,MEDIUM
Anna Nagar Center,2026-07-30,18,3,100,86,14,32,88.16,86.0,HIGH
Anna Nagar Center,2026-07-30,19,3,100,79,21,39,78.56,79.0,MEDIUM
Anna Nagar Center,2026-07-30,20,3,100,71,29,15,76.7,71.0,MEDIUM
Anna Nagar Center,2026-07-30,21,3,100,74,26,25,69.2,74.0,MEDIUM
Anna Nagar Center,2026-07-30,22,3,100,19,81,5,7.64,19.0,LOW
Anna Nagar Center,2026-07-30,23,3,100,5,95,2,5.0,5.0,LOW
Guindy Corporate Park,2026-07-30,0,3,180,15,165,5,12.89,8.33,LOW
Guindy Corporate Park,2026-07-30,1,3,180,7,173,3,5.0,3.89,LOW
Guindy Corporate Park,2026-07-30,2,3,180,8,172,2,7.48,4.44,LOW
Guindy Corporate Park,2026-07-30,3,3,180,9,171,3,5.0,5.0,LOW
Guindy Corporate Park,2026-07-30,4,3,180,17,163,4,5.0,9.44,LOW
Guindy Corporate Park,2026-07-30,5,3,180,11,169,4,5.0,6.11,LOW
Guindy Corporate Park,2026-07-30,6,3,180,10,170,3,9.48,5.56,LOW
Guindy Corporate Park,2026-07-30,7,3,180,12,168,3,11.29,6.67,LOW
Guindy Corporate Park,2026-07-30,8,3,180,148,32,41,92.59,82.22,HIGH
Guindy Corporate Park,2026-07-30,9,3,180,153,27,61,87.91,85.0,HIGH
Guindy Corporate Park,2026-07-30,10,3,180,144,36,40,85.21,80.0,HIGH
Guindy Corporate Park,2026-07-30,11,3,180,149,31,63,87.86,82.78,HIGH
Guindy Corporate Park,2026-07-30,12,3,180,158,22,66,92.54,87.78,HIGH
Guindy Corporate Park,2026-07-30,13,3,180,159,21,47,86.11,88.33,HIGH
Guindy Corporate Park,2026-07-30,14,3,180,177,3,62,98.0,98.33,HIGH
Guindy Corporate Park,2026-07-30,15,3,180,172,8,55,86.26,95.56,HIGH
Guindy Corporate Park,2026-07-30,16,3,180,150,30,34,79.28,83.33,HIGH
Guindy Corporate Park,2026-07-30,17,3,180,131,49,38,66.92,72.78,MEDIUM
Guindy Corporate Park,2026-07-30,18,3,180,131,49,28,75.75,72.78,MEDIUM
Guindy Corporate Park,2026-07-30,19,3,180,120,60,52,64.68,66.67,MEDIUM
Guindy Corporate Park,2026-07-30,20,3,180,56,124,16,22.68,31.11,LOW
Guindy Corporate Park,2026-07-30,21,3,180,12,168,5,27.04,6.67,LOW
Guindy Corporate Park,2026-07-30,22,3,180,54,126,19,22.06,30.0,LOW
Guindy Corporate Park,2026-07-30,23,3,180,9,171,4,13.02,5.0,LOW
Chennai Mall,2026-07-31,0,4,150,25,125,8,15.72,16.67,LOW
Chennai Mall,2026-07-31,1,4,150,12,138,6,10.12,8.0,LOW
Chennai Mall,2026-07-31,2,4,150,4,146,1,5.0,2.67,LOW
Chennai Mall,2026-07-31,3,4,150,29,121,11,23.87,19.33,LOW
Chennai Mall,2026-07-31,4,4,150,34,116,8,24.55,22.67,LOW
Chennai Mall,2026-07-31,5,4,150,37,113,13,25.14,24.67,LOW
Chennai Mall,2026-07-31,6,4,150,17,133,7,11.7,11.33,LOW
Chennai Mall,2026-07-31,7,4,150,24,126,10,11.91,16.0,LOW
Chennai Mall,2026-07-31,8,4,150,14,136,4,8.66,9.33,LOW
Chennai Mall,2026-07-31,9,4,150,8,142,3,7.88,5.33,LOW
Chennai Mall,2026-07-31,10,4,150,30,120,11,20.42,20.0,LOW
Chennai Mall,2026-07-31,11,4,150,23,127,8,20.3,15.33,LOW
Chennai Mall,2026-07-31,12,4,150,75,75,23,39.33,50.0,MEDIUM
Chennai Mall,2026-07-31,13,4,150,69,81,26,42.14,46.0,LOW
Chennai Mall,2026-07-31,14,4,150,96,54,44,64.92,64.0,MEDIUM
Chennai Mall,2026-07-31,15,4,150,93,57,29,55.22,62.0,MEDIUM
Chennai Mall,2026-07-31,16,4,150,14,136,5,21.1,9.33,LOW
Chennai Mall,2026-07-31,17,4,150,106,44,47,67.02,70.67,MEDIUM
Chennai Mall,2026-07-31,18,4,150,111,39,45,78.38,74.0,MEDIUM
Chennai Mall,2026-07-31,19,4,150,116,34,42,80.69,77.33,MEDIUM
Chennai Mall,2026-07-31,20,4,150,107,43,31,73.66,71.33,MEDIUM
Chennai Mall,2026-07-31,21,4,150,109,41,41,75.12,72.67,MEDIUM
Chennai Mall,2026-07-31,22,4,150,41,109,20,38.41,27.33,LOW
Chennai Mall,2026-07-31,23,4,150,43,107,16,25.01,28.67,LOW
T Nagar Commercial Hub,2026-07-31,0,4,120,7,113,2,10.21,5.83,LOW
T Nagar Commercial Hub,2026-07-31,1,4,120,6,114,1,8.56,5.0,LOW
T Nagar Commercial Hub,2026-07-31,2,4,120,3,117,1,5.0,2.5,LOW
T Nagar Commercial Hub,2026-07-31,3,4,120,22,98,5,8.98,18.33,LOW
T Nagar Commercial Hub,2026-07-31,4,4,120,5,115,1,7.51,4.17,LOW
T Nagar Commercial Hub,2026-07-31,5,4,120,16,104,5,12.45,13.33,LOW
T Nagar Commercial Hub,2026-07-31,6,4,120,21,99,9,12.93,17.5,LOW
T Nagar Commercial Hub,2026-07-31,7,4,120,25,95,8,19.83,20.83,LOW
T Nagar Commercial Hub,2026-07-31,8,4,120,14,106,3,11.61,11.67,LOW
T Nagar Commercial Hub,2026-07-31,9,4,120,14,106,7,14.38,11.67,LOW
T Nagar Commercial Hub,2026-07-31,10,4,120,84,36,23,75.43,70.0,MEDIUM
T Nagar Commercial Hub,2026-07-31,11,4,120,75,45,34,54.37,62.5,MEDIUM
T Nagar Commercial Hub,2026-07-31,12,4,120,84,36,41,82.63,70.0,MEDIUM
T Nagar Commercial Hub,2026-07-31,13,4,120,93,27,35,82.44,77.5,MEDIUM
T Nagar Commercial Hub,2026-07-31,14,4,120,82,38,28,72.22,68.33,MEDIUM
T Nagar Commercial Hub,2026-07-31,15,4,120,74,46,36,59.29,61.67,MEDIUM
T Nagar Commercial Hub,2026-07-31,16,4,120,93,27,20,79.2,77.5,MEDIUM
T Nagar Commercial Hub,2026-07-31,17,4,120,76,44,35,65.57,63.33,MEDIUM
T Nagar Commercial Hub,2026-07-31,18,4,120,95,25,26,78.29,79.17,MEDIUM
T Nagar Commercial Hub,2026-07-31,19,4,120,86,34,24,76.84,71.67,MEDIUM
T Nagar Commercial Hub,2026-07-31,20,4,120,53,67,20,48.39,44.17,LOW
T Nagar Commercial Hub,2026-07-31,21,4,120,58,62,25,51.48,48.33,LOW
T Nagar Commercial Hub,2026-07-31,22,4,120,47,73,16,33.39,39.17,LOW
T Nagar Commercial Hub,2026-07-31,23,4,120,18,102,8,10.49,15.0,LOW
Velachery Metro Station,2026-07-31,0,4,200,41,159,17,20.32,20.5,LOW
Velachery Metro Station,2026-07-31,1,4,200,33,167,9,20.01,16.5,LOW
Velachery Metro Station,2026-07-31,2,4,200,38,162,9,17.81,19.0,LOW
Velachery Metro Station,2026-07-31,3,4,200,24,176,9,5.0,12.0,LOW
Velachery Metro Station,2026-07-31,4,4,200,24,176,8,7.73,12.0,LOW
Velachery Metro Station,2026-07-31,5,4,200,36,164,14,17.86,18.0,LOW
Velachery Metro Station,2026-07-31,6,4,200,21,179,7,9.01,10.5,LOW
Velachery Metro Station,2026-07-31,7,4,200,176,24,73,86.25,88.0,HIGH
Velachery Metro Station,2026-07-31,8,4,200,187,13,57,84.81,93.5,HIGH
Velachery Metro Station,2026-07-31,9,4,200,167,33,48,88.53,83.5,HIGH
Velachery Metro Station,2026-07-31,10,4,200,197,3,78,92.89,98.5,HIGH
Velachery Metro Station,2026-07-31,11,4,200,176,24,52,90.8,88.0,HIGH
Velachery Metro Station,2026-07-31,12,4,200,154,46,39,82.83,77.0,MEDIUM
Velachery Metro Station,2026-07-31,13,4,200,149,51,62,79.65,74.5,MEDIUM
Velachery Metro Station,2026-07-31,14,4,200,162,38,44,81.83,81.0,HIGH
Velachery Metro Station,2026-07-31,15,4,200,157,43,64,78.48,78.5,MEDIUM
Velachery Metro Station,2026-07-31,16,4,200,174,26,81,91.84,87.0,HIGH
Velachery Metro Station,2026-07-31,17,4,200,188,12,45,87.52,94.0,HIGH
Velachery Metro Station,2026-07-31,18,4,200,170,30,82,98.0,85.0,HIGH
Velachery Metro Station,2026-07-31,19,4,200,200,0,83,98.0,100.0,HIGH
Velachery Metro Station,2026-07-31,20,4,200,186,14,79,87.63,93.0,HIGH
Velachery Metro Station,2026-07-31,21,4,200,75,125,20,41.74,37.5,LOW
Velachery Metro Station,2026-07-31,22,4,200,88,112,40,41.91,44.0,LOW
Velachery Metro Station,2026-07-31,23,4,200,108,92,29,52.62,54.0,MEDIUM
OMR IT Park,2026-07-31,0,4,300,15,285,4,5.0,5.0,LOW
OMR IT Park,2026-07-31,1,4,300,7,293,3,10.26,2.33,LOW
OMR IT Park,2026-07-31,2,4,300,22,278,5,5.0,7.33,LOW
OMR IT Park,2026-07-31,3,4,300,8,292,3,5.0,2.67,LOW
OMR IT Park,2026-07-31,4,4,300,32,268,10,13.72,10.67,LOW
OMR IT Park,2026-07-31,5,4,300,29,271,6,12.2,9.67,LOW
OMR IT Park,2026-07-31,6,4,300,17,283,4,5.0,5.67,LOW
OMR IT Park,2026-07-31,7,4,300,28,272,13,5.0,9.33,LOW
OMR IT Park,2026-07-31,8,4,300,227,73,111,79.4,75.67,MEDIUM
OMR IT Park,2026-07-31,9,4,300,287,13,74,92.18,95.67,HIGH
OMR IT Park,2026-07-31,10,4,300,220,80,96,86.15,73.33,MEDIUM
OMR IT Park,2026-07-31,11,4,300,259,41,121,84.2,86.33,HIGH
OMR IT Park,2026-07-31,12,4,300,267,33,55,93.93,89.0,HIGH
OMR IT Park,2026-07-31,13,4,300,248,52,93,87.51,82.67,HIGH
OMR IT Park,2026-07-31,14,4,300,270,30,101,97.58,90.0,HIGH
OMR IT Park,2026-07-31,15,4,300,251,49,102,80.84,83.67,HIGH
OMR IT Park,2026-07-31,16,4,300,274,26,79,92.37,91.33,HIGH
OMR IT Park,2026-07-31,17,4,300,169,131,51,54.47,56.33,MEDIUM
OMR IT Park,2026-07-31,18,4,300,198,102,61,69.46,66.0,MEDIUM
OMR IT Park,2026-07-31,19,4,300,225,75,99,67.96,75.0,MEDIUM
OMR IT Park,2026-07-31,20,4,300,36,264,9,19.56,12.0,LOW
OMR IT Park,2026-07-31,21,4,300,58,242,18,19.22,19.33,LOW
OMR IT Park,2026-07-31,22,4,300,86,214,21,34.15,28.67,LOW
OMR IT Park,2026-07-31,23,4,300,16,284,7,14.21,5.33,LOW
Anna Nagar Center,2026-07-31,0,4,100,11,89,5,8.86,11.0,LOW
Anna Nagar Center,2026-07-31,1,4,100,14,86,4,18.59,14.0,LOW
Anna Nagar Center,2026-07-31,2,4,100,23,77,9,18.95,23.0,LOW
Anna Nagar Center,2026-07-31,3,4,100,10,90,4,5.43,10.0,LOW
Anna Nagar Center,2026-07-31,4,4,100,13,87,4,13.25,13.0,LOW
Anna Nagar Center,2026-07-31,5,4,100,24,76,10,19.08,24.0,LOW
Anna Nagar Center,2026-07-31,6,4,100,5,95,2,9.54,5.0,LOW
Anna Nagar Center,2026-07-31,7,4,100,12,88,2,5.0,12.0,LOW
Anna Nagar Center,2026-07-31,8,4,100,43,57,19,34.03,43.0,LOW
Anna Nagar Center,2026-07-31,9,4,100,44,56,13,33.98,44.0,LOW
Anna Nagar Center,2026-07-31,10,4,100,58,42,20,51.91,58.0,MEDIUM
Anna Nagar Center,2026-07-31,11,4,100,45,55,14,51.94,45.0,LOW
Anna Nagar Center,2026-07-31,12,4,100,64,36,17,58.75,64.0,MEDIUM
Anna Nagar Center,2026-07-31,13,4,100,81,19,32,80.5,81.0,HIGH
Anna Nagar Center,2026-07-31,14,4,100,81,19,23,81.0,81.0,HIGH
Anna Nagar Center,2026-07-31,15,4,100,71,29,16,65.74,71.0,MEDIUM
Anna Nagar Center,2026-07-31,16,4,100,49,51,24,46.64,49.0,LOW
Anna Nagar Center,2026-07-31,17,4,100,62,38,28,57.08,62.0,MEDIUM
Anna Nagar Center,2026-07-31,18,4,100,82,18,19,88.68,82.0,HIGH
Anna Nagar Center,2026-07-31,19,4,100,86,14,30,84.69,86.0,HIGH
Anna Nagar Center,2026-07-31,20,4,100,65,35,13,68.09,65.0,MEDIUM
Anna Nagar Center,2026-07-31,21,4,100,90,10,30,86.0,90.0,HIGH
Anna Nagar Center,2026-07-31,22,4,100,18,82,5,10.15,18.0,LOW
Anna Nagar Center,2026-07-31,23,4,100,24,76,11,23.0,24.0,LOW
Guindy Corporate Park,2026-07-31,0,4,180,20,160,4,11.38,11.11,LOW
Guindy Corporate Park,2026-07-31,1,4,180,4,176,1,5.0,2.22,LOW
Guindy Corporate Park,2026-07-31,2,4,180,18,162,6,5.0,10.0,LOW
Guindy Corporate Park,2026-07-31,3,4,180,11,169,5,5.56,6.11,LOW
Guindy Corporate Park,2026-07-31,4,4,180,16,164,6,5.0,8.89,LOW
Guindy Corporate Park,2026-07-31,5,4,180,14,166,4,5.0,7.78,LOW
Guindy Corporate Park,2026-07-31,6,4,180,19,161,6,7.36,10.56,LOW
Guindy Corporate Park,2026-07-31,7,4,180,4,176,1,5.0,2.22,LOW
Guindy Corporate Park,2026-07-31,8,4,180,142,38,68,78.0,78.89,MEDIUM
Guindy Corporate Park,2026-07-31,9,4,180,129,51,39,75.21,71.67,MEDIUM
Guindy Corporate Park,2026-07-31,10,4,180,152,28,36,82.88,84.44,HIGH
Guindy Corporate Park,2026-07-31,11,4,180,148,32,62,88.65,82.22,HIGH
Guindy Corporate Park,2026-07-31,12,4,180,153,27,74,87.57,85.0,HIGH
Guindy Corporate Park,2026-07-31,13,4,180,169,11,57,98.0,93.89,HIGH
Guindy Corporate Park,2026-07-31,14,4,180,164,16,58,94.78,91.11,HIGH
Guindy Corporate Park,2026-07-31,15,4,180,169,11,40,86.54,93.89,HIGH
Guindy Corporate Park,2026-07-31,16,4,180,139,41,61,88.28,77.22,MEDIUM
Guindy Corporate Park,2026-07-31,17,4,180,117,63,24,77.5,65.0,MEDIUM
Guindy Corporate Park,2026-07-31,18,4,180,103,77,28,52.69,57.22,MEDIUM
Guindy Corporate Park,2026-07-31,19,4,180,105,75,51,59.32,58.33,MEDIUM
Guindy Corporate Park,2026-07-31,20,4,180,69,111,17,33.34,38.33,LOW
Guindy Corporate Park,2026-07-31,21,4,180,38,142,15,17.15,21.11,LOW
Guindy Corporate Park,2026-07-31,22,4,180,29,151,13,16.71,16.11,LOW
Guindy Corporate Park,2026-07-31,23,4,180,29,151,12,12.9,16.11,LOW
Chennai Mall,2026-08-01,0,5,150,12,138,4,5.0,8.0,LOW
Chennai Mall,2026-08-01,1,5,150,39,111,16,17.94,26.0,LOW
Chennai Mall,2026-08-01,2,5,150,6,144,2,7.4,4.0,LOW
Chennai Mall,2026-08-01,3,5,150,39,111,12,22.0,26.0,LOW
Chennai Mall,2026-08-01,4,5,150,19,131,4,9.28,12.67,LOW
Chennai Mall,2026-08-01,5,5,150,14,136,3,20.03,9.33,LOW
Chennai Mall,2026-08-01,6,5,150,20,130,5,10.65,13.33,LOW
Chennai Mall,2026-08-01,7,5,150,34,116,17,21.75,22.67,LOW
Chennai Mall,2026-08-01,8,5,150,22,128,7,18.59,14.67,LOW
Chennai Mall,2026-08-01,9,5,150,46,104,13,31.97,30.67,LOW
Chennai Mall,2026-08-01,10,5,150,15,135,3,15.26,10.0,LOW
Chennai Mall,2026-08-01,11,5,150,107,43,29,69.81,71.33,MEDIUM
Chennai Mall,2026-08-01,12,5,150,116,34,34,59.96,77.33,MEDIUM
Chennai Mall,2026-08-01,13,5,150,139,11,66,89.48,92.67,HIGH
Chennai Mall,2026-08-01,14,5,150,102,48,31,63.9,68.0,MEDIUM
Chennai Mall,2026-08-01,15,5,150,123,27,43,86.44,82.0,HIGH
Chennai Mall,2026-08-01,16,5,150,136,14,43,85.75,90.67,HIGH
Chennai Mall,2026-08-01,17,5,150,143,7,47,98.0,95.33,HIGH
Chennai Mall,2026-08-01,18,5,150,143,7,48,98.0,95.33,HIGH
Chennai Mall,2026-08-01,19,5,150,141,9,38,97.62,94.0,HIGH
Chennai Mall,2026-08-01,20,5,150,134,16,39,88.09,89.33,HIGH
Chennai Mall,2026-08-01,21,5,150,139,11,50,89.92,92.67,HIGH
Chennai Mall,2026-08-01,22,5,150,68,82,20,40.72,45.33,LOW
Chennai Mall,2026-08-01,23,5,150,58,92,27,39.23,38.67,LOW
T Nagar Commercial Hub,2026-08-01,0,5,120,38,82,18,24.59,31.67,LOW
T Nagar Commercial Hub,2026-08-01,1,5,120,52,68,23,41.15,43.33,LOW
T Nagar Commercial Hub,2026-08-01,2,5,120,53,67,25,44.16,44.17,LOW
T Nagar Commercial Hub,2026-08-01,3,5,120,21,99,7,18.79,17.5,LOW
T Nagar Commercial Hub,2026-08-01,4,5,120,49,71,16,40.3,40.83,LOW
T Nagar Commercial Hub,2026-08-01,5,5,120,31,89,13,23.71,25.83,LOW
T Nagar Commercial Hub,2026-08-01,6,5,120,23,97,10,23.04,19.17,LOW
T Nagar Commercial Hub,2026-08-01,7,5,120,17,103,4,24.23,14.17,LOW
T Nagar Commercial Hub,2026-08-01,8,5,120,58,62,24,39.05,48.33,LOW
T Nagar Commercial Hub,2026-08-01,9,5,120,45,75,17,38.61,37.5,LOW
T Nagar Commercial Hub,2026-08-01,10,5,120,32,88,16,24.82,26.67,LOW
T Nagar Commercial Hub,2026-08-01,11,5,120,103,17,41,84.66,85.83,HIGH
T Nagar Commercial Hub,2026-08-01,12,5,120,99,21,41,79.15,82.5,HIGH
T Nagar Commercial Hub,2026-08-01,13,5,120,118,2,58,97.07,98.33,HIGH
T Nagar Commercial Hub,2026-08-01,14,5,120,103,17,43,82.74,85.83,HIGH
T Nagar Commercial Hub,2026-08-01,15,5,120,116,4,50,98.0,96.67,HIGH
T Nagar Commercial Hub,2026-08-01,16,5,120,98,22,48,86.93,81.67,HIGH
T Nagar Commercial Hub,2026-08-01,17,5,120,120,0,53,97.06,100.0,HIGH
T Nagar Commercial Hub,2026-08-01,18,5,120,112,8,23,98.0,93.33,HIGH
T Nagar Commercial Hub,2026-08-01,19,5,120,103,17,30,85.1,85.83,HIGH
T Nagar Commercial Hub,2026-08-01,20,5,120,109,11,39,91.39,90.83,HIGH
T Nagar Commercial Hub,2026-08-01,21,5,120,105,15,30,92.26,87.5,HIGH
T Nagar Commercial Hub,2026-08-01,22,5,120,45,75,10,36.34,37.5,LOW
T Nagar Commercial Hub,2026-08-01,23,5,120,28,92,13,16.56,23.33,LOW
Velachery Metro Station,2026-08-01,0,5,200,41,159,11,23.15,20.5,LOW
Velachery Metro Station,2026-08-01,1,5,200,57,143,18,29.35,28.5,LOW
Velachery Metro Station,2026-08-01,2,5,200,52,148,24,27.86,26.0,LOW
Velachery Metro Station,2026-08-01,3,5,200,50,150,13,32.28,25.0,LOW
Velachery Metro Station,2026-08-01,4,5,200,83,117,25,44.8,41.5,LOW
Velachery Metro Station,2026-08-01,5,5,200,69,131,25,31.64,34.5,LOW
Velachery Metro Station,2026-08-01,6,5,200,101,99,22,60.93,50.5,MEDIUM
Velachery Metro Station,2026-08-01,7,5,200,57,143,22,22.73,28.5,LOW
Velachery Metro Station,2026-08-01,8,5,200,99,101,32,40.93,49.5,LOW
Velachery Metro Station,2026-08-01,9,5,200,72,128,28,27.47,36.0,LOW
Velachery Metro Station,2026-08-01,10,5,200,50,150,23,27.55,25.0,LOW
Velachery Metro Station,2026-08-01,11,5,200,65,135,16,29.21,32.5,LOW
Velachery Metro Station,2026-08-01,12,5,200,78,122,18,37.03,39.0,LOW
Velachery Metro Station,2026-08-01,13,5,200,31,169,15,21.75,15.5,LOW
Velachery Metro Station,2026-08-01,14,5,200,96,104,21,53.44,48.0,LOW
Velachery Metro Station,2026-08-01,15,5,200,34,166,13,19.09,17.0,LOW
Velachery Metro Station,2026-08-01,16,5,200,93,107,25,51.47,46.5,LOW
Velachery Metro Station,2026-08-01,17,5,200,61,139,14,31.04,30.5,LOW
Velachery Metro Station,2026-08-01,18,5,200,45,155,17,33.51,22.5,LOW
Velachery Metro Station,2026-08-01,19,5,200,81,119,23,41.39,40.5,LOW
Velachery Metro Station,2026-08-01,20,5,200,70,130,17,40.34,35.0,LOW
Velachery Metro Station,2026-08-01,21,5,200,39,161,16,22.88,19.5,LOW
Velachery Metro Station,2026-08-01,22,5,200,86,114,27,41.76,43.0,LOW
Velachery Metro Station,2026-08-01,23,5,200,104,96,22,39.11,52.0,MEDIUM
OMR IT Park,2026-08-01,0,5,300,47,253,17,11.81,15.67,LOW
OMR IT Park,2026-08-01,1,5,300,32,268,13,5.0,10.67,LOW
OMR IT Park,2026-08-01,2,5,300,22,278,9,5.13,7.33,LOW
OMR IT Park,2026-08-01,3,5,300,24,276,10,6.68,8.0,LOW
OMR IT Park,2026-08-01,4,5,300,33,267,15,20.1,11.0,LOW
OMR IT Park,2026-08-01,5,5,300,41,259,20,11.88,13.67,LOW
OMR IT Park,2026-08-01,6,5,300,45,255,13,18.26,15.0,LOW
OMR IT Park,2026-08-01,7,5,300,48,252,16,15.56,16.0,LOW
OMR IT Park,2026-08-01,8,5,300,40,260,8,15.61,13.33,LOW
OMR IT Park,2026-08-01,9,5,300,62,238,28,25.31,20.67,LOW
OMR IT Park,2026-08-01,10,5,300,50,250,18,20.4,16.67,LOW
OMR IT Park,2026-08-01,11,5,300,17,283,6,13.71,5.67,LOW
OMR IT Park,2026-08-01,12,5,300,37,263,8,5.0,12.33,LOW
OMR IT Park,2026-08-01,13,5,300,66,234,28,19.22,22.0,LOW
OMR IT Park,2026-08-01,14,5,300,21,279,5,13.39,7.0,LOW
OMR IT Park,2026-08-01,15,5,300,37,263,16,11.89,12.33,LOW
OMR IT Park,2026-08-01,16,5,300,52,248,21,15.04,17.33,LOW
OMR IT Park,2026-08-01,17,5,300,50,250,12,13.82,16.67,LOW
OMR IT Park,2026-08-01,18,5,300,30,270,13,17.6,10.0,LOW
OMR IT Park,2026-08-01,19,5,300,40,260,15,12.46,13.33,LOW
OMR IT Park,2026-08-01,20,5,300,21,279,8,5.0,7.0,LOW
OMR IT Park,2026-08-01,21,5,300,16,284,5,15.42,5.33,LOW
OMR IT Park,2026-08-01,22,5,300,30,270,14,17.7,10.0,LOW
OMR IT Park,2026-08-01,23,5,300,32,268,8,16.28,10.67,LOW
Anna Nagar Center,2026-08-01,0,5,100,28,72,6,28.05,28.0,LOW
Anna Nagar Center,2026-08-01,1,5,100,23,77,11,23.56,23.0,LOW
Anna Nagar Center,2026-08-01,2,5,100,18,82,7,25.25,18.0,LOW
Anna Nagar Center,2026-08-01,3,5,100,39,61,16,40.47,39.0,LOW
Anna Nagar Center,2026-08-01,4,5,100,38,62,11,26.39,38.0,LOW
Anna Nagar Center,2026-08-01,5,5,100,40,60,17,43.76,40.0,LOW
Anna Nagar Center,2026-08-01,6,5,100,39,61,13,30.21,39.0,LOW
Anna Nagar Center,2026-08-01,7,5,100,39,61,12,30.02,39.0,LOW
Anna Nagar Center,2026-08-01,8,5,100,18,82,7,15.24,18.0,LOW
Anna Nagar Center,2026-08-01,9,5,100,23,77,5,26.46,23.0,LOW
Anna Nagar Center,2026-08-01,10,5,100,24,76,9,33.66,24.0,LOW
Anna Nagar Center,2026-08-01,11,5,100,35,65,12,40.72,35.0,LOW
Anna Nagar Center,2026-08-01,12,5,100,78,22,37,78.91,78.0,MEDIUM
Anna Nagar Center,2026-08-01,13,5,100,73,27,23,71.82,73.0,MEDIUM
Anna Nagar Center,2026-08-01,14,5,100,86,14,23,83.58,86.0,HIGH
Anna Nagar Center,2026-08-01,15,5,100,86,14,38,78.65,86.0,HIGH
Anna Nagar Center,2026-08-01,16,5,100,89,11,33,98.0,89.0,HIGH
Anna Nagar Center,2026-08-01,17,5,100,86,14,38,82.03,86.0,HIGH
Anna Nagar Center,2026-08-01,18,5,100,89,11,35,93.35,89.0,HIGH
Anna Nagar Center,2026-08-01,19,5,100,67,33,33,83.02,67.0,MEDIUM
Anna Nagar Center,2026-08-01,20,5,100,95,5,20,85.78,95.0,HIGH
Anna Nagar Center,2026-08-01,21,5,100,76,24,37,72.19,76.0,MEDIUM
Anna Nagar Center,2026-08-01,22,5,100,90,10,30,87.92,90.0,HIGH
Anna Nagar Center,2026-08-01,23,5,100,28,72,13,22.66,28.0,LOW
Guindy Corporate Park,2026-08-01,0,5,180,24,156,5,9.92,13.33,LOW
Guindy Corporate Park,2026-08-01,1,5,180,18,162,6,12.74,10.0,LOW
Guindy Corporate Park,2026-08-01,2,5,180,21,159,7,11.51,11.67,LOW
Guindy Corporate Park,2026-08-01,3,5,180,27,153,10,23.51,15.0,LOW
Guindy Corporate Park,2026-08-01,4,5,180,27,153,13,13.46,15.0,LOW
Guindy Corporate Park,2026-08-01,5,5,180,20,160,5,10.61,11.11,LOW
Guindy Corporate Park,2026-08-01,6,5,180,18,162,6,9.62,10.0,LOW
Guindy Corporate Park,2026-08-01,7,5,180,26,154,9,7.3,14.44,LOW
Guindy Corporate Park,2026-08-01,8,5,180,18,162,4,16.23,10.0,LOW
Guindy Corporate Park,2026-08-01,9,5,180,13,167,5,6.85,7.22,LOW
Guindy Corporate Park,2026-08-01,10,5,180,26,154,7,5.0,14.44,LOW
Guindy Corporate Park,2026-08-01,11,5,180,16,164,4,7.31,8.89,LOW
Guindy Corporate Park,2026-08-01,12,5,180,19,161,8,12.92,10.56,LOW
Guindy Corporate Park,2026-08-01,13,5,180,14,166,3,22.29,7.78,LOW
Guindy Corporate Park,2026-08-01,14,5,180,21,159,8,13.13,11.67,LOW
Guindy Corporate Park,2026-08-01,15,5,180,13,167,3,5.0,7.22,LOW
Guindy Corporate Park,2026-08-01,16,5,180,35,145,12,5.66,19.44,LOW
Guindy Corporate Park,2026-08-01,17,5,180,20,160,5,12.82,11.11,LOW
Guindy Corporate Park,2026-08-01,18,5,180,32,148,14,13.92,17.78,LOW
Guindy Corporate Park,2026-08-01,19,5,180,7,173,3,5.0,3.89,LOW
Guindy Corporate Park,2026-08-01,20,5,180,25,155,9,14.89,13.89,LOW
Guindy Corporate Park,2026-08-01,21,5,180,23,157,7,5.0,12.78,LOW
Guindy Corporate Park,2026-08-01,22,5,180,20,160,7,5.0,11.11,LOW
Guindy Corporate Park,2026-08-01,23,5,180,14,166,4,5.17,7.78,LOW
Chennai Mall,2026-08-02,0,6,150,25,125,11,5.5,16.67,LOW
Chennai Mall,2026-08-02,1,6,150,24,126,5,9.99,16.0,LOW
Chennai Mall,2026-08-02,2,6,150,21,129,5,14.03,14.0,LOW
Chennai Mall,2026-08-02,3,6,150,17,133,5,6.27,11.33,LOW
Chennai Mall,2026-08-02,4,6,150,14,136,4,12.54,9.33,LOW
Chennai Mall,2026-08-02,5,6,150,19,131,7,18.41,12.67,LOW
Chennai Mall,2026-08-02,6,6,150,11,139,5,10.74,7.33,LOW
Chennai Mall,2026-08-02,7,6,150,55,95,13,43.51,36.67,LOW
Chennai Mall,2026-08-02,8,6,150,23,127,8,17.78,15.33,LOW
Chennai Mall,2026-08-02,9,6,150,26,124,7,16.12,17.33,LOW
Chennai Mall,2026-08-02,10,6,150,21,129,7,18.14,14.0,LOW
Chennai Mall,2026-08-02,11,6,150,112,38,37,81.46,74.67,MEDIUM
Chennai Mall,2026-08-02,12,6,150,135,15,64,92.76,90.0,HIGH
Chennai Mall,2026-08-02,13,6,150,120,30,27,87.3,80.0,HIGH
Chennai Mall,2026-08-02,14,6,150,133,17,33,86.45,88.67,HIGH
Chennai Mall,2026-08-02,15,6,150,137,13,69,81.52,91.33,HIGH
Chennai Mall,2026-08-02,16,6,150,127,23,26,87.3,84.67,HIGH
Chennai Mall,2026-08-02,17,6,150,139,11,42,94.12,92.67,HIGH
Chennai Mall,2026-08-02,18,6,150,130,20,43,89.47,86.67,HIGH
Chennai Mall,2026-08-02,19,6,150,148,2,71,97.08,98.67,HIGH
Chennai Mall,2026-08-02,20,6,150,130,20,65,93.21,86.67,HIGH
Chennai Mall,2026-08-02,21,6,150,130,20,38,93.81,86.67,HIGH
Chennai Mall,2026-08-02,22,6,150,41,109,10,33.91,27.33,LOW
Chennai Mall,2026-08-02,23,6,150,52,98,16,26.18,34.67,LOW
T Nagar Commercial Hub,2026-08-02,0,6,120,26,94,10,18.18,21.67,LOW
T Nagar Commercial Hub,2026-08-02,1,6,120,65,55,23,48.73,54.17,MEDIUM
T Nagar Commercial Hub,2026-08-02,2,6,120,34,86,7,17.51,28.33,LOW
T Nagar Commercial Hub,2026-08-02,3,6,120,36,84,10,39.34,30.0,LOW
T Nagar Commercial Hub,2026-08-02,4,6,120,22,98,11,15.96,18.33,LOW
T Nagar Commercial Hub,2026-08-02,5,6,120,52,68,18,41.77,43.33,LOW
T Nagar Commercial Hub,2026-08-02,6,6,120,14,106,4,19.97,11.67,LOW
T Nagar Commercial Hub,2026-08-02,7,6,120,49,71,18,38.42,40.83,LOW
T Nagar Commercial Hub,2026-08-02,8,6,120,36,84,13,39.2,30.0,LOW
T Nagar Commercial Hub,2026-08-02,9,6,120,42,78,13,38.52,35.0,LOW
T Nagar Commercial Hub,2026-08-02,10,6,120,34,86,16,23.43,28.33,LOW
T Nagar Commercial Hub,2026-08-02,11,6,120,107,13,23,90.37,89.17,HIGH
T Nagar Commercial Hub,2026-08-02,12,6,120,102,18,37,96.14,85.0,HIGH
T Nagar Commercial Hub,2026-08-02,13,6,120,108,12,22,85.14,90.0,HIGH
T Nagar Commercial Hub,2026-08-02,14,6,120,109,11,27,84.96,90.83,HIGH
T Nagar Commercial Hub,2026-08-02,15,6,120,115,5,36,92.56,95.83,HIGH
T Nagar Commercial Hub,2026-08-02,16,6,120,101,19,32,90.36,84.17,HIGH
T Nagar Commercial Hub,2026-08-02,17,6,120,102,18,21,81.73,85.0,HIGH
T Nagar Commercial Hub,2026-08-02,18,6,120,107,13,22,89.88,89.17,HIGH
T Nagar Commercial Hub,2026-08-02,19,6,120,110,10,47,94.82,91.67,HIGH
T Nagar Commercial Hub,2026-08-02,20,6,120,101,19,35,83.34,84.17,HIGH
T Nagar Commercial Hub,2026-08-02,21,6,120,97,23,33,89.09,80.83,HIGH
T Nagar Commercial Hub,2026-08-02,22,6,120,18,102,6,21.78,15.0,LOW
T Nagar Commercial Hub,2026-08-02,23,6,120,45,75,17,34.97,37.5,LOW
Velachery Metro Station,2026-08-02,0,6,200,64,136,19,29.31,32.0,LOW
Velachery Metro Station,2026-08-02,1,6,200,93,107,42,46.63,46.5,LOW
Velachery Metro Station,2026-08-02,2,6,200,76,124,29,22.23,38.0,LOW
Velachery Metro Station,2026-08-02,3,6,200,72,128,18,33.16,36.0,LOW
Velachery Metro Station,2026-08-02,4,6,200,95,105,38,45.47,47.5,LOW
Velachery Metro Station,2026-08-02,5,6,200,47,153,14,13.52,23.5,LOW
Velachery Metro Station,2026-08-02,6,6,200,55,145,17,29.05,27.5,LOW
Velachery Metro Station,2026-08-02,7,6,200,77,123,20,38.72,38.5,LOW
Velachery Metro Station,2026-08-02,8,6,200,55,145,25,31.04,27.5,LOW
Velachery Metro Station,2026-08-02,9,6,200,59,141,13,26.37,29.5,LOW
Velachery Metro Station,2026-08-02,10,6,200,88,112,36,46.1,44.0,LOW
Velachery Metro Station,2026-08-02,11,6,200,81,119,20,49.79,40.5,LOW
Velachery Metro Station,2026-08-02,12,6,200,63,137,28,24.15,31.5,LOW
Velachery Metro Station,2026-08-02,13,6,200,74,126,36,38.96,37.0,LOW
Velachery Metro Station,2026-08-02,14,6,200,61,139,26,21.46,30.5,LOW
Velachery Metro Station,2026-08-02,15,6,200,92,108,34,48.34,46.0,LOW
Velachery Metro Station,2026-08-02,16,6,200,40,160,13,13.87,20.0,LOW
Velachery Metro Station,2026-08-02,17,6,200,65,135,31,35.83,32.5,LOW
Velachery Metro Station,2026-08-02,18,6,200,63,137,25,31.52,31.5,LOW
Velachery Metro Station,2026-08-02,19,6,200,92,108,33,44.52,46.0,LOW
Velachery Metro Station,2026-08-02,20,6,200,51,149,11,35.36,25.5,LOW
Velachery Metro Station,2026-08-02,21,6,200,66,134,19,39.22,33.0,LOW
Velachery Metro Station,2026-08-02,22,6,200,91,109,28,43.7,45.5,LOW
Velachery Metro Station,2026-08-02,23,6,200,106,94,52,47.26,53.0,MEDIUM
OMR IT Park,2026-08-02,0,6,300,55,245,23,13.98,18.33,LOW
OMR IT Park,2026-08-02,1,6,300,36,264,10,5.0,12.0,LOW
OMR IT Park,2026-08-02,2,6,300,30,270,7,9.93,10.0,LOW
OMR IT Park,2026-08-02,3,6,300,50,250,25,16.58,16.67,LOW
OMR IT Park,2026-08-02,4,6,300,28,272,6,19.52,9.33,LOW
OMR IT Park,2026-08-02,5,6,300,36,264,8,11.35,12.0,LOW
OMR IT Park,2026-08-02,6,6,300,48,252,18,6.92,16.0,LOW
OMR IT Park,2026-08-02,7,6,300,56,244,15,16.14,18.67,LOW
OMR IT Park,2026-08-02,8,6,300,50,250,14,11.04,16.67,LOW
OMR IT Park,2026-08-02,9,6,300,9,291,4,5.0,3.0,LOW
OMR IT Park,2026-08-02,10,6,300,18,282,6,10.71,6.0,LOW
OMR IT Park,2026-08-02,11,6,300,51,249,15,16.36,17.0,LOW
OMR IT Park,2026-08-02,12,6,300,9,291,2,7.81,3.0,LOW
OMR IT Park,2026-08-02,13,6,300,55,245,24,19.56,18.33,LOW
OMR IT Park,2026-08-02,14,6,300,54,246,22,22.15,18.0,LOW
OMR IT Park,2026-08-02,15,6,300,59,241,21,23.21,19.67,LOW
OMR IT Park,2026-08-02,16,6,300,38,262,10,10.97,12.67,LOW
OMR IT Park,2026-08-02,17,6,300,41,259,20,9.02,13.67,LOW
OMR IT Park,2026-08-02,18,6,300,42,258,15,6.82,14.0,LOW
OMR IT Park,2026-08-02,19,6,300,61,239,19,17.75,20.33,LOW
OMR IT Park,2026-08-02,20,6,300,20,280,8,9.54,6.67,LOW
OMR IT Park,2026-08-02,21,6,300,32,268,10,11.21,10.67,LOW
OMR IT Park,2026-08-02,22,6,300,58,242,25,10.31,19.33,LOW
OMR IT Park,2026-08-02,23,6,300,18,282,9,5.59,6.0,LOW
Anna Nagar Center,2026-08-02,0,6,100,32,68,13,38.46,32.0,LOW
Anna Nagar Center,2026-08-02,1,6,100,32,68,14,30.21,32.0,LOW
Anna Nagar Center,2026-08-02,2,6,100,24,76,9,13.95,24.0,LOW
Anna Nagar Center,2026-08-02,3,6,100,26,74,6,27.44,26.0,LOW
Anna Nagar Center,2026-08-02,4,6,100,17,83,4,20.27,17.0,LOW
Anna Nagar Center,2026-08-02,5,6,100,35,65,7,39.31,35.0,LOW
Anna Nagar Center,2026-08-02,6,6,100,31,69,13,15.54,31.0,LOW
Anna Nagar Center,2026-08-02,7,6,100,26,74,13,20.47,26.0,LOW
Anna Nagar Center,2026-08-02,8,6,100,44,56,16,25.06,44.0,LOW
Anna Nagar Center,2026-08-02,9,6,100,35,65,9,41.11,35.0,LOW
Anna Nagar Center,2026-08-02,10,6,100,25,75,7,24.2,25.0,LOW
Anna Nagar Center,2026-08-02,11,6,100,18,82,7,11.4,18.0,LOW
Anna Nagar Center,2026-08-02,12,6,100,73,27,27,77.12,73.0,MEDIUM
Anna Nagar Center,2026-08-02,13,6,100,78,22,26,84.56,78.0,MEDIUM
Anna Nagar Center,2026-08-02,14,6,100,81,19,33,87.39,81.0,HIGH
Anna Nagar Center,2026-08-02,15,6,100,72,28,24,60.43,72.0,MEDIUM
Anna Nagar Center,2026-08-02,16,6,100,86,14,23,97.41,86.0,HIGH
Anna Nagar Center,2026-08-02,17,6,100,70,30,20,78.25,70.0,MEDIUM
Anna Nagar Center,2026-08-02,18,6,100,82,18,36,85.26,82.0,HIGH
Anna Nagar Center,2026-08-02,19,6,100,81,19,39,92.05,81.0,HIGH
Anna Nagar Center,2026-08-02,20,6,100,85,15,25,94.29,85.0,HIGH
Anna Nagar Center,2026-08-02,21,6,100,76,24,22,73.23,76.0,MEDIUM
Anna Nagar Center,2026-08-02,22,6,100,79,21,18,82.54,79.0,MEDIUM
Anna Nagar Center,2026-08-02,23,6,100,36,64,13,26.84,36.0,LOW
Guindy Corporate Park,2026-08-02,0,6,180,14,166,3,6.98,7.78,LOW
Guindy Corporate Park,2026-08-02,1,6,180,17,163,7,14.64,9.44,LOW
Guindy Corporate Park,2026-08-02,2,6,180,14,166,6,5.0,7.78,LOW
Guindy Corporate Park,2026-08-02,3,6,180,7,173,2,5.69,3.89,LOW
Guindy Corporate Park,2026-08-02,4,6,180,23,157,6,16.5,12.78,LOW
Guindy Corporate Park,2026-08-02,5,6,180,12,168,3,5.0,6.67,LOW
Guindy Corporate Park,2026-08-02,6,6,180,34,146,12,11.46,18.89,LOW
Guindy Corporate Park,2026-08-02,7,6,180,30,150,13,8.37,16.67,LOW
Guindy Corporate Park,2026-08-02,8,6,180,22,158,5,7.67,12.22,LOW
Guindy Corporate Park,2026-08-02,9,6,180,7,173,3,5.0,3.89,LOW
Guindy Corporate Park,2026-08-02,10,6,180,24,156,11,24.69,13.33,LOW
Guindy Corporate Park,2026-08-02,11,6,180,28,152,11,21.08,15.56,LOW
Guindy Corporate Park,2026-08-02,12,6,180,12,168,5,7.74,6.67,LOW
Guindy Corporate Park,2026-08-02,13,6,180,17,163,6,15.15,9.44,LOW
Guindy Corporate Park,2026-08-02,14,6,180,20,160,8,9.45,11.11,LOW
Guindy Corporate Park,2026-08-02,15,6,180,29,151,10,15.59,16.11,LOW
Guindy Corporate Park,2026-08-02,16,6,180,29,151,14,18.0,16.11,LOW
Guindy Corporate Park,2026-08-02,17,6,180,25,155,11,14.14,13.89,LOW
Guindy Corporate Park,2026-08-02,18,6,180,34,146,11,22.1,18.89,LOW
Guindy Corporate Park,2026-08-02,19,6,180,25,155,7,20.06,13.89,LOW
Guindy Corporate Park,2026-08-02,20,6,180,15,165,6,10.52,8.33,LOW
Guindy Corporate Park,2026-08-02,21,6,180,11,169,4,5.36,6.11,LOW
Guindy Corporate Park,2026-08-02,22,6,180,20,160,9,8.35,11.11,LOW
Guindy Corporate Park,2026-08-02,23,6,180,38,142,16,18.9,21.11,LOW
Chennai Mall,2026-08-03,0,0,150,30,120,11,33.6,20.0,LOW
Chennai Mall,2026-08-03,1,0,150,33,117,14,23.04,22.0,LOW
Chennai Mall,2026-08-03,2,0,150,22,128,9,10.98,14.67,LOW
Chennai Mall,2026-08-03,3,0,150,29,121,10,13.53,19.33,LOW
Chennai Mall,2026-08-03,4,0,150,31,119,8,29.03,20.67,LOW
Chennai Mall,2026-08-03,5,0,150,42,108,16,19.27,28.0,LOW
Chennai Mall,2026-08-03,6,0,150,10,140,3,5.0,6.67,LOW
Chennai Mall,2026-08-03,7,0,150,29,121,13,18.91,19.33,LOW
Chennai Mall,2026-08-03,8,0,150,32,118,7,14.93,21.33,LOW
Chennai Mall,2026-08-03,9,0,150,41,109,20,25.2,27.33,LOW
Chennai Mall,2026-08-03,10,0,150,26,124,10,12.08,17.33,LOW
Chennai Mall,2026-08-03,11,0,150,31,119,15,17.65,20.67,LOW
Chennai Mall,2026-08-03,12,0,150,98,52,24,63.57,65.33,MEDIUM
Chennai Mall,2026-08-03,13,0,150,88,62,25,69.08,58.67,MEDIUM
Chennai Mall,2026-08-03,14,0,150,72,78,31,47.43,48.0,LOW
Chennai Mall,2026-08-03,15,0,150,88,62,38,64.22,58.67,MEDIUM
Chennai Mall,2026-08-03,16,0,150,13,137,5,7.48,8.67,LOW
Chennai Mall,2026-08-03,17,0,150,101,49,29,68.09,67.33,MEDIUM
Chennai Mall,2026-08-03,18,0,150,97,53,30,58.5,64.67,MEDIUM
Chennai Mall,2026-08-03,19,0,150,105,45,30,78.6,70.0,MEDIUM
Chennai Mall,2026-08-03,20,0,150,100,50,39,74.52,66.67,MEDIUM
Chennai Mall,2026-08-03,21,0,150,131,19,28,81.29,87.33,HIGH
Chennai Mall,2026-08-03,22,0,150,50,100,12,26.2,33.33,LOW
Chennai Mall,2026-08-03,23,0,150,40,110,11,22.41,26.67,LOW
T Nagar Commercial Hub,2026-08-03,0,0,120,9,111,4,5.21,7.5,LOW
T Nagar Commercial Hub,2026-08-03,1,0,120,13,107,7,13.11,10.83,LOW
T Nagar Commercial Hub,2026-08-03,2,0,120,12,108,6,16.33,10.0,LOW
T Nagar Commercial Hub,2026-08-03,3,0,120,9,111,4,5.0,7.5,LOW
T Nagar Commercial Hub,2026-08-03,4,0,120,5,115,1,16.53,4.17,LOW
T Nagar Commercial Hub,2026-08-03,5,0,120,7,113,2,5.0,5.83,LOW
T Nagar Commercial Hub,2026-08-03,6,0,120,11,109,3,8.72,9.17,LOW
T Nagar Commercial Hub,2026-08-03,7,0,120,11,109,4,21.94,9.17,LOW
T Nagar Commercial Hub,2026-08-03,8,0,120,13,107,4,17.09,10.83,LOW
T Nagar Commercial Hub,2026-08-03,9,0,120,13,107,3,5.12,10.83,LOW
T Nagar Commercial Hub,2026-08-03,10,0,120,77,43,33,65.58,64.17,MEDIUM
T Nagar Commercial Hub,2026-08-03,11,0,120,97,23,34,85.56,80.83,HIGH
T Nagar Commercial Hub,2026-08-03,12,0,120,77,43,38,76.49,64.17,MEDIUM
T Nagar Commercial Hub,2026-08-03,13,0,120,100,20,31,87.91,83.33,HIGH
T Nagar Commercial Hub,2026-08-03,14,0,120,101,19,29,86.53,84.17,HIGH
T Nagar Commercial Hub,2026-08-03,15,0,120,92,28,42,91.53,76.67,MEDIUM
T Nagar Commercial Hub,2026-08-03,16,0,120,82,38,31,80.34,68.33,MEDIUM
T Nagar Commercial Hub,2026-08-03,17,0,120,82,38,28,53.02,68.33,MEDIUM
T Nagar Commercial Hub,2026-08-03,18,0,120,100,20,32,79.45,83.33,HIGH
T Nagar Commercial Hub,2026-08-03,19,0,120,93,27,34,82.04,77.5,MEDIUM
T Nagar Commercial Hub,2026-08-03,20,0,120,41,79,15,35.09,34.17,LOW
T Nagar Commercial Hub,2026-08-03,21,0,120,61,59,21,50.61,50.83,MEDIUM
T Nagar Commercial Hub,2026-08-03,22,0,120,52,68,13,38.62,43.33,LOW
T Nagar Commercial Hub,2026-08-03,23,0,120,13,107,5,25.81,10.83,LOW
Velachery Metro Station,2026-08-03,0,0,200,25,175,10,10.2,12.5,LOW
Velachery Metro Station,2026-08-03,1,0,200,22,178,9,14.07,11.0,LOW
Velachery Metro Station,2026-08-03,2,0,200,27,173,10,5.85,13.5,LOW
Velachery Metro Station,2026-08-03,3,0,200,32,168,8,24.1,16.0,LOW
Velachery Metro Station,2026-08-03,4,0,200,34,166,7,19.47,17.0,LOW
Velachery Metro Station,2026-08-03,5,0,200,26,174,11,18.48,13.0,LOW
Velachery Metro Station,2026-08-03,6,0,200,13,187,5,5.0,6.5,LOW
Velachery Metro Station,2026-08-03,7,0,200,178,22,83,94.42,89.0,HIGH
Velachery Metro Station,2026-08-03,8,0,200,166,34,46,84.18,83.0,HIGH
Velachery Metro Station,2026-08-03,9,0,200,168,32,36,88.76,84.0,HIGH
Velachery Metro Station,2026-08-03,10,0,200,184,16,72,89.74,92.0,HIGH
Velachery Metro Station,2026-08-03,11,0,200,158,42,58,79.97,79.0,MEDIUM
Velachery Metro Station,2026-08-03,12,0,200,162,38,64,86.97,81.0,HIGH
Velachery Metro Station,2026-08-03,13,0,200,140,60,55,74.52,70.0,MEDIUM
Velachery Metro Station,2026-08-03,14,0,200,176,24,72,92.17,88.0,HIGH
Velachery Metro Station,2026-08-03,15,0,200,176,24,70,92.64,88.0,HIGH
Velachery Metro Station,2026-08-03,16,0,200,134,66,44,71.24,67.0,MEDIUM
Velachery Metro Station,2026-08-03,17,0,200,179,21,58,89.54,89.5,HIGH
Velachery Metro Station,2026-08-03,18,0,200,190,10,48,98.0,95.0,HIGH
Velachery Metro Station,2026-08-03,19,0,200,186,14,49,98.0,93.0,HIGH
Velachery Metro Station,2026-08-03,20,0,200,169,31,74,76.93,84.5,HIGH
Velachery Metro Station,2026-08-03,21,0,200,111,89,55,49.38,55.5,MEDIUM
Velachery Metro Station,2026-08-03,22,0,200,98,102,30,49.15,49.0,LOW
Velachery Metro Station,2026-08-03,23,0,200,61,139,26,31.9,30.5,LOW
OMR IT Park,2026-08-03,0,0,300,34,266,12,5.0,11.33,LOW
OMR IT Park,2026-08-03,1,0,300,12,288,3,5.0,4.0,LOW
OMR IT Park,2026-08-03,2,0,300,20,280,9,5.0,6.67,LOW
OMR IT Park,2026-08-03,3,0,300,12,288,3,5.0,4.0,LOW
OMR IT Park,2026-08-03,4,0,300,13,287,4,5.0,4.33,LOW
OMR IT Park,2026-08-03,5,0,300,9,291,4,7.42,3.0,LOW
OMR IT Park,2026-08-03,6,0,300,15,285,7,5.0,5.0,LOW
OMR IT Park,2026-08-03,7,0,300,6,294,2,7.95,2.0,LOW
OMR IT Park,2026-08-03,8,0,300,259,41,73,91.01,86.33,HIGH
OMR IT Park,2026-08-03,9,0,300,218,82,54,65.81,72.67,MEDIUM
OMR IT Park,2026-08-03,10,0,300,236,64,95,87.58,78.67,MEDIUM
OMR IT Park,2026-08-03,11,0,300,280,20,114,89.75,93.33,HIGH
OMR IT Park,2026-08-03,12,0,300,265,35,116,90.49,88.33,HIGH
OMR IT Park,2026-08-03,13,0,300,261,39,103,85.47,87.0,HIGH
OMR IT Park,2026-08-03,14,0,300,243,57,95,88.0,81.0,HIGH
OMR IT Park,2026-08-03,15,0,300,282,18,110,89.68,94.0,HIGH
OMR IT Park,2026-08-03,16,0,300,243,57,117,79.63,81.0,HIGH
OMR IT Park,2026-08-03,17,0,300,162,138,68,53.05,54.0,MEDIUM
OMR IT Park,2026-08-03,18,0,300,208,92,78,70.72,69.33,MEDIUM
OMR IT Park,2026-08-03,19,0,300,149,151,64,54.07,49.67,LOW
OMR IT Park,2026-08-03,20,0,300,49,251,24,14.36,16.33,LOW
OMR IT Park,2026-08-03,21,0,300,92,208,37,31.84,30.67,LOW
OMR IT Park,2026-08-03,22,0,300,79,221,38,16.56,26.33,LOW
OMR IT Park,2026-08-03,23,0,300,6,294,2,5.0,2.0,LOW
Anna Nagar Center,2026-08-03,0,0,100,7,93,2,12.46,7.0,LOW
Anna Nagar Center,2026-08-03,1,0,100,14,86,3,15.87,14.0,LOW
Anna Nagar Center,2026-08-03,2,0,100,2,98,1,13.95,2.0,LOW
Anna Nagar Center,2026-08-03,3,0,100,21,79,6,11.0,21.0,LOW
Anna Nagar Center,2026-08-03,4,0,100,19,81,9,19.17,19.0,LOW
Anna Nagar Center,2026-08-03,5,0,100,28,72,6,26.21,28.0,LOW
Anna Nagar Center,2026-08-03,6,0,100,11,89,4,9.95,11.0,LOW
Anna Nagar Center,2026-08-03,7,0,100,4,96,1,5.0,4.0,LOW
Anna Nagar Center,2026-08-03,8,0,100,41,59,17,35.8,41.0,LOW
Anna Nagar Center,2026-08-03,9,0,100,48,52,11,52.66,48.0,LOW
Anna Nagar Center,2026-08-03,10,0,100,59,41,28,51.53,59.0,MEDIUM
Anna Nagar Center,2026-08-03,11,0,100,50,50,18,40.62,50.0,MEDIUM
Anna Nagar Center,2026-08-03,12,0,100,74,26,18,77.43,74.0,MEDIUM
Anna Nagar Center,2026-08-03,13,0,100,77,23,30,69.62,77.0,MEDIUM
Anna Nagar Center,2026-08-03,14,0,100,87,13,40,91.45,87.0,HIGH
Anna Nagar Center,2026-08-03,15,0,100,65,35,29,62.64,65.0,MEDIUM
Anna Nagar Center,2026-08-03,16,0,100,47,53,19,51.91,47.0,LOW
Anna Nagar Center,2026-08-03,17,0,100,65,35,20,54.52,65.0,MEDIUM
Anna Nagar Center,2026-08-03,18,0,100,77,23,25,81.6,77.0,MEDIUM
Anna Nagar Center,2026-08-03,19,0,100,63,37,25,66.48,63.0,MEDIUM
Anna Nagar Center,2026-08-03,20,0,100,76,24,34,76.55,76.0,MEDIUM
Anna Nagar Center,2026-08-03,21,0,100,77,23,24,82.68,77.0,MEDIUM
Anna Nagar Center,2026-08-03,22,0,100,24,76,9,25.93,24.0,LOW
Anna Nagar Center,2026-08-03,23,0,100,18,82,8,21.93,18.0,LOW
Guindy Corporate Park,2026-08-03,0,0,180,23,157,6,6.14,12.78,LOW
Guindy Corporate Park,2026-08-03,1,0,180,21,159,9,18.59,11.67,LOW
Guindy Corporate Park,2026-08-03,2,0,180,10,170,4,5.0,5.56,LOW
Guindy Corporate Park,2026-08-03,3,0,180,6,174,1,5.0,3.33,LOW
Guindy Corporate Park,2026-08-03,4,0,180,22,158,5,5.0,12.22,LOW
Guindy Corporate Park,2026-08-03,5,0,180,14,166,5,5.0,7.78,LOW
Guindy Corporate Park,2026-08-03,6,0,180,4,176,1,5.0,2.22,LOW
Guindy Corporate Park,2026-08-03,7,0,180,8,172,4,5.53,4.44,LOW
Guindy Corporate Park,2026-08-03,8,0,180,168,12,69,98.0,93.33,HIGH
Guindy Corporate Park,2026-08-03,9,0,180,132,48,52,75.25,73.33,MEDIUM
Guindy Corporate Park,2026-08-03,10,0,180,158,22,46,86.75,87.78,HIGH
Guindy Corporate Park,2026-08-03,11,0,180,164,16,53,94.32,91.11,HIGH
Guindy Corporate Park,2026-08-03,12,0,180,170,10,59,85.17,94.44,HIGH
Guindy Corporate Park,2026-08-03,13,0,180,149,31,43,91.96,82.78,HIGH
Guindy Corporate Park,2026-08-03,14,0,180,169,11,70,98.0,93.89,HIGH
Guindy Corporate Park,2026-08-03,15,0,180,167,13,41,91.94,92.78,HIGH
Guindy Corporate Park,2026-08-03,16,0,180,154,26,66,81.63,85.56,HIGH
Guindy Corporate Park,2026-08-03,17,0,180,85,95,19,52.16,47.22,LOW
Guindy Corporate Park,2026-08-03,18,0,180,137,43,45,65.06,76.11,MEDIUM
Guindy Corporate Park,2026-08-03,19,0,180,97,83,21,54.51,53.89,MEDIUM
Guindy Corporate Park,2026-08-03,20,0,180,52,128,19,28.23,28.89,LOW
Guindy Corporate Park,2026-08-03,21,0,180,51,129,19,30.85,28.33,LOW
Guindy Corporate Park,2026-08-03,22,0,180,43,137,17,35.99,23.89,LOW
Guindy Corporate Park,2026-08-03,23,0,180,6,174,2,9.14,3.33,LOW
Chennai Mall,2026-08-04,0,1,150,36,114,15,25.49,24.0,LOW
Chennai Mall,2026-08-04,1,1,150,8,142,3,7.55,5.33,LOW
Chennai Mall,2026-08-04,2,1,150,19,131,9,13.66,12.67,LOW
Chennai Mall,2026-08-04,3,1,150,39,111,12,26.7,26.0,LOW
Chennai Mall,2026-08-04,4,1,150,12,138,6,7.33,8.0,LOW
Chennai Mall,2026-08-04,5,1,150,9,141,4,11.22,6.0,LOW
Chennai Mall,2026-08-04,6,1,150,11,139,5,5.0,7.33,LOW
Chennai Mall,2026-08-04,7,1,150,16,134,4,14.4,10.67,LOW
Chennai Mall,2026-08-04,8,1,150,6,144,3,9.74,4.0,LOW
Chennai Mall,2026-08-04,9,1,150,18,132,7,12.23,12.0,LOW
Chennai Mall,2026-08-04,10,1,150,18,132,7,13.59,12.0,LOW
Chennai Mall,2026-08-04,11,1,150,28,122,13,17.53,18.67,LOW
Chennai Mall,2026-08-04,12,1,150,67,83,20,46.61,44.67,LOW
Chennai Mall,2026-08-04,13,1,150,76,74,22,56.68,50.67,MEDIUM
Chennai Mall,2026-08-04,14,1,150,95,55,33,58.98,63.33,MEDIUM
Chennai Mall,2026-08-04,15,1,150,61,89,15,37.67,40.67,LOW
Chennai Mall,2026-08-04,16,1,150,29,121,11,19.04,19.33,LOW
Chennai Mall,2026-08-04,17,1,150,109,41,35,71.0,72.67,MEDIUM
Chennai Mall,2026-08-04,18,1,150,128,22,54,79.61,85.33,HIGH
Chennai Mall,2026-08-04,19,1,150,123,27,58,75.39,82.0,HIGH
Chennai Mall,2026-08-04,20,1,150,121,29,58,85.24,80.67,HIGH
Chennai Mall,2026-08-04,21,1,150,130,20,44,79.47,86.67,HIGH
Chennai Mall,2026-08-04,22,1,150,34,116,8,17.55,22.67,LOW
Chennai Mall,2026-08-04,23,1,150,38,112,14,23.56,25.33,LOW
T Nagar Commercial Hub,2026-08-04,0,1,120,11,109,4,8.05,9.17,LOW
T Nagar Commercial Hub,2026-08-04,1,1,120,25,95,10,6.82,20.83,LOW
T Nagar Commercial Hub,2026-08-04,2,1,120,12,108,5,5.0,10.0,LOW
T Nagar Commercial Hub,2026-08-04,3,1,120,10,110,3,5.0,8.33,LOW
T Nagar Commercial Hub,2026-08-04,4,1,120,22,98,10,16.25,18.33,LOW
T Nagar Commercial Hub,2026-08-04,5,1,120,27,93,12,17.08,22.5,LOW
T Nagar Commercial Hub,2026-08-04,6,1,120,18,102,5,9.02,15.0,LOW
T Nagar Commercial Hub,2026-08-04,7,1,120,22,98,10,20.59,18.33,LOW
T Nagar Commercial Hub,2026-08-04,8,1,120,12,108,3,11.32,10.0,LOW
T Nagar Commercial Hub,2026-08-04,9,1,120,13,107,3,16.06,10.83,LOW
T Nagar Commercial Hub,2026-08-04,10,1,120,85,35,19,76.19,70.83,MEDIUM
T Nagar Commercial Hub,2026-08-04,11,1,120,98,22,23,73.08,81.67,HIGH
T Nagar Commercial Hub,2026-08-04,12,1,120,103,17,37,83.4,85.83,HIGH
T Nagar Commercial Hub,2026-08-04,13,1,120,74,46,33,60.99,61.67,MEDIUM
T Nagar Commercial Hub,2026-08-04,14,1,120,77,43,21,67.53,64.17,MEDIUM
T Nagar Commercial Hub,2026-08-04,15,1,120,73,47,17,64.51,60.83,MEDIUM
T Nagar Commercial Hub,2026-08-04,16,1,120,92,28,20,69.55,76.67,MEDIUM
T Nagar Commercial Hub,2026-08-04,17,1,120,96,24,46,78.92,80.0,HIGH
T Nagar Commercial Hub,2026-08-04,18,1,120,79,41,38,67.61,65.83,MEDIUM
T Nagar Commercial Hub,2026-08-04,19,1,120,75,45,16,69.81,62.5,MEDIUM
T Nagar Commercial Hub,2026-08-04,20,1,120,42,78,17,35.54,35.0,LOW
T Nagar Commercial Hub,2026-08-04,21,1,120,58,62,22,40.41,48.33,LOW
T Nagar Commercial Hub,2026-08-04,22,1,120,65,55,19,56.46,54.17,MEDIUM
T Nagar Commercial Hub,2026-08-04,23,1,120,18,102,7,16.24,15.0,LOW
Velachery Metro Station,2026-08-04,0,1,200,16,184,5,6.72,8.0,LOW
Velachery Metro Station,2026-08-04,1,1,200,12,188,4,10.73,6.0,LOW
Velachery Metro Station,2026-08-04,2,1,200,33,167,9,21.45,16.5,LOW
Velachery Metro Station,2026-08-04,3,1,200,11,189,2,9.35,5.5,LOW
Velachery Metro Station,2026-08-04,4,1,200,31,169,14,19.54,15.5,LOW
Velachery Metro Station,2026-08-04,5,1,200,28,172,6,17.94,14.0,LOW
Velachery Metro Station,2026-08-04,6,1,200,35,165,9,27.07,17.5,LOW
Velachery Metro Station,2026-08-04,7,1,200,164,36,60,80.74,82.0,HIGH
Velachery Metro Station,2026-08-04,8,1,200,188,12,57,82.85,94.0,HIGH
Velachery Metro Station,2026-08-04,9,1,200,185,15,80,89.02,92.5,HIGH
Velachery Metro Station,2026-08-04,10,1,200,174,26,75,86.17,87.0,HIGH
Velachery Metro Station,2026-08-04,11,1,200,156,44,56,75.85,78.0,MEDIUM
Velachery Metro Station,2026-08-04,12,1,200,170,30,59,85.9,85.0,HIGH
Velachery Metro Station,2026-08-04,13,1,200,144,56,58,87.93,72.0,MEDIUM
Velachery Metro Station,2026-08-04,14,1,200,176,24,85,84.0,88.0,HIGH
Velachery Metro Station,2026-08-04,15,1,200,148,52,49,80.14,74.0,MEDIUM
Velachery Metro Station,2026-08-04,16,1,200,164,36,67,76.31,82.0,HIGH
Velachery Metro Station,2026-08-04,17,1,200,200,0,77,98.0,100.0,HIGH
Velachery Metro Station,2026-08-04,18,1,200,182,18,82,94.78,91.0,HIGH
Velachery Metro Station,2026-08-04,19,1,200,185,15,88,97.87,92.5,HIGH
Velachery Metro Station,2026-08-04,20,1,200,180,20,44,92.38,90.0,HIGH
Velachery Metro Station,2026-08-04,21,1,200,108,92,24,55.3,54.0,MEDIUM
Velachery Metro Station,2026-08-04,22,1,200,100,100,47,64.08,50.0,MEDIUM
Velachery Metro Station,2026-08-04,23,1,200,94,106,37,41.11,47.0,LOW
OMR IT Park,2026-08-04,0,1,300,36,264,16,5.86,12.0,LOW
OMR IT Park,2026-08-04,1,1,300,10,290,4,5.0,3.33,LOW
OMR IT Park,2026-08-04,2,1,300,23,277,9,12.3,7.67,LOW
OMR IT Park,2026-08-04,3,1,300,9,291,4,5.0,3.0,LOW
OMR IT Park,2026-08-04,4,1,300,35,265,8,13.21,11.67,LOW
OMR IT Park,2026-08-04,5,1,300,44,256,16,5.0,14.67,LOW
OMR IT Park,2026-08-04,6,1,300,15,285,5,5.0,5.0,LOW
OMR IT Park,2026-08-04,7,1,300,13,287,6,6.76,4.33,LOW
OMR IT Park,2026-08-04,8,1,300,250,50,105,78.67,83.33,HIGH
OMR IT Park,2026-08-04,9,1,300,238,62,74,84.86,79.33,MEDIUM
OMR IT Park,2026-08-04,10,1,300,232,68,77,63.88,77.33,MEDIUM
OMR IT Park,2026-08-04,11,1,300,254,46,62,90.77,84.67,HIGH
OMR IT Park,2026-08-04,12,1,300,259,41,116,79.92,86.33,HIGH
OMR IT Park,2026-08-04,13,1,300,267,33,110,98.0,89.0,HIGH
OMR IT Park,2026-08-04,14,1,300,273,27,97,86.72,91.0,HIGH
OMR IT Park,2026-08-04,15,1,300,300,0,68,98.0,100.0,HIGH
OMR IT Park,2026-08-04,16,1,300,265,35,59,93.47,88.33,HIGH
OMR IT Park,2026-08-04,17,1,300,151,149,48,52.99,50.33,MEDIUM
OMR IT Park,2026-08-04,18,1,300,169,131,79,56.97,56.33,MEDIUM
OMR IT Park,2026-08-04,19,1,300,214,86,68,75.33,71.33,MEDIUM
OMR IT Park,2026-08-04,20,1,300,97,203,26,28.65,32.33,LOW
OMR IT Park,2026-08-04,21,1,300,89,211,29,40.49,29.67,LOW
OMR IT Park,2026-08-04,22,1,300,91,209,19,25.24,30.33,LOW
OMR IT Park,2026-08-04,23,1,300,11,289,4,6.4,3.67,LOW
Anna Nagar Center,2026-08-04,0,1,100,23,77,10,5.0,23.0,LOW
Anna Nagar Center,2026-08-04,1,1,100,7,93,3,5.0,7.0,LOW
Anna Nagar Center,2026-08-04,2,1,100,25,75,11,22.85,25.0,LOW
Anna Nagar Center,2026-08-04,3,1,100,9,91,2,6.18,9.0,LOW
Anna Nagar Center,2026-08-04,4,1,100,23,77,6,25.03,23.0,LOW
Anna Nagar Center,2026-08-04,5,1,100,18,82,9,7.97,18.0,LOW
Anna Nagar Center,2026-08-04,6,1,100,15,85,7,5.8,15.0,LOW
Anna Nagar Center,2026-08-04,7,1,100,9,91,3,8.53,9.0,LOW
Anna Nagar Center,2026-08-04,8,1,100,44,56,14,51.13,44.0,LOW
Anna Nagar Center,2026-08-04,9,1,100,60,40,18,63.36,60.0,MEDIUM
Anna Nagar Center,2026-08-04,10,1,100,62,38,27,54.46,62.0,MEDIUM
Anna Nagar Center,2026-08-04,11,1,100,52,48,15,51.49,52.0,MEDIUM
Anna Nagar Center,2026-08-04,12,1,100,67,33,14,60.41,67.0,MEDIUM
Anna Nagar Center,2026-08-04,13,1,100,62,38,30,66.77,62.0,MEDIUM
Anna Nagar Center,2026-08-04,14,1,100,63,37,28,70.63,63.0,MEDIUM
Anna Nagar Center,2026-08-04,15,1,100,66,34,28,58.44,66.0,MEDIUM
Anna Nagar Center,2026-08-04,16,1,100,68,32,29,61.65,68.0,MEDIUM
Anna Nagar Center,2026-08-04,17,1,100,54,46,18,54.35,54.0,MEDIUM
Anna Nagar Center,2026-08-04,18,1,100,86,14,39,82.7,86.0,HIGH
Anna Nagar Center,2026-08-04,19,1,100,84,16,17,82.19,84.0,HIGH
Anna Nagar Center,2026-08-04,20,1,100,86,14,24,81.13,86.0,HIGH
Anna Nagar Center,2026-08-04,21,1,100,65,35,21,64.59,65.0,MEDIUM
Anna Nagar Center,2026-08-04,22,1,100,28,72,9,29.5,28.0,LOW
Anna Nagar Center,2026-08-04,23,1,100,20,80,6,14.39,20.0,LOW
Guindy Corporate Park,2026-08-04,0,1,180,8,172,4,8.53,4.44,LOW
Guindy Corporate Park,2026-08-04,1,1,180,6,174,1,5.66,3.33,LOW
Guindy Corporate Park,2026-08-04,2,1,180,8,172,3,16.11,4.44,LOW
Guindy Corporate Park,2026-08-04,3,1,180,10,170,2,5.0,5.56,LOW
Guindy Corporate Park,2026-08-04,4,1,180,14,166,6,5.0,7.78,LOW
Guindy Corporate Park,2026-08-04,5,1,180,4,176,1,5.0,2.22,LOW
Guindy Corporate Park,2026-08-04,6,1,180,17,163,5,10.54,9.44,LOW
Guindy Corporate Park,2026-08-04,7,1,180,15,165,6,5.37,8.33,LOW
Guindy Corporate Park,2026-08-04,8,1,180,135,45,31,78.8,75.0,MEDIUM
Guindy Corporate Park,2026-08-04,9,1,180,135,45,55,85.69,75.0,MEDIUM
Guindy Corporate Park,2026-08-04,10,1,180,169,11,60,98.0,93.89,HIGH
Guindy Corporate Park,2026-08-04,11,1,180,142,38,68,82.61,78.89,MEDIUM
Guindy Corporate Park,2026-08-04,12,1,180,175,5,72,94.57,97.22,HIGH
Guindy Corporate Park,2026-08-04,13,1,180,180,0,64,96.1,100.0,HIGH
Guindy Corporate Park,2026-08-04,14,1,180,141,39,59,76.87,78.33,MEDIUM
Guindy Corporate Park,2026-08-04,15,1,180,168,12,59,95.94,93.33,HIGH
Guindy Corporate Park,2026-08-04,16,1,180,161,19,68,94.7,89.44,HIGH
Guindy Corporate Park,2026-08-04,17,1,180,129,51,62,73.1,71.67,MEDIUM
Guindy Corporate Park,2026-08-04,18,1,180,136,44,32,77.36,75.56,MEDIUM
Guindy Corporate Park,2026-08-04,19,1,180,130,50,42,62.81,72.22,MEDIUM
Guindy Corporate Park,2026-08-04,20,1,180,44,136,19,19.72,24.44,LOW
Guindy Corporate Park,2026-08-04,21,1,180,52,128,19,14.6,28.89,LOW
Guindy Corporate Park,2026-08-04,22,1,180,57,123,15,32.08,31.67,LOW
Guindy Corporate Park,2026-08-04,23,1,180,11,169,3,16.29,6.11,LOW
Chennai Mall,2026-08-05,0,2,150,26,124,11,17.7,17.33,LOW
Chennai Mall,2026-08-05,1,2,150,32,118,12,17.99,21.33,LOW
Chennai Mall,2026-08-05,2,2,150,32,118,12,26.11,21.33,LOW
Chennai Mall,2026-08-05,3,2,150,29,121,14,18.08,19.33,LOW
Chennai Mall,2026-08-05,4,2,150,16,134,8,15.71,10.67,LOW
Chennai Mall,2026-08-05,5,2,150,24,126,7,15.38,16.0,LOW
Chennai Mall,2026-08-05,6,2,150,24,126,5,11.48,16.0,LOW
Chennai Mall,2026-08-05,7,2,150,29,121,14,27.07,19.33,LOW
Chennai Mall,2026-08-05,8,2,150,31,119,13,25.44,20.67,LOW
Chennai Mall,2026-08-05,9,2,150,17,133,5,15.48,11.33,LOW
Chennai Mall,2026-08-05,10,2,150,7,143,3,5.0,4.67,LOW
Chennai Mall,2026-08-05,11,2,150,32,118,15,20.51,21.33,LOW
Chennai Mall,2026-08-05,12,2,150,66,84,16,53.71,44.0,LOW
Chennai Mall,2026-08-05,13,2,150,64,86,25,52.67,42.67,LOW
Chennai Mall,2026-08-05,14,2,150,71,79,23,30.56,47.33,LOW
Chennai Mall,2026-08-05,15,2,150,76,74,37,43.06,50.67,MEDIUM
Chennai Mall,2026-08-05,16,2,150,29,121,6,17.04,19.33,LOW
Chennai Mall,2026-08-05,17,2,150,99,51,26,64.94,66.0,MEDIUM
Chennai Mall,2026-08-05,18,2,150,102,48,29,68.4,68.0,MEDIUM
Chennai Mall,2026-08-05,19,2,150,118,32,26,78.24,78.67,MEDIUM
Chennai Mall,2026-08-05,20,2,150,124,26,47,79.42,82.67,HIGH
Chennai Mall,2026-08-05,21,2,150,134,16,65,79.47,89.33,HIGH
Chennai Mall,2026-08-05,22,2,150,52,98,22,32.01,34.67,LOW
Chennai Mall,2026-08-05,23,2,150,54,96,12,34.2,36.0,LOW
T Nagar Commercial Hub,2026-08-05,0,2,120,21,99,8,23.44,17.5,LOW
T Nagar Commercial Hub,2026-08-05,1,2,120,17,103,4,14.36,14.17,LOW
T Nagar Commercial Hub,2026-08-05,2,2,120,20,100,7,17.47,16.67,LOW
T Nagar Commercial Hub,2026-08-05,3,2,120,7,113,3,5.0,5.83,LOW
T Nagar Commercial Hub,2026-08-05,4,2,120,21,99,7,19.71,17.5,LOW
T Nagar Commercial Hub,2026-08-05,5,2,120,16,104,5,5.58,13.33,LOW
T Nagar Commercial Hub,2026-08-05,6,2,120,11,109,4,9.47,9.17,LOW
T Nagar Commercial Hub,2026-08-05,7,2,120,19,101,7,13.77,15.83,LOW
T Nagar Commercial Hub,2026-08-05,8,2,120,4,116,1,6.95,3.33,LOW
T Nagar Commercial Hub,2026-08-05,9,2,120,21,99,8,14.08,17.5,LOW
T Nagar Commercial Hub,2026-08-05,10,2,120,81,39,25,69.77,67.5,MEDIUM
T Nagar Commercial Hub,2026-08-05,11,2,120,87,33,33,78.43,72.5,MEDIUM
T Nagar Commercial Hub,2026-08-05,12,2,120,77,43,32,72.3,64.17,MEDIUM
T Nagar Commercial Hub,2026-08-05,13,2,120,92,28,20,73.89,76.67,MEDIUM
T Nagar Commercial Hub,2026-08-05,14,2,120,83,37,37,73.93,69.17,MEDIUM
T Nagar Commercial Hub,2026-08-05,15,2,120,90,30,43,83.79,75.0,MEDIUM
T Nagar Commercial Hub,2026-08-05,16,2,120,85,35,19,68.89,70.83,MEDIUM
T Nagar Commercial Hub,2026-08-05,17,2,120,75,45,26,70.51,62.5,MEDIUM
T Nagar Commercial Hub,2026-08-05,18,2,120,73,47,15,57.44,60.83,MEDIUM
T Nagar Commercial Hub,2026-08-05,19,2,120,93,27,33,70.06,77.5,MEDIUM
T Nagar Commercial Hub,2026-08-05,20,2,120,64,56,24,47.73,53.33,MEDIUM
T Nagar Commercial Hub,2026-08-05,21,2,120,54,66,17,35.5,45.0,LOW
T Nagar Commercial Hub,2026-08-05,22,2,120,65,55,23,59.44,54.17,MEDIUM
T Nagar Commercial Hub,2026-08-05,23,2,120,23,97,10,18.01,19.17,LOW
Velachery Metro Station,2026-08-05,0,2,200,14,186,4,5.0,7.0,LOW
Velachery Metro Station,2026-08-05,1,2,200,30,170,10,20.68,15.0,LOW
Velachery Metro Station,2026-08-05,2,2,200,32,168,13,11.17,16.0,LOW
Velachery Metro Station,2026-08-05,3,2,200,31,169,11,9.45,15.5,LOW
Velachery Metro Station,2026-08-05,4,2,200,12,188,5,6.55,6.0,LOW
Velachery Metro Station,2026-08-05,5,2,200,36,164,10,13.95,18.0,LOW
Velachery Metro Station,2026-08-05,6,2,200,10,190,4,5.0,5.0,LOW
Velachery Metro Station,2026-08-05,7,2,200,166,34,52,90.14,83.0,HIGH
Velachery Metro Station,2026-08-05,8,2,200,159,41,52,86.13,79.5,MEDIUM
Velachery Metro Station,2026-08-05,9,2,200,195,5,81,96.77,97.5,HIGH
Velachery Metro Station,2026-08-05,10,2,200,200,0,81,93.67,100.0,HIGH
Velachery Metro Station,2026-08-05,11,2,200,154,46,39,79.11,77.0,MEDIUM
Velachery Metro Station,2026-08-05,12,2,200,160,40,48,92.98,80.0,HIGH
Velachery Metro Station,2026-08-05,13,2,200,146,54,44,74.42,73.0,MEDIUM
Velachery Metro Station,2026-08-05,14,2,200,137,63,60,68.51,68.5,MEDIUM
Velachery Metro Station,2026-08-05,15,2,200,172,28,44,82.93,86.0,HIGH
Velachery Metro Station,2026-08-05,16,2,200,154,46,48,79.0,77.0,MEDIUM
Velachery Metro Station,2026-08-05,17,2,200,184,16,70,81.67,92.0,HIGH
Velachery Metro Station,2026-08-05,18,2,200,173,27,81,90.7,86.5,HIGH
Velachery Metro Station,2026-08-05,19,2,200,200,0,72,94.34,100.0,HIGH
Velachery Metro Station,2026-08-05,20,2,200,184,16,41,92.19,92.0,HIGH
Velachery Metro Station,2026-08-05,21,2,200,83,117,21,30.55,41.5,LOW
Velachery Metro Station,2026-08-05,22,2,200,67,133,21,28.1,33.5,LOW
Velachery Metro Station,2026-08-05,23,2,200,91,109,31,39.37,45.5,LOW
OMR IT Park,2026-08-05,0,2,300,6,294,2,5.0,2.0,LOW
OMR IT Park,2026-08-05,1,2,300,14,286,4,5.0,4.67,LOW
OMR IT Park,2026-08-05,2,2,300,25,275,12,7.37,8.33,LOW
OMR IT Park,2026-08-05,3,2,300,18,282,7,14.08,6.0,LOW
OMR IT Park,2026-08-05,4,2,300,21,279,8,5.0,7.0,LOW
OMR IT Park,2026-08-05,5,2,300,6,294,3,5.0,2.0,LOW
OMR IT Park,2026-08-05,6,2,300,36,264,8,12.06,12.0,LOW
OMR IT Park,2026-08-05,7,2,300,22,278,6,5.0,7.33,LOW
OMR IT Park,2026-08-05,8,2,300,244,56,59,85.93,81.33,HIGH
OMR IT Park,2026-08-05,9,2,300,206,94,55,76.67,68.67,MEDIUM
OMR IT Park,2026-08-05,10,2,300,266,34,113,83.93,88.67,HIGH
OMR IT Park,2026-08-05,11,2,300,260,40,66,91.27,86.67,HIGH
OMR IT Park,2026-08-05,12,2,300,262,38,73,81.44,87.33,HIGH
OMR IT Park,2026-08-05,13,2,300,281,19,105,98.0,93.67,HIGH
OMR IT Park,2026-08-05,14,2,300,241,59,78,84.24,80.33,HIGH
OMR IT Park,2026-08-05,15,2,300,252,48,118,82.12,84.0,HIGH
OMR IT Park,2026-08-05,16,2,300,272,28,87,92.62,90.67,HIGH
OMR IT Park,2026-08-05,17,2,300,212,88,79,80.62,70.67,MEDIUM
OMR IT Park,2026-08-05,18,2,300,200,100,98,70.36,66.67,MEDIUM
OMR IT Park,2026-08-05,19,2,300,217,83,44,73.29,72.33,MEDIUM
OMR IT Park,2026-08-05,20,2,300,51,249,11,14.15,17.0,LOW
OMR IT Park,2026-08-05,21,2,300,83,217,19,20.59,27.67,LOW
OMR IT Park,2026-08-05,22,2,300,90,210,43,38.13,30.0,LOW
OMR IT Park,2026-08-05,23,2,300,12,288,4,10.16,4.0,LOW
Anna Nagar Center,2026-08-05,0,2,100,7,93,3,5.71,7.0,LOW
Anna Nagar Center,2026-08-05,1,2,100,7,93,2,9.69,7.0,LOW
Anna Nagar Center,2026-08-05,2,2,100,17,83,8,19.91,17.0,LOW
Anna Nagar Center,2026-08-05,3,2,100,9,91,3,8.52,9.0,LOW
Anna Nagar Center,2026-08-05,4,2,100,18,82,8,22.57,18.0,LOW
Anna Nagar Center,2026-08-05,5,2,100,12,88,3,5.82,12.0,LOW
Anna Nagar Center,2026-08-05,6,2,100,7,93,2,5.35,7.0,LOW
Anna Nagar Center,2026-08-05,7,2,100,12,88,4,8.11,12.0,LOW
Anna Nagar Center,2026-08-05,8,2,100,48,52,17,49.29,48.0,LOW
Anna Nagar Center,2026-08-05,9,2,100,49,51,11,47.58,49.0,LOW
Anna Nagar Center,2026-08-05,10,2,100,49,51,19,39.62,49.0,LOW
Anna Nagar Center,2026-08-05,11,2,100,44,56,10,51.02,44.0,LOW
Anna Nagar Center,2026-08-05,12,2,100,77,23,25,70.1,77.0,MEDIUM
Anna Nagar Center,2026-08-05,13,2,100,89,11,42,87.83,89.0,HIGH
Anna Nagar Center,2026-08-05,14,2,100,78,22,37,76.19,78.0,MEDIUM
Anna Nagar Center,2026-08-05,15,2,100,74,26,15,81.12,74.0,MEDIUM
Anna Nagar Center,2026-08-05,16,2,100,55,45,21,60.34,55.0,MEDIUM
Anna Nagar Center,2026-08-05,17,2,100,62,38,27,60.82,62.0,MEDIUM
Anna Nagar Center,2026-08-05,18,2,100,67,33,19,63.37,67.0,MEDIUM
Anna Nagar Center,2026-08-05,19,2,100,71,29,15,85.25,71.0,MEDIUM
Anna Nagar Center,2026-08-05,20,2,100,91,9,20,86.24,91.0,HIGH
Anna Nagar Center,2026-08-05,21,2,100,85,15,34,78.88,85.0,HIGH
Anna Nagar Center,2026-08-05,22,2,100,21,79,10,21.58,21.0,LOW
Anna Nagar Center,2026-08-05,23,2,100,11,89,3,5.0,11.0,LOW
Guindy Corporate Park,2026-08-05,0,2,180,4,176,1,5.0,2.22,LOW
Guindy Corporate Park,2026-08-05,1,2,180,10,170,5,7.35,5.56,LOW
Guindy Corporate Park,2026-08-05,2,2,180,11,169,3,9.47,6.11,LOW
Guindy Corporate Park,2026-08-05,3,2,180,6,174,2,7.85,3.33,LOW
Guindy Corporate Park,2026-08-05,4,2,180,15,165,5,16.82,8.33,LOW
Guindy Corporate Park,2026-08-05,5,2,180,12,168,5,5.0,6.67,LOW
Guindy Corporate Park,2026-08-05,6,2,180,11,169,3,5.0,6.11,LOW
Guindy Corporate Park,2026-08-05,7,2,180,7,173,3,7.94,3.89,LOW
Guindy Corporate Park,2026-08-05,8,2,180,153,27,69,80.33,85.0,HIGH
Guindy Corporate Park,2026-08-05,9,2,180,160,20,41,94.99,88.89,HIGH
Guindy Corporate Park,2026-08-05,10,2,180,167,13,60,88.51,92.78,HIGH
Guindy Corporate Park,2026-08-05,11,2,180,161,19,74,87.15,89.44,HIGH
Guindy Corporate Park,2026-08-05,12,2,180,167,13,83,94.5,92.78,HIGH
Guindy Corporate Park,2026-08-05,13,2,180,139,41,49,83.19,77.22,MEDIUM
Guindy Corporate Park,2026-08-05,14,2,180,150,30,60,84.75,83.33,HIGH
Guindy Corporate Park,2026-08-05,15,2,180,158,22,68,83.34,87.78,HIGH
Guindy Corporate Park,2026-08-05,16,2,180,154,26,46,82.92,85.56,HIGH
Guindy Corporate Park,2026-08-05,17,2,180,108,72,22,52.83,60.0,MEDIUM
Guindy Corporate Park,2026-08-05,18,2,180,127,53,60,72.96,70.56,MEDIUM
Guindy Corporate Park,2026-08-05,19,2,180,116,64,54,63.82,64.44,MEDIUM
Guindy Corporate Park,2026-08-05,20,2,180,37,143,16,18.92,20.56,LOW
Guindy Corporate Park,2026-08-05,21,2,180,58,122,16,39.4,32.22,LOW
Guindy Corporate Park,2026-08-05,22,2,180,35,145,17,18.48,19.44,LOW
Guindy Corporate Park,2026-08-05,23,2,180,6,174,3,6.99,3.33,LOW
Chennai Mall,2026-08-06,0,3,150,19,131,6,17.16,12.67,LOW
Chennai Mall,2026-08-06,1,3,150,3,147,1,13.32,2.0,LOW
Chennai Mall,2026-08-06,2,3,150,28,122,11,18.17,18.67,LOW
Chennai Mall,2026-08-06,3,3,150,16,134,5,5.0,10.67,LOW
Chennai Mall,2026-08-06,4,3,150,19,131,8,13.11,12.67,LOW
Chennai Mall,2026-08-06,5,3,150,34,116,15,11.53,22.67,LOW
Chennai Mall,2026-08-06,6,3,150,27,123,7,21.19,18.0,LOW
Chennai Mall,2026-08-06,7,3,150,37,113,9,21.93,24.67,LOW
Chennai Mall,2026-08-06,8,3,150,8,142,3,5.0,5.33,LOW
Chennai Mall,2026-08-06,9,3,150,34,116,9,17.92,22.67,LOW
Chennai Mall,2026-08-06,10,3,150,18,132,8,15.13,12.0,LOW
Chennai Mall,2026-08-06,11,3,150,33,117,12,20.89,22.0,LOW
Chennai Mall,2026-08-06,12,3,150,80,70,17,50.48,53.33,MEDIUM
Chennai Mall,2026-08-06,13,3,150,71,79,28,42.38,47.33,LOW
Chennai Mall,2026-08-06,14,3,150,90,60,33,67.37,60.0,MEDIUM
Chennai Mall,2026-08-06,15,3,150,86,64,35,60.07,57.33,MEDIUM
Chennai Mall,2026-08-06,16,3,150,7,143,1,8.81,4.67,LOW
Chennai Mall,2026-08-06,17,3,150,113,37,40,77.35,75.33,MEDIUM
Chennai Mall,2026-08-06,18,3,150,116,34,31,76.39,77.33,MEDIUM
Chennai Mall,2026-08-06,19,3,150,124,26,58,73.51,82.67,HIGH
Chennai Mall,2026-08-06,20,3,150,123,27,26,85.8,82.0,HIGH
Chennai Mall,2026-08-06,21,3,150,122,28,37,78.03,81.33,HIGH
Chennai Mall,2026-08-06,22,3,150,49,101,14,28.84,32.67,LOW
Chennai Mall,2026-08-06,23,3,150,64,86,23,39.55,42.67,LOW
T Nagar Commercial Hub,2026-08-06,0,3,120,10,110,2,22.91,8.33,LOW
T Nagar Commercial Hub,2026-08-06,1,3,120,18,102,4,14.58,15.0,LOW
T Nagar Commercial Hub,2026-08-06,2,3,120,2,118,1,9.48,1.67,LOW
T Nagar Commercial Hub,2026-08-06,3,3,120,27,93,8,5.0,22.5,LOW
T Nagar Commercial Hub,2026-08-06,4,3,120,19,101,4,11.01,15.83,LOW
T Nagar Commercial Hub,2026-08-06,5,3,120,25,95,8,13.3,20.83,LOW
T Nagar Commercial Hub,2026-08-06,6,3,120,16,104,5,12.3,13.33,LOW
T Nagar Commercial Hub,2026-08-06,7,3,120,13,107,6,17.46,10.83,LOW
T Nagar Commercial Hub,2026-08-06,8,3,120,12,108,4,18.46,10.0,LOW
T Nagar Commercial Hub,2026-08-06,9,3,120,5,115,1,10.77,4.17,LOW
T Nagar Commercial Hub,2026-08-06,10,3,120,92,28,38,66.88,76.67,MEDIUM
T Nagar Commercial Hub,2026-08-06,11,3,120,74,46,30,63.8,61.67,MEDIUM
T Nagar Commercial Hub,2026-08-06,12,3,120,99,21,30,85.55,82.5,HIGH
T Nagar Commercial Hub,2026-08-06,13,3,120,93,27,30,81.35,77.5,MEDIUM
T Nagar Commercial Hub,2026-08-06,14,3,120,99,21,45,87.12,82.5,HIGH
T Nagar Commercial Hub,2026-08-06,15,3,120,90,30,31,72.39,75.0,MEDIUM
T Nagar Commercial Hub,2026-08-06,16,3,120,76,44,32,57.73,63.33,MEDIUM
T Nagar Commercial Hub,2026-08-06,17,3,120,78,42,27,66.28,65.0,MEDIUM
T Nagar Commercial Hub,2026-08-06,18,3,120,98,22,34,81.41,81.67,HIGH
T Nagar Commercial Hub,2026-08-06,19,3,120,91,29,36,81.49,75.83,MEDIUM
T Nagar Commercial Hub,2026-08-06,20,3,120,66,54,24,54.69,55.0,MEDIUM
T Nagar Commercial Hub,2026-08-06,21,3,120,54,66,13,42.52,45.0,LOW
T Nagar Commercial Hub,2026-08-06,22,3,120,55,65,23,36.5,45.83,LOW
T Nagar Commercial Hub,2026-08-06,23,3,120,25,95,11,17.51,20.83,LOW
Velachery Metro Station,2026-08-06,0,3,200,19,181,10,5.0,9.5,LOW
Velachery Metro Station,2026-08-06,1,3,200,24,176,6,8.88,12.0,LOW
Velachery Metro Station,2026-08-06,2,3,200,43,157,10,12.34,21.5,LOW
Velachery Metro Station,2026-08-06,3,3,200,34,166,10,11.06,17.0,LOW
Velachery Metro Station,2026-08-06,4,3,200,33,167,11,15.96,16.5,LOW
Velachery Metro Station,2026-08-06,5,3,200,31,169,10,12.87,15.5,LOW
Velachery Metro Station,2026-08-06,6,3,200,21,179,9,11.14,10.5,LOW
Velachery Metro Station,2026-08-06,7,3,200,166,34,72,89.28,83.0,HIGH
Velachery Metro Station,2026-08-06,8,3,200,194,6,46,94.87,97.0,HIGH
Velachery Metro Station,2026-08-06,9,3,200,179,21,43,95.8,89.5,HIGH
Velachery Metro Station,2026-08-06,10,3,200,173,27,68,87.73,86.5,HIGH
Velachery Metro Station,2026-08-06,11,3,200,143,57,55,72.58,71.5,MEDIUM
Velachery Metro Station,2026-08-06,12,3,200,171,29,36,80.03,85.5,HIGH
Velachery Metro Station,2026-08-06,13,3,200,139,61,46,74.24,69.5,MEDIUM
Velachery Metro Station,2026-08-06,14,3,200,144,56,62,73.76,72.0,MEDIUM
Velachery Metro Station,2026-08-06,15,3,200,146,54,47,76.26,73.0,MEDIUM
Velachery Metro Station,2026-08-06,16,3,200,168,32,40,81.66,84.0,HIGH
Velachery Metro Station,2026-08-06,17,3,200,184,16,38,95.46,92.0,HIGH
Velachery Metro Station,2026-08-06,18,3,200,187,13,59,98.0,93.5,HIGH
Velachery Metro Station,2026-08-06,19,3,200,196,4,86,89.3,98.0,HIGH
Velachery Metro Station,2026-08-06,20,3,200,179,21,49,87.4,89.5,HIGH
Velachery Metro Station,2026-08-06,21,3,200,77,123,24,37.6,38.5,LOW
Velachery Metro Station,2026-08-06,22,3,200,66,134,17,37.85,33.0,LOW
Velachery Metro Station,2026-08-06,23,3,200,98,102,46,47.91,49.0,LOW
OMR IT Park,2026-08-06,0,3,300,12,288,4,5.0,4.0,LOW
OMR IT Park,2026-08-06,1,3,300,6,294,1,6.8,2.0,LOW
OMR IT Park,2026-08-06,2,3,300,13,287,3,5.0,4.33,LOW
OMR IT Park,2026-08-06,3,3,300,25,275,8,5.0,8.33,LOW
OMR IT Park,2026-08-06,4,3,300,28,272,8,5.0,9.33,LOW
OMR IT Park,2026-08-06,5,3,300,37,263,14,5.0,12.33,LOW
OMR IT Park,2026-08-06,6,3,300,15,285,7,9.95,5.0,LOW
OMR IT Park,2026-08-06,7,3,300,23,277,9,21.24,7.67,LOW
OMR IT Park,2026-08-06,8,3,300,300,0,91,96.2,100.0,HIGH
OMR IT Park,2026-08-06,9,3,300,230,70,66,76.99,76.67,MEDIUM
OMR IT Park,2026-08-06,10,3,300,205,95,88,63.52,68.33,MEDIUM
OMR IT Park,2026-08-06,11,3,300,253,47,115,87.97,84.33,HIGH
OMR IT Park,2026-08-06,12,3,300,245,55,63,83.5,81.67,HIGH
OMR IT Park,2026-08-06,13,3,300,265,35,63,76.61,88.33,HIGH
OMR IT Park,2026-08-06,14,3,300,279,21,81,97.97,93.0,HIGH
OMR IT Park,2026-08-06,15,3,300,243,57,56,93.58,81.0,HIGH
OMR IT Park,2026-08-06,16,3,300,250,50,122,90.49,83.33,HIGH
OMR IT Park,2026-08-06,17,3,300,219,81,59,78.97,73.0,MEDIUM
OMR IT Park,2026-08-06,18,3,300,172,128,43,62.41,57.33,MEDIUM
OMR IT Park,2026-08-06,19,3,300,169,131,80,54.32,56.33,MEDIUM
OMR IT Park,2026-08-06,20,3,300,61,239,21,10.2,20.33,LOW
OMR IT Park,2026-08-06,21,3,300,56,244,27,16.74,18.67,LOW
OMR IT Park,2026-08-06,22,3,300,67,233,28,29.22,22.33,LOW
OMR IT Park,2026-08-06,23,3,300,17,283,8,5.0,5.67,LOW
Anna Nagar Center,2026-08-06,0,3,100,16,84,6,22.8,16.0,LOW
Anna Nagar Center,2026-08-06,1,3,100,17,83,7,19.7,17.0,LOW
Anna Nagar Center,2026-08-06,2,3,100,9,91,2,5.0,9.0,LOW
Anna Nagar Center,2026-08-06,3,3,100,14,86,7,21.39,14.0,LOW
Anna Nagar Center,2026-08-06,4,3,100,22,78,7,19.14,22.0,LOW
Anna Nagar Center,2026-08-06,5,3,100,19,81,7,21.88,19.0,LOW
Anna Nagar Center,2026-08-06,6,3,100,21,79,4,21.07,21.0,LOW
Anna Nagar Center,2026-08-06,7,3,100,5,95,2,5.54,5.0,LOW
Anna Nagar Center,2026-08-06,8,3,100,64,36,28,66.88,64.0,MEDIUM
Anna Nagar Center,2026-08-06,9,3,100,61,39,14,68.2,61.0,MEDIUM
Anna Nagar Center,2026-08-06,10,3,100,53,47,23,51.59,53.0,MEDIUM
Anna Nagar Center,2026-08-06,11,3,100,49,51,20,48.01,49.0,LOW
Anna Nagar Center,2026-08-06,12,3,100,86,14,22,81.27,86.0,HIGH
Anna Nagar Center,2026-08-06,13,3,100,72,28,28,74.65,72.0,MEDIUM
Anna Nagar Center,2026-08-06,14,3,100,80,20,23,71.09,80.0,HIGH
Anna Nagar Center,2026-08-06,15,3,100,84,16,37,77.27,84.0,HIGH
Anna Nagar Center,2026-08-06,16,3,100,46,54,21,56.89,46.0,LOW
Anna Nagar Center,2026-08-06,17,3,100,48,52,15,50.78,48.0,LOW
Anna Nagar Center,2026-08-06,18,3,100,72,28,16,72.63,72.0,MEDIUM
Anna Nagar Center,2026-08-06,19,3,100,66,34,13,69.21,66.0,MEDIUM
Anna Nagar Center,2026-08-06,20,3,100,77,23,18,76.02,77.0,MEDIUM
Anna Nagar Center,2026-08-06,21,3,100,76,24,26,74.93,76.0,MEDIUM
Anna Nagar Center,2026-08-06,22,3,100,2,98,1,5.0,2.0,LOW
Anna Nagar Center,2026-08-06,23,3,100,21,79,8,22.02,21.0,LOW
Guindy Corporate Park,2026-08-06,0,3,180,24,156,7,5.0,13.33,LOW
Guindy Corporate Park,2026-08-06,1,3,180,8,172,2,10.02,4.44,LOW
Guindy Corporate Park,2026-08-06,2,3,180,13,167,3,5.0,7.22,LOW
Guindy Corporate Park,2026-08-06,3,3,180,16,164,7,6.05,8.89,LOW
Guindy Corporate Park,2026-08-06,4,3,180,9,171,4,5.0,5.0,LOW
Guindy Corporate Park,2026-08-06,5,3,180,4,176,1,12.78,2.22,LOW
Guindy Corporate Park,2026-08-06,6,3,180,13,167,3,5.0,7.22,LOW
Guindy Corporate Park,2026-08-06,7,3,180,4,176,2,5.0,2.22,LOW
Guindy Corporate Park,2026-08-06,8,3,180,140,40,33,68.8,77.78,MEDIUM
Guindy Corporate Park,2026-08-06,9,3,180,141,39,65,69.59,78.33,MEDIUM
Guindy Corporate Park,2026-08-06,10,3,180,132,48,39,75.34,73.33,MEDIUM
Guindy Corporate Park,2026-08-06,11,3,180,160,20,47,84.59,88.89,HIGH
Guindy Corporate Park,2026-08-06,12,3,180,169,11,39,98.0,93.89,HIGH
Guindy Corporate Park,2026-08-06,13,3,180,147,33,67,77.67,81.67,HIGH
Guindy Corporate Park,2026-08-06,14,3,180,140,40,55,77.12,77.78,MEDIUM
Guindy Corporate Park,2026-08-06,15,3,180,158,22,65,86.24,87.78,HIGH
Guindy Corporate Park,2026-08-06,16,3,180,145,35,43,75.25,80.56,HIGH
Guindy Corporate Park,2026-08-06,17,3,180,124,56,26,75.59,68.89,MEDIUM
Guindy Corporate Park,2026-08-06,18,3,180,110,70,38,60.99,61.11,MEDIUM
Guindy Corporate Park,2026-08-06,19,3,180,114,66,47,60.6,63.33,MEDIUM
Guindy Corporate Park,2026-08-06,20,3,180,34,146,13,19.56,18.89,LOW
Guindy Corporate Park,2026-08-06,21,3,180,51,129,23,30.79,28.33,LOW
Guindy Corporate Park,2026-08-06,22,3,180,20,160,10,15.42,11.11,LOW
Guindy Corporate Park,2026-08-06,23,3,180,24,156,9,11.62,13.33,LOW
Chennai Mall,2026-08-07,0,4,150,12,138,5,17.28,8.0,LOW
Chennai Mall,2026-08-07,1,4,150,10,140,3,5.0,6.67,LOW
Chennai Mall,2026-08-07,2,4,150,17,133,4,5.0,11.33,LOW
Chennai Mall,2026-08-07,3,4,150,12,138,5,14.85,8.0,LOW
Chennai Mall,2026-08-07,4,4,150,11,139,4,9.49,7.33,LOW
Chennai Mall,2026-08-07,5,4,150,37,113,13,24.43,24.67,LOW
Chennai Mall,2026-08-07,6,4,150,18,132,8,14.32,12.0,LOW
Chennai Mall,2026-08-07,7,4,150,31,119,15,19.28,20.67,LOW
Chennai Mall,2026-08-07,8,4,150,15,135,5,15.93,10.0,LOW
Chennai Mall,2026-08-07,9,4,150,39,111,12,28.63,26.0,LOW
Chennai Mall,2026-08-07,10,4,150,20,130,7,19.36,13.33,LOW
Chennai Mall,2026-08-07,11,4,150,22,128,5,9.26,14.67,LOW
Chennai Mall,2026-08-07,12,4,150,89,61,33,57.13,59.33,MEDIUM
Chennai Mall,2026-08-07,13,4,150,86,64,19,66.43,57.33,MEDIUM
Chennai Mall,2026-08-07,14,4,150,77,73,21,58.02,51.33,MEDIUM
Chennai Mall,2026-08-07,15,4,150,63,87,22,33.84,42.0,LOW
Chennai Mall,2026-08-07,16,4,150,28,122,10,15.56,18.67,LOW
Chennai Mall,2026-08-07,17,4,150,113,37,43,72.02,75.33,MEDIUM
Chennai Mall,2026-08-07,18,4,150,119,31,55,80.53,79.33,MEDIUM
Chennai Mall,2026-08-07,19,4,150,94,56,37,60.59,62.67,MEDIUM
Chennai Mall,2026-08-07,20,4,150,111,39,29,81.9,74.0,MEDIUM
Chennai Mall,2026-08-07,21,4,150,105,45,28,69.06,70.0,MEDIUM
Chennai Mall,2026-08-07,22,4,150,27,123,6,28.13,18.0,LOW
Chennai Mall,2026-08-07,23,4,150,41,109,20,31.97,27.33,LOW
T Nagar Commercial Hub,2026-08-07,0,4,120,19,101,10,7.75,15.83,LOW
T Nagar Commercial Hub,2026-08-07,1,4,120,18,102,6,17.92,15.0,LOW
T Nagar Commercial Hub,2026-08-07,2,4,120,4,116,1,5.0,3.33,LOW
T Nagar Commercial Hub,2026-08-07,3,4,120,19,101,5,13.42,15.83,LOW
T Nagar Commercial Hub,2026-08-07,4,4,120,7,113,3,5.92,5.83,LOW
T Nagar Commercial Hub,2026-08-07,5,4,120,13,107,3,6.26,10.83,LOW
T Nagar Commercial Hub,2026-08-07,6,4,120,8,112,3,6.35,6.67,LOW
T Nagar Commercial Hub,2026-08-07,7,4,120,26,94,8,12.41,21.67,LOW
T Nagar Commercial Hub,2026-08-07,8,4,120,13,107,3,5.0,10.83,LOW
T Nagar Commercial Hub,2026-08-07,9,4,120,20,100,5,16.92,16.67,LOW
T Nagar Commercial Hub,2026-08-07,10,4,120,74,46,26,62.45,61.67,MEDIUM
T Nagar Commercial Hub,2026-08-07,11,4,120,91,29,41,70.74,75.83,MEDIUM
T Nagar Commercial Hub,2026-08-07,12,4,120,88,32,18,65.55,73.33,MEDIUM
T Nagar Commercial Hub,2026-08-07,13,4,120,91,29,36,72.34,75.83,MEDIUM
T Nagar Commercial Hub,2026-08-07,14,4,120,91,29,34,77.76,75.83,MEDIUM
T Nagar Commercial Hub,2026-08-07,15,4,120,91,29,25,73.75,75.83,MEDIUM
T Nagar Commercial Hub,2026-08-07,16,4,120,72,48,35,65.96,60.0,MEDIUM
T Nagar Commercial Hub,2026-08-07,17,4,120,95,25,38,75.68,79.17,MEDIUM
T Nagar Commercial Hub,2026-08-07,18,4,120,97,23,26,79.26,80.83,HIGH
T Nagar Commercial Hub,2026-08-07,19,4,120,108,12,34,93.07,90.0,HIGH
T Nagar Commercial Hub,2026-08-07,20,4,120,42,78,14,28.21,35.0,LOW
T Nagar Commercial Hub,2026-08-07,21,4,120,60,60,28,44.81,50.0,MEDIUM
T Nagar Commercial Hub,2026-08-07,22,4,120,66,54,19,59.17,55.0,MEDIUM
T Nagar Commercial Hub,2026-08-07,23,4,120,14,106,4,19.69,11.67,LOW
Velachery Metro Station,2026-08-07,0,4,200,14,186,5,15.64,7.0,LOW
Velachery Metro Station,2026-08-07,1,4,200,31,169,7,18.17,15.5,LOW
Velachery Metro Station,2026-08-07,2,4,200,24,176,10,7.68,12.0,LOW
Velachery Metro Station,2026-08-07,3,4,200,28,172,8,28.23,14.0,LOW
Velachery Metro Station,2026-08-07,4,4,200,19,181,9,21.67,9.5,LOW
Velachery Metro Station,2026-08-07,5,4,200,32,168,9,20.04,16.0,LOW
Velachery Metro Station,2026-08-07,6,4,200,35,165,11,9.02,17.5,LOW
Velachery Metro Station,2026-08-07,7,4,200,155,45,36,78.81,77.5,MEDIUM
Velachery Metro Station,2026-08-07,8,4,200,177,23,62,94.73,88.5,HIGH
Velachery Metro Station,2026-08-07,9,4,200,187,13,64,91.79,93.5,HIGH
Velachery Metro Station,2026-08-07,10,4,200,186,14,59,96.92,93.0,HIGH
Velachery Metro Station,2026-08-07,11,4,200,157,43,72,80.66,78.5,MEDIUM
Velachery Metro Station,2026-08-07,12,4,200,141,59,68,71.0,70.5,MEDIUM
Velachery Metro Station,2026-08-07,13,4,200,183,17,58,87.56,91.5,HIGH
Velachery Metro Station,2026-08-07,14,4,200,143,57,57,83.86,71.5,MEDIUM
Velachery Metro Station,2026-08-07,15,4,200,150,50,74,66.23,75.0,MEDIUM
Velachery Metro Station,2026-08-07,16,4,200,173,27,65,86.22,86.5,HIGH
Velachery Metro Station,2026-08-07,17,4,200,183,17,65,98.0,91.5,HIGH
Velachery Metro Station,2026-08-07,18,4,200,190,10,66,90.11,95.0,HIGH
Velachery Metro Station,2026-08-07,19,4,200,190,10,92,92.64,95.0,HIGH
Velachery Metro Station,2026-08-07,20,4,200,187,13,89,95.06,93.5,HIGH
Velachery Metro Station,2026-08-07,21,4,200,79,121,29,44.02,39.5,LOW
Velachery Metro Station,2026-08-07,22,4,200,108,92,23,47.12,54.0,MEDIUM
Velachery Metro Station,2026-08-07,23,4,200,75,125,31,32.27,37.5,LOW
OMR IT Park,2026-08-07,0,4,300,28,272,7,7.4,9.33,LOW
OMR IT Park,2026-08-07,1,4,300,6,294,2,5.0,2.0,LOW
OMR IT Park,2026-08-07,2,4,300,17,283,7,5.0,5.67,LOW
OMR IT Park,2026-08-07,3,4,300,22,278,9,14.93,7.33,LOW
OMR IT Park,2026-08-07,4,4,300,28,272,9,6.34,9.33,LOW
OMR IT Park,2026-08-07,5,4,300,19,281,7,7.72,6.33,LOW
OMR IT Park,2026-08-07,6,4,300,6,294,3,5.0,2.0,LOW
OMR IT Park,2026-08-07,7,4,300,20,280,6,11.38,6.67,LOW
OMR IT Park,2026-08-07,8,4,300,234,66,88,79.45,78.0,MEDIUM
OMR IT Park,2026-08-07,9,4,300,235,65,70,79.07,78.33,MEDIUM
OMR IT Park,2026-08-07,10,4,300,281,19,115,89.24,93.67,HIGH
OMR IT Park,2026-08-07,11,4,300,292,8,118,95.77,97.33,HIGH
OMR IT Park,2026-08-07,12,4,300,264,36,88,82.73,88.0,HIGH
OMR IT Park,2026-08-07,13,4,300,267,33,60,89.89,89.0,HIGH
OMR IT Park,2026-08-07,14,4,300,225,75,82,76.95,75.0,MEDIUM
OMR IT Park,2026-08-07,15,4,300,278,22,128,89.93,92.67,HIGH
OMR IT Park,2026-08-07,16,4,300,248,52,79,98.0,82.67,HIGH
OMR IT Park,2026-08-07,17,4,300,157,143,69,51.82,52.33,MEDIUM
OMR IT Park,2026-08-07,18,4,300,181,119,39,61.66,60.33,MEDIUM
OMR IT Park,2026-08-07,19,4,300,191,109,71,63.78,63.67,MEDIUM
OMR IT Park,2026-08-07,20,4,300,68,232,17,16.48,22.67,LOW
OMR IT Park,2026-08-07,21,4,300,98,202,45,26.82,32.67,LOW
OMR IT Park,2026-08-07,22,4,300,49,251,18,21.57,16.33,LOW
OMR IT Park,2026-08-07,23,4,300,35,265,9,5.0,11.67,LOW
Anna Nagar Center,2026-08-07,0,4,100,22,78,5,29.24,22.0,LOW
Anna Nagar Center,2026-08-07,1,4,100,16,84,8,21.66,16.0,LOW
Anna Nagar Center,2026-08-07,2,4,100,15,85,4,16.12,15.0,LOW
Anna Nagar Center,2026-08-07,3,4,100,22,78,9,27.83,22.0,LOW
Anna Nagar Center,2026-08-07,4,4,100,22,78,6,13.55,22.0,LOW
Anna Nagar Center,2026-08-07,5,4,100,22,78,7,16.21,22.0,LOW
Anna Nagar Center,2026-08-07,6,4,100,7,93,2,5.0,7.0,LOW
Anna Nagar Center,2026-08-07,7,4,100,23,77,8,13.86,23.0,LOW
Anna Nagar Center,2026-08-07,8,4,100,46,54,18,43.12,46.0,LOW
Anna Nagar Center,2026-08-07,9,4,100,60,40,15,53.73,60.0,MEDIUM
Anna Nagar Center,2026-08-07,10,4,100,40,60,16,46.9,40.0,LOW
Anna Nagar Center,2026-08-07,11,4,100,65,35,31,58.23,65.0,MEDIUM
Anna Nagar Center,2026-08-07,12,4,100,66,34,26,67.48,66.0,MEDIUM
Anna Nagar Center,2026-08-07,13,4,100,82,18,35,90.46,82.0,HIGH
Anna Nagar Center,2026-08-07,14,4,100,67,33,16,69.0,67.0,MEDIUM
Anna Nagar Center,2026-08-07,15,4,100,88,12,43,87.05,88.0,HIGH
Anna Nagar Center,2026-08-07,16,4,100,50,50,16,45.0,50.0,MEDIUM
Anna Nagar Center,2026-08-07,17,4,100,42,58,12,36.84,42.0,LOW
Anna Nagar Center,2026-08-07,18,4,100,65,35,13,65.23,65.0,MEDIUM
Anna Nagar Center,2026-08-07,19,4,100,71,29,26,72.46,71.0,MEDIUM
Anna Nagar Center,2026-08-07,20,4,100,70,30,18,75.05,70.0,MEDIUM
Anna Nagar Center,2026-08-07,21,4,100,73,27,26,68.88,73.0,MEDIUM
Anna Nagar Center,2026-08-07,22,4,100,14,86,4,13.13,14.0,LOW
Anna Nagar Center,2026-08-07,23,4,100,13,87,4,20.61,13.0,LOW
Guindy Corporate Park,2026-08-07,0,4,180,16,164,4,13.08,8.89,LOW
Guindy Corporate Park,2026-08-07,1,4,180,4,176,1,6.64,2.22,LOW
Guindy Corporate Park,2026-08-07,2,4,180,4,176,2,5.0,2.22,LOW
Guindy Corporate Park,2026-08-07,3,4,180,13,167,4,16.24,7.22,LOW
Guindy Corporate Park,2026-08-07,4,4,180,22,158,5,15.82,12.22,LOW
Guindy Corporate Park,2026-08-07,5,4,180,13,167,5,5.0,7.22,LOW
Guindy Corporate Park,2026-08-07,6,4,180,7,173,3,5.0,3.89,LOW
Guindy Corporate Park,2026-08-07,7,4,180,18,162,4,5.0,10.0,LOW
Guindy Corporate Park,2026-08-07,8,4,180,141,39,37,81.15,78.33,MEDIUM
Guindy Corporate Park,2026-08-07,9,4,180,175,5,85,93.62,97.22,HIGH
Guindy Corporate Park,2026-08-07,10,4,180,164,16,39,97.95,91.11,HIGH
Guindy Corporate Park,2026-08-07,11,4,180,168,12,71,88.02,93.33,HIGH
Guindy Corporate Park,2026-08-07,12,4,180,149,31,59,85.61,82.78,HIGH
Guindy Corporate Park,2026-08-07,13,4,180,168,12,64,86.23,93.33,HIGH
Guindy Corporate Park,2026-08-07,14,4,180,165,15,52,87.45,91.67,HIGH
Guindy Corporate Park,2026-08-07,15,4,180,164,16,34,93.82,91.11,HIGH
Guindy Corporate Park,2026-08-07,16,4,180,165,15,60,80.81,91.67,HIGH
Guindy Corporate Park,2026-08-07,17,4,180,113,67,31,70.2,62.78,MEDIUM
Guindy Corporate Park,2026-08-07,18,4,180,111,69,42,53.73,61.67,MEDIUM
Guindy Corporate Park,2026-08-07,19,4,180,99,81,24,60.47,55.0,MEDIUM
Guindy Corporate Park,2026-08-07,20,4,180,24,156,11,21.77,13.33,LOW
Guindy Corporate Park,2026-08-07,21,4,180,49,131,14,26.56,27.22,LOW
Guindy Corporate Park,2026-08-07,22,4,180,35,145,14,17.46,19.44,LOW
Guindy Corporate Park,2026-08-07,23,4,180,12,168,4,7.62,6.67,LOW
Chennai Mall,2026-08-08,0,5,150,15,135,6,5.0,10.0,LOW
Chennai Mall,2026-08-08,1,5,150,43,107,19,24.05,28.67,LOW
Chennai Mall,2026-08-08,2,5,150,15,135,5,5.0,10.0,LOW
Chennai Mall,2026-08-08,3,5,150,49,101,23,28.83,32.67,LOW
Chennai Mall,2026-08-08,4,5,150,9,141,2,13.76,6.0,LOW
Chennai Mall,2026-08-08,5,5,150,36,114,11,20.36,24.0,LOW
Chennai Mall,2026-08-08,6,5,150,7,143,2,5.0,4.67,LOW
Chennai Mall,2026-08-08,7,5,150,41,109,10,27.63,27.33,LOW
Chennai Mall,2026-08-08,8,5,150,37,113,15,23.6,24.67,LOW
Chennai Mall,2026-08-08,9,5,150,15,135,6,5.0,10.0,LOW
Chennai Mall,2026-08-08,10,5,150,18,132,8,10.55,12.0,LOW
Chennai Mall,2026-08-08,11,5,150,124,26,32,84.11,82.67,HIGH
Chennai Mall,2026-08-08,12,5,150,109,41,44,65.03,72.67,MEDIUM
Chennai Mall,2026-08-08,13,5,150,121,29,39,97.26,80.67,HIGH
Chennai Mall,2026-08-08,14,5,150,123,27,40,87.88,82.0,HIGH
Chennai Mall,2026-08-08,15,5,150,149,1,46,98.0,99.33,HIGH
Chennai Mall,2026-08-08,16,5,150,135,15,49,91.08,90.0,HIGH
Chennai Mall,2026-08-08,17,5,150,145,5,39,98.0,96.67,HIGH
Chennai Mall,2026-08-08,18,5,150,144,6,38,96.33,96.0,HIGH
Chennai Mall,2026-08-08,19,5,150,143,7,59,90.46,95.33,HIGH
Chennai Mall,2026-08-08,20,5,150,142,8,36,98.0,94.67,HIGH
Chennai Mall,2026-08-08,21,5,150,124,26,46,86.48,82.67,HIGH
Chennai Mall,2026-08-08,22,5,150,71,79,17,44.94,47.33,LOW
Chennai Mall,2026-08-08,23,5,150,59,91,17,43.25,39.33,LOW
T Nagar Commercial Hub,2026-08-08,0,5,120,30,90,14,27.51,25.0,LOW
T Nagar Commercial Hub,2026-08-08,1,5,120,29,91,14,17.15,24.17,LOW
T Nagar Commercial Hub,2026-08-08,2,5,120,34,86,7,25.17,28.33,LOW
T Nagar Commercial Hub,2026-08-08,3,5,120,31,89,10,28.71,25.83,LOW
T Nagar Commercial Hub,2026-08-08,4,5,120,39,81,17,31.66,32.5,LOW
T Nagar Commercial Hub,2026-08-08,5,5,120,56,64,27,46.81,46.67,LOW
T Nagar Commercial Hub,2026-08-08,6,5,120,51,69,24,44.36,42.5,LOW
T Nagar Commercial Hub,2026-08-08,7,5,120,40,80,19,38.94,33.33,LOW
T Nagar Commercial Hub,2026-08-08,8,5,120,36,84,11,26.05,30.0,LOW
T Nagar Commercial Hub,2026-08-08,9,5,120,25,95,12,16.44,20.83,LOW
T Nagar Commercial Hub,2026-08-08,10,5,120,38,82,12,30.85,31.67,LOW
T Nagar Commercial Hub,2026-08-08,11,5,120,115,5,30,84.98,95.83,HIGH
T Nagar Commercial Hub,2026-08-08,12,5,120,117,3,33,93.54,97.5,HIGH
T Nagar Commercial Hub,2026-08-08,13,5,120,103,17,28,87.54,85.83,HIGH
T Nagar Commercial Hub,2026-08-08,14,5,120,98,22,42,86.72,81.67,HIGH
T Nagar Commercial Hub,2026-08-08,15,5,120,107,13,27,93.14,89.17,HIGH
T Nagar Commercial Hub,2026-08-08,16,5,120,109,11,40,97.64,90.83,HIGH
T Nagar Commercial Hub,2026-08-08,17,5,120,102,18,43,81.56,85.0,HIGH
T Nagar Commercial Hub,2026-08-08,18,5,120,100,20,34,82.16,83.33,HIGH
T Nagar Commercial Hub,2026-08-08,19,5,120,101,19,44,86.53,84.17,HIGH
T Nagar Commercial Hub,2026-08-08,20,5,120,97,23,42,93.6,80.83,HIGH
T Nagar Commercial Hub,2026-08-08,21,5,120,116,4,30,89.64,96.67,HIGH
T Nagar Commercial Hub,2026-08-08,22,5,120,21,99,7,16.98,17.5,LOW
T Nagar Commercial Hub,2026-08-08,23,5,120,52,68,17,34.14,43.33,LOW
Velachery Metro Station,2026-08-08,0,5,200,70,130,22,40.12,35.0,LOW
Velachery Metro Station,2026-08-08,1,5,200,94,106,31,51.83,47.0,LOW
Velachery Metro Station,2026-08-08,2,5,200,79,121,29,37.26,39.5,LOW
Velachery Metro Station,2026-08-08,3,5,200,91,109,31,50.68,45.5,LOW
Velachery Metro Station,2026-08-08,4,5,200,44,156,14,30.17,22.0,LOW
Velachery Metro Station,2026-08-08,5,5,200,102,98,50,44.64,51.0,MEDIUM
Velachery Metro Station,2026-08-08,6,5,200,78,122,36,34.48,39.0,LOW
Velachery Metro Station,2026-08-08,7,5,200,77,123,30,38.08,38.5,LOW
Velachery Metro Station,2026-08-08,8,5,200,64,136,16,36.11,32.0,LOW
Velachery Metro Station,2026-08-08,9,5,200,66,134,20,23.83,33.0,LOW
Velachery Metro Station,2026-08-08,10,5,200,77,123,37,43.38,38.5,LOW
Velachery Metro Station,2026-08-08,11,5,200,92,108,26,44.78,46.0,LOW
Velachery Metro Station,2026-08-08,12,5,200,65,135,23,28.4,32.5,LOW
Velachery Metro Station,2026-08-08,13,5,200,69,131,30,36.82,34.5,LOW
Velachery Metro Station,2026-08-08,14,5,200,78,122,20,39.47,39.0,LOW
Velachery Metro Station,2026-08-08,15,5,200,84,116,18,42.18,42.0,LOW
Velachery Metro Station,2026-08-08,16,5,200,98,102,35,47.29,49.0,LOW
Velachery Metro Station,2026-08-08,17,5,200,49,151,24,35.68,24.5,LOW
Velachery Metro Station,2026-08-08,18,5,200,62,138,30,19.82,31.0,LOW
Velachery Metro Station,2026-08-08,19,5,200,53,147,15,17.58,26.5,LOW
Velachery Metro Station,2026-08-08,20,5,200,91,109,33,41.82,45.5,LOW
Velachery Metro Station,2026-08-08,21,5,200,62,138,21,27.12,31.0,LOW
Velachery Metro Station,2026-08-08,22,5,200,50,150,19,22.65,25.0,LOW
Velachery Metro Station,2026-08-08,23,5,200,57,143,27,44.46,28.5,LOW
OMR IT Park,2026-08-08,0,5,300,38,262,15,7.48,12.67,LOW
OMR IT Park,2026-08-08,1,5,300,49,251,15,20.12,16.33,LOW
OMR IT Park,2026-08-08,2,5,300,22,278,7,12.25,7.33,LOW
OMR IT Park,2026-08-08,3,5,300,13,287,4,5.0,4.33,LOW
OMR IT Park,2026-08-08,4,5,300,34,266,10,5.1,11.33,LOW
OMR IT Park,2026-08-08,5,5,300,57,243,14,13.02,19.0,LOW
OMR IT Park,2026-08-08,6,5,300,27,273,7,8.62,9.0,LOW
OMR IT Park,2026-08-08,7,5,300,20,280,9,5.7,6.67,LOW
OMR IT Park,2026-08-08,8,5,300,31,269,7,13.01,10.33,LOW
OMR IT Park,2026-08-08,9,5,300,68,232,34,21.7,22.67,LOW
OMR IT Park,2026-08-08,10,5,300,17,283,5,17.55,5.67,LOW
OMR IT Park,2026-08-08,11,5,300,54,246,25,17.48,18.0,LOW
OMR IT Park,2026-08-08,12,5,300,43,257,13,5.0,14.33,LOW
OMR IT Park,2026-08-08,13,5,300,45,255,17,12.42,15.0,LOW
OMR IT Park,2026-08-08,14,5,300,50,250,20,12.05,16.67,LOW
OMR IT Park,2026-08-08,15,5,300,48,252,22,11.55,16.0,LOW
OMR IT Park,2026-08-08,16,5,300,27,273,7,8.47,9.0,LOW
OMR IT Park,2026-08-08,17,5,300,25,275,7,5.0,8.33,LOW
OMR IT Park,2026-08-08,18,5,300,50,250,24,10.76,16.67,LOW
OMR IT Park,2026-08-08,19,5,300,31,269,12,7.37,10.33,LOW
OMR IT Park,2026-08-08,20,5,300,45,255,11,8.99,15.0,LOW
OMR IT Park,2026-08-08,21,5,300,16,284,6,11.42,5.33,LOW
OMR IT Park,2026-08-08,22,5,300,56,244,20,21.24,18.67,LOW
OMR IT Park,2026-08-08,23,5,300,29,271,9,6.31,9.67,LOW
Anna Nagar Center,2026-08-08,0,5,100,21,79,9,26.61,21.0,LOW
Anna Nagar Center,2026-08-08,1,5,100,39,61,16,44.77,39.0,LOW
Anna Nagar Center,2026-08-08,2,5,100,27,73,11,30.42,27.0,LOW
Anna Nagar Center,2026-08-08,3,5,100,34,66,12,31.9,34.0,LOW
Anna Nagar Center,2026-08-08,4,5,100,20,80,9,20.04,20.0,LOW
Anna Nagar Center,2026-08-08,5,5,100,38,62,17,29.9,38.0,LOW
Anna Nagar Center,2026-08-08,6,5,100,14,86,7,18.72,14.0,LOW
Anna Nagar Center,2026-08-08,7,5,100,34,66,13,37.24,34.0,LOW
Anna Nagar Center,2026-08-08,8,5,100,23,77,8,26.99,23.0,LOW
Anna Nagar Center,2026-08-08,9,5,100,30,70,12,35.64,30.0,LOW
Anna Nagar Center,2026-08-08,10,5,100,44,56,21,45.41,44.0,LOW
Anna Nagar Center,2026-08-08,11,5,100,23,77,8,28.83,23.0,LOW
Anna Nagar Center,2026-08-08,12,5,100,72,28,21,70.5,72.0,MEDIUM
Anna Nagar Center,2026-08-08,13,5,100,71,29,23,76.13,71.0,MEDIUM
Anna Nagar Center,2026-08-08,14,5,100,71,29,23,71.79,71.0,MEDIUM
Anna Nagar Center,2026-08-08,15,5,100,74,26,33,68.71,74.0,MEDIUM
Anna Nagar Center,2026-08-08,16,5,100,87,13,20,83.94,87.0,HIGH
Anna Nagar Center,2026-08-08,17,5,100,87,13,41,78.14,87.0,HIGH
Anna Nagar Center,2026-08-08,18,5,100,87,13,36,93.76,87.0,HIGH
Anna Nagar Center,2026-08-08,19,5,100,74,26,35,75.73,74.0,MEDIUM
Anna Nagar Center,2026-08-08,20,5,100,75,25,36,75.16,75.0,MEDIUM
Anna Nagar Center,2026-08-08,21,5,100,73,27,32,72.74,73.0,MEDIUM
Anna Nagar Center,2026-08-08,22,5,100,90,10,45,96.18,90.0,HIGH
Anna Nagar Center,2026-08-08,23,5,100,16,84,5,22.0,16.0,LOW
Guindy Corporate Park,2026-08-08,0,5,180,12,168,3,5.0,6.67,LOW
Guindy Corporate Park,2026-08-08,1,5,180,13,167,6,7.65,7.22,LOW
Guindy Corporate Park,2026-08-08,2,5,180,25,155,6,23.52,13.89,LOW
Guindy Corporate Park,2026-08-08,3,5,180,18,162,6,12.81,10.0,LOW
Guindy Corporate Park,2026-08-08,4,5,180,15,165,5,5.0,8.33,LOW
Guindy Corporate Park,2026-08-08,5,5,180,26,154,13,5.0,14.44,LOW
Guindy Corporate Park,2026-08-08,6,5,180,33,147,10,16.03,18.33,LOW
Guindy Corporate Park,2026-08-08,7,5,180,16,164,7,14.9,8.89,LOW
Guindy Corporate Park,2026-08-08,8,5,180,25,155,10,7.31,13.89,LOW
Guindy Corporate Park,2026-08-08,9,5,180,24,156,8,15.75,13.33,LOW
Guindy Corporate Park,2026-08-08,10,5,180,22,158,9,21.44,12.22,LOW
Guindy Corporate Park,2026-08-08,11,5,180,20,160,6,9.02,11.11,LOW
Guindy Corporate Park,2026-08-08,12,5,180,14,166,6,5.0,7.78,LOW
Guindy Corporate Park,2026-08-08,13,5,180,34,146,12,14.5,18.89,LOW
Guindy Corporate Park,2026-08-08,14,5,180,18,162,8,15.17,10.0,LOW
Guindy Corporate Park,2026-08-08,15,5,180,23,157,11,13.43,12.78,LOW
Guindy Corporate Park,2026-08-08,16,5,180,21,159,10,24.7,11.67,LOW
Guindy Corporate Park,2026-08-08,17,5,180,29,151,8,11.62,16.11,LOW
Guindy Corporate Park,2026-08-08,18,5,180,14,166,6,11.04,7.78,LOW
Guindy Corporate Park,2026-08-08,19,5,180,18,162,8,15.49,10.0,LOW
Guindy Corporate Park,2026-08-08,20,5,180,18,162,5,15.21,10.0,LOW
Guindy Corporate Park,2026-08-08,21,5,180,23,157,10,19.13,12.78,LOW
Guindy Corporate Park,2026-08-08,22,5,180,29,151,14,11.66,16.11,LOW
Guindy Corporate Park,2026-08-08,23,5,180,17,163,6,23.1,9.44,LOW
Chennai Mall,2026-08-09,0,6,150,19,131,8,14.86,12.67,LOW
Chennai Mall,2026-08-09,1,6,150,22,128,11,14.39,14.67,LOW
Chennai Mall,2026-08-09,2,6,150,35,115,8,21.49,23.33,LOW
Chennai Mall,2026-08-09,3,6,150,37,113,9,19.28,24.67,LOW
Chennai Mall,2026-08-09,4,6,150,34,116,11,33.61,22.67,LOW
Chennai Mall,2026-08-09,5,6,150,6,144,3,7.88,4.0,LOW
Chennai Mall,2026-08-09,6,6,150,31,119,16,15.11,20.67,LOW
Chennai Mall,2026-08-09,7,6,150,22,128,5,18.25,14.67,LOW
Chennai Mall,2026-08-09,8,6,150,23,127,11,12.38,15.33,LOW
Chennai Mall,2026-08-09,9,6,150,39,111,15,22.63,26.0,LOW
Chennai Mall,2026-08-09,10,6,150,24,126,5,16.84,16.0,LOW
Chennai Mall,2026-08-09,11,6,150,122,28,37,74.12,81.33,HIGH
Chennai Mall,2026-08-09,12,6,150,137,13,33,90.74,91.33,HIGH
Chennai Mall,2026-08-09,13,6,150,126,24,32,87.43,84.0,HIGH
Chennai Mall,2026-08-09,14,6,150,125,25,45,84.32,83.33,HIGH
Chennai Mall,2026-08-09,15,6,150,135,15,41,84.83,90.0,HIGH
Chennai Mall,2026-08-09,16,6,150,133,17,39,93.71,88.67,HIGH
Chennai Mall,2026-08-09,17,6,150,132,18,47,92.37,88.0,HIGH
Chennai Mall,2026-08-09,18,6,150,139,11,43,90.52,92.67,HIGH
Chennai Mall,2026-08-09,19,6,150,141,9,34,98.0,94.0,HIGH
Chennai Mall,2026-08-09,20,6,150,139,11,63,91.32,92.67,HIGH
Chennai Mall,2026-08-09,21,6,150,145,5,62,96.55,96.67,HIGH
Chennai Mall,2026-08-09,22,6,150,60,90,20,41.21,40.0,LOW
Chennai Mall,2026-08-09,23,6,150,67,83,26,50.16,44.67,LOW
T Nagar Commercial Hub,2026-08-09,0,6,120,38,82,19,34.76,31.67,LOW
T Nagar Commercial Hub,2026-08-09,1,6,120,37,83,14,27.76,30.83,LOW
T Nagar Commercial Hub,2026-08-09,2,6,120,36,84,13,21.86,30.0,LOW
T Nagar Commercial Hub,2026-08-09,3,6,120,31,89,13,33.73,25.83,LOW
T Nagar Commercial Hub,2026-08-09,4,6,120,22,98,10,24.93,18.33,LOW
T Nagar Commercial Hub,2026-08-09,5,6,120,55,65,14,37.9,45.83,LOW
T Nagar Commercial Hub,2026-08-09,6,6,120,53,67,18,32.23,44.17,LOW
T Nagar Commercial Hub,2026-08-09,7,6,120,55,65,18,48.68,45.83,LOW
T Nagar Commercial Hub,2026-08-09,8,6,120,22,98,5,18.08,18.33,LOW
T Nagar Commercial Hub,2026-08-09,9,6,120,35,85,15,22.69,29.17,LOW
T Nagar Commercial Hub,2026-08-09,10,6,120,39,81,17,32.91,32.5,LOW
T Nagar Commercial Hub,2026-08-09,11,6,120,103,17,28,84.0,85.83,HIGH
T Nagar Commercial Hub,2026-08-09,12,6,120,113,7,31,89.57,94.17,HIGH
T Nagar Commercial Hub,2026-08-09,13,6,120,116,4,39,93.61,96.67,HIGH
T Nagar Commercial Hub,2026-08-09,14,6,120,102,18,48,73.36,85.0,HIGH
T Nagar Commercial Hub,2026-08-09,15,6,120,92,28,26,85.17,76.67,MEDIUM
T Nagar Commercial Hub,2026-08-09,16,6,120,99,21,22,89.67,82.5,HIGH
T Nagar Commercial Hub,2026-08-09,17,6,120,101,19,45,81.04,84.17,HIGH
T Nagar Commercial Hub,2026-08-09,18,6,120,110,10,41,90.41,91.67,HIGH
T Nagar Commercial Hub,2026-08-09,19,6,120,103,17,50,87.59,85.83,HIGH
T Nagar Commercial Hub,2026-08-09,20,6,120,99,21,24,76.19,82.5,HIGH
T Nagar Commercial Hub,2026-08-09,21,6,120,95,25,33,77.32,79.17,MEDIUM
T Nagar Commercial Hub,2026-08-09,22,6,120,42,78,11,25.51,35.0,LOW
T Nagar Commercial Hub,2026-08-09,23,6,120,24,96,5,23.45,20.0,LOW
Velachery Metro Station,2026-08-09,0,6,200,93,107,45,51.14,46.5,LOW
Velachery Metro Station,2026-08-09,1,6,200,65,135,13,26.09,32.5,LOW
Velachery Metro Station,2026-08-09,2,6,200,38,162,18,22.87,19.0,LOW
Velachery Metro Station,2026-08-09,3,6,200,64,136,23,37.83,32.0,LOW
Velachery Metro Station,2026-08-09,4,6,200,51,149,14,35.1,25.5,LOW
Velachery Metro Station,2026-08-09,5,6,200,44,156,19,20.73,22.0,LOW
Velachery Metro Station,2026-08-09,6,6,200,56,144,22,24.76,28.0,LOW
Velachery Metro Station,2026-08-09,7,6,200,96,104,34,51.51,48.0,LOW
Velachery Metro Station,2026-08-09,8,6,200,84,116,28,45.99,42.0,LOW
Velachery Metro Station,2026-08-09,9,6,200,44,156,19,24.86,22.0,LOW
Velachery Metro Station,2026-08-09,10,6,200,81,119,35,28.26,40.5,LOW
Velachery Metro Station,2026-08-09,11,6,200,99,101,21,51.78,49.5,LOW
Velachery Metro Station,2026-08-09,12,6,200,83,117,34,38.9,41.5,LOW
Velachery Metro Station,2026-08-09,13,6,200,60,140,16,25.21,30.0,LOW
Velachery Metro Station,2026-08-09,14,6,200,62,138,23,30.29,31.0,LOW
Velachery Metro Station,2026-08-09,15,6,200,89,111,35,42.58,44.5,LOW
Velachery Metro Station,2026-08-09,16,6,200,88,112,36,44.99,44.0,LOW
Velachery Metro Station,2026-08-09,17,6,200,88,112,31,44.18,44.0,LOW
Velachery Metro Station,2026-08-09,18,6,200,41,159,11,21.01,20.5,LOW
Velachery Metro Station,2026-08-09,19,6,200,69,131,17,34.53,34.5,LOW
Velachery Metro Station,2026-08-09,20,6,200,43,157,15,31.19,21.5,LOW
Velachery Metro Station,2026-08-09,21,6,200,92,108,44,40.14,46.0,LOW
Velachery Metro Station,2026-08-09,22,6,200,44,156,21,18.28,22.0,LOW
Velachery Metro Station,2026-08-09,23,6,200,49,151,15,25.17,24.5,LOW
OMR IT Park,2026-08-09,0,6,300,27,273,13,5.0,9.0,LOW
OMR IT Park,2026-08-09,1,6,300,47,253,11,20.43,15.67,LOW
OMR IT Park,2026-08-09,2,6,300,61,239,14,27.53,20.33,LOW
OMR IT Park,2026-08-09,3,6,300,35,265,8,6.77,11.67,LOW
OMR IT Park,2026-08-09,4,6,300,57,243,28,20.73,19.0,LOW
OMR IT Park,2026-08-09,5,6,300,26,274,6,7.8,8.67,LOW
OMR IT Park,2026-08-09,6,6,300,30,270,14,5.0,10.0,LOW
OMR IT Park,2026-08-09,7,6,300,50,250,20,17.27,16.67,LOW
OMR IT Park,2026-08-09,8,6,300,27,273,11,6.93,9.0,LOW
OMR IT Park,2026-08-09,9,6,300,59,241,26,19.38,19.67,LOW
OMR IT Park,2026-08-09,10,6,300,46,254,13,12.22,15.33,LOW
OMR IT Park,2026-08-09,11,6,300,36,264,16,10.42,12.0,LOW
OMR IT Park,2026-08-09,12,6,300,23,277,9,6.87,7.67,LOW
OMR IT Park,2026-08-09,13,6,300,41,259,15,19.05,13.67,LOW
OMR IT Park,2026-08-09,14,6,300,22,278,8,6.6,7.33,LOW
OMR IT Park,2026-08-09,15,6,300,49,251,15,22.0,16.33,LOW
OMR IT Park,2026-08-09,16,6,300,40,260,11,19.37,13.33,LOW
OMR IT Park,2026-08-09,17,6,300,55,245,19,10.59,18.33,LOW
OMR IT Park,2026-08-09,18,6,300,28,272,11,12.35,9.33,LOW
OMR IT Park,2026-08-09,19,6,300,63,237,13,14.77,21.0,LOW
OMR IT Park,2026-08-09,20,6,300,32,268,15,18.66,10.67,LOW
OMR IT Park,2026-08-09,21,6,300,50,250,20,17.7,16.67,LOW
OMR IT Park,2026-08-09,22,6,300,53,247,20,25.47,17.67,LOW
OMR IT Park,2026-08-09,23,6,300,19,281,7,12.45,6.33,LOW
Anna Nagar Center,2026-08-09,0,6,100,23,77,8,27.35,23.0,LOW
Anna Nagar Center,2026-08-09,1,6,100,25,75,8,21.55,25.0,LOW
Anna Nagar Center,2026-08-09,2,6,100,44,56,21,30.67,44.0,LOW
Anna Nagar Center,2026-08-09,3,6,100,26,74,8,21.0,26.0,LOW
Anna Nagar Center,2026-08-09,4,6,100,36,64,17,28.25,36.0,LOW
Anna Nagar Center,2026-08-09,5,6,100,24,76,8,18.74,24.0,LOW
Anna Nagar Center,2026-08-09,6,6,100,25,75,12,37.08,25.0,LOW
Anna Nagar Center,2026-08-09,7,6,100,27,73,7,23.27,27.0,LOW
Anna Nagar Center,2026-08-09,8,6,100,18,82,4,12.24,18.0,LOW
Anna Nagar Center,2026-08-09,9,6,100,37,63,10,26.99,37.0,LOW
Anna Nagar Center,2026-08-09,10,6,100,40,60,19,30.85,40.0,LOW
Anna Nagar Center,2026-08-09,11,6,100,26,74,8,27.5,26.0,LOW
Anna Nagar Center,2026-08-09,12,6,100,73,27,23,76.61,73.0,MEDIUM
Anna Nagar Center,2026-08-09,13,6,100,82,18,32,79.42,82.0,HIGH
Anna Nagar Center,2026-08-09,14,6,100,72,28,28,66.59,72.0,MEDIUM
Anna Nagar Center,2026-08-09,15,6,100,71,29,26,70.64,71.0,MEDIUM
Anna Nagar Center,2026-08-09,16,6,100,94,6,45,89.14,94.0,HIGH
Anna Nagar Center,2026-08-09,17,6,100,81,19,24,73.25,81.0,HIGH
Anna Nagar Center,2026-08-09,18,6,100,84,16,19,94.73,84.0,HIGH
Anna Nagar Center,2026-08-09,19,6,100,68,32,30,69.17,68.0,MEDIUM
Anna Nagar Center,2026-08-09,20,6,100,74,26,32,83.89,74.0,MEDIUM
Anna Nagar Center,2026-08-09,21,6,100,89,11,20,95.8,89.0,HIGH
Anna Nagar Center,2026-08-09,22,6,100,80,20,29,77.75,80.0,HIGH
Anna Nagar Center,2026-08-09,23,6,100,32,68,12,38.19,32.0,LOW
Guindy Corporate Park,2026-08-09,0,6,180,16,164,7,7.66,8.89,LOW
Guindy Corporate Park,2026-08-09,1,6,180,10,170,3,13.54,5.56,LOW
Guindy Corporate Park,2026-08-09,2,6,180,14,166,5,16.22,7.78,LOW
Guindy Corporate Park,2026-08-09,3,6,180,4,176,1,8.09,2.22,LOW
Guindy Corporate Park,2026-08-09,4,6,180,12,168,5,9.77,6.67,LOW
Guindy Corporate Park,2026-08-09,5,6,180,29,151,11,18.91,16.11,LOW
Guindy Corporate Park,2026-08-09,6,6,180,27,153,9,15.74,15.0,LOW
Guindy Corporate Park,2026-08-09,7,6,180,31,149,12,14.3,17.22,LOW
Guindy Corporate Park,2026-08-09,8,6,180,26,154,8,9.01,14.44,LOW
Guindy Corporate Park,2026-08-09,9,6,180,31,149,15,11.15,17.22,LOW
Guindy Corporate Park,2026-08-09,10,6,180,31,149,15,23.47,17.22,LOW
Guindy Corporate Park,2026-08-09,11,6,180,33,147,12,13.32,18.33,LOW
Guindy Corporate Park,2026-08-09,12,6,180,16,164,3,10.79,8.89,LOW
Guindy Corporate Park,2026-08-09,13,6,180,22,158,11,5.97,12.22,LOW
Guindy Corporate Park,2026-08-09,14,6,180,34,146,14,15.19,18.89,LOW
Guindy Corporate Park,2026-08-09,15,6,180,10,170,3,5.07,5.56,LOW
Guindy Corporate Park,2026-08-09,16,6,180,18,162,7,9.21,10.0,LOW
Guindy Corporate Park,2026-08-09,17,6,180,25,155,11,12.74,13.89,LOW
Guindy Corporate Park,2026-08-09,18,6,180,4,176,2,5.0,2.22,LOW
Guindy Corporate Park,2026-08-09,19,6,180,30,150,10,7.69,16.67,LOW
Guindy Corporate Park,2026-08-09,20,6,180,17,163,6,5.0,9.44,LOW
Guindy Corporate Park,2026-08-09,21,6,180,19,161,7,10.23,10.56,LOW
Guindy Corporate Park,2026-08-09,22,6,180,19,161,4,9.94,10.56,LOW
Guindy Corporate Park,2026-08-09,23,6,180,11,169,3,5.0,6.11,LOW
Chennai Mall,2026-08-10,0,0,150,22,128,7,9.11,14.67,LOW
Chennai Mall,2026-08-10,1,0,150,14,136,5,12.63,9.33,LOW
Chennai Mall,2026-08-10,2,0,150,21,129,8,9.43,14.0,LOW
Chennai Mall,2026-08-10,3,0,150,14,136,5,5.52,9.33,LOW
Chennai Mall,2026-08-10,4,0,150,12,138,4,14.31,8.0,LOW
Chennai Mall,2026-08-10,5,0,150,30,120,9,22.46,20.0,LOW
Chennai Mall,2026-08-10,6,0,150,30,120,6,25.1,20.0,LOW
Chennai Mall,2026-08-10,7,0,150,30,120,13,15.07,20.0,LOW
Chennai Mall,2026-08-10,8,0,150,20,130,8,10.45,13.33,LOW
Chennai Mall,2026-08-10,9,0,150,28,122,10,20.34,18.67,LOW
Chennai Mall,2026-08-10,10,0,150,14,136,6,5.0,9.33,LOW
Chennai Mall,2026-08-10,11,0,150,18,132,4,21.31,12.0,LOW
Chennai Mall,2026-08-10,12,0,150,59,91,14,40.24,39.33,LOW
Chennai Mall,2026-08-10,13,0,150,95,55,25,58.7,63.33,MEDIUM
Chennai Mall,2026-08-10,14,0,150,87,63,34,55.4,58.0,MEDIUM
Chennai Mall,2026-08-10,15,0,150,72,78,21,41.17,48.0,LOW
Chennai Mall,2026-08-10,16,0,150,36,114,14,27.62,24.0,LOW
Chennai Mall,2026-08-10,17,0,150,117,33,28,73.3,78.0,MEDIUM
Chennai Mall,2026-08-10,18,0,150,120,30,54,89.44,80.0,HIGH
Chennai Mall,2026-08-10,19,0,150,105,45,38,75.14,70.0,MEDIUM
Chennai Mall,2026-08-10,20,0,150,109,41,43,66.26,72.67,MEDIUM
Chennai Mall,2026-08-10,21,0,150,132,18,63,97.96,88.0,HIGH
Chennai Mall,2026-08-10,22,0,150,58,92,28,51.34,38.67,LOW
Chennai Mall,2026-08-10,23,0,150,46,104,19,33.57,30.67,LOW
T Nagar Commercial Hub,2026-08-10,0,0,120,8,112,3,17.3,6.67,LOW
T Nagar Commercial Hub,2026-08-10,1,0,120,9,111,4,5.0,7.5,LOW
T Nagar Commercial Hub,2026-08-10,2,0,120,9,111,3,5.0,7.5,LOW
T Nagar Commercial Hub,2026-08-10,3,0,120,21,99,8,15.43,17.5,LOW
T Nagar Commercial Hub,2026-08-10,4,0,120,9,111,2,5.0,7.5,LOW
T Nagar Commercial Hub,2026-08-10,5,0,120,6,114,2,5.0,5.0,LOW
T Nagar Commercial Hub,2026-08-10,6,0,120,12,108,6,14.15,10.0,LOW
T Nagar Commercial Hub,2026-08-10,7,0,120,19,101,5,5.0,15.83,LOW
T Nagar Commercial Hub,2026-08-10,8,0,120,17,103,3,8.13,14.17,LOW
T Nagar Commercial Hub,2026-08-10,9,0,120,11,109,3,5.0,9.17,LOW
T Nagar Commercial Hub,2026-08-10,10,0,120,83,37,35,61.29,69.17,MEDIUM
T Nagar Commercial Hub,2026-08-10,11,0,120,103,17,33,93.45,85.83,HIGH
T Nagar Commercial Hub,2026-08-10,12,0,120,85,35,34,77.28,70.83,MEDIUM
T Nagar Commercial Hub,2026-08-10,13,0,120,72,48,21,64.75,60.0,MEDIUM
T Nagar Commercial Hub,2026-08-10,14,0,120,90,30,23,74.7,75.0,MEDIUM
T Nagar Commercial Hub,2026-08-10,15,0,120,90,30,35,66.73,75.0,MEDIUM
T Nagar Commercial Hub,2026-08-10,16,0,120,94,26,43,77.97,78.33,MEDIUM
T Nagar Commercial Hub,2026-08-10,17,0,120,84,36,29,67.41,70.0,MEDIUM
T Nagar Commercial Hub,2026-08-10,18,0,120,82,38,28,72.84,68.33,MEDIUM
T Nagar Commercial Hub,2026-08-10,19,0,120,86,34,21,72.9,71.67,MEDIUM
T Nagar Commercial Hub,2026-08-10,20,0,120,53,67,17,45.24,44.17,LOW
T Nagar Commercial Hub,2026-08-10,21,0,120,47,73,10,45.54,39.17,LOW
T Nagar Commercial Hub,2026-08-10,22,0,120,42,78,19,30.86,35.0,LOW
T Nagar Commercial Hub,2026-08-10,23,0,120,11,109,3,14.56,9.17,LOW
Velachery Metro Station,2026-08-10,0,0,200,34,166,10,22.07,17.0,LOW
Velachery Metro Station,2026-08-10,1,0,200,8,192,3,6.69,4.0,LOW
Velachery Metro Station,2026-08-10,2,0,200,12,188,5,9.77,6.0,LOW
Velachery Metro Station,2026-08-10,3,0,200,15,185,7,5.0,7.5,LOW
Velachery Metro Station,2026-08-10,4,0,200,27,173,12,5.0,13.5,LOW
Velachery Metro Station,2026-08-10,5,0,200,29,171,14,9.91,14.5,LOW
Velachery Metro Station,2026-08-10,6,0,200,36,164,15,13.18,18.0,LOW
Velachery Metro Station,2026-08-10,7,0,200,165,35,50,83.52,82.5,HIGH
Velachery Metro Station,2026-08-10,8,0,200,171,29,56,75.46,85.5,HIGH
Velachery Metro Station,2026-08-10,9,0,200,164,36,57,87.33,82.0,HIGH
Velachery Metro Station,2026-08-10,10,0,200,182,18,90,88.49,91.0,HIGH
Velachery Metro Station,2026-08-10,11,0,200,142,58,71,87.65,71.0,MEDIUM
Velachery Metro Station,2026-08-10,12,0,200,166,34,45,72.39,83.0,HIGH
Velachery Metro Station,2026-08-10,13,0,200,178,22,60,87.2,89.0,HIGH
Velachery Metro Station,2026-08-10,14,0,200,170,30,35,76.9,85.0,HIGH
Velachery Metro Station,2026-08-10,15,0,200,143,57,56,71.37,71.5,MEDIUM
Velachery Metro Station,2026-08-10,16,0,200,163,37,38,88.52,81.5,HIGH
Velachery Metro Station,2026-08-10,17,0,200,196,4,52,98.0,98.0,HIGH
Velachery Metro Station,2026-08-10,18,0,200,187,13,50,98.0,93.5,HIGH
Velachery Metro Station,2026-08-10,19,0,200,185,15,65,86.79,92.5,HIGH
Velachery Metro Station,2026-08-10,20,0,200,177,23,38,88.59,88.5,HIGH
Velachery Metro Station,2026-08-10,21,0,200,96,104,43,42.92,48.0,LOW
Velachery Metro Station,2026-08-10,22,0,200,84,116,38,37.44,42.0,LOW
Velachery Metro Station,2026-08-10,23,0,200,108,92,48,52.47,54.0,MEDIUM
OMR IT Park,2026-08-10,0,0,300,8,292,3,6.86,2.67,LOW
OMR IT Park,2026-08-10,1,0,300,6,294,2,5.0,2.0,LOW
OMR IT Park,2026-08-10,2,0,300,6,294,3,10.0,2.0,LOW
OMR IT Park,2026-08-10,3,0,300,6,294,3,10.42,2.0,LOW
OMR IT Park,2026-08-10,4,0,300,20,280,6,7.57,6.67,LOW
OMR IT Park,2026-08-10,5,0,300,6,294,3,5.0,2.0,LOW
OMR IT Park,2026-08-10,6,0,300,30,270,6,5.0,10.0,LOW
OMR IT Park,2026-08-10,7,0,300,28,272,11,13.89,9.33,LOW
OMR IT Park,2026-08-10,8,0,300,231,69,114,74.28,77.0,MEDIUM
OMR IT Park,2026-08-10,9,0,300,222,78,69,81.33,74.0,MEDIUM
OMR IT Park,2026-08-10,10,0,300,280,20,109,89.83,93.33,HIGH
OMR IT Park,2026-08-10,11,0,300,274,26,68,93.41,91.33,HIGH
OMR IT Park,2026-08-10,12,0,300,286,14,64,89.47,95.33,HIGH
OMR IT Park,2026-08-10,13,0,300,248,52,91,74.66,82.67,HIGH
OMR IT Park,2026-08-10,14,0,300,271,29,120,98.0,90.33,HIGH
OMR IT Park,2026-08-10,15,0,300,285,15,93,94.85,95.0,HIGH
OMR IT Park,2026-08-10,16,0,300,239,61,87,82.76,79.67,MEDIUM
OMR IT Park,2026-08-10,17,0,300,154,146,66,53.19,51.33,MEDIUM
OMR IT Park,2026-08-10,18,0,300,212,88,71,69.56,70.67,MEDIUM
OMR IT Park,2026-08-10,19,0,300,201,99,52,62.82,67.0,MEDIUM
OMR IT Park,2026-08-10,20,0,300,36,264,15,15.43,12.0,LOW
OMR IT Park,2026-08-10,21,0,300,54,246,20,25.03,18.0,LOW
OMR IT Park,2026-08-10,22,0,300,60,240,16,13.75,20.0,LOW
OMR IT Park,2026-08-10,23,0,300,6,294,3,5.0,2.0,LOW
Anna Nagar Center,2026-08-10,0,0,100,26,74,12,23.13,26.0,LOW
Anna Nagar Center,2026-08-10,1,0,100,8,92,3,5.0,8.0,LOW
Anna Nagar Center,2026-08-10,2,0,100,10,90,4,5.0,10.0,LOW
Anna Nagar Center,2026-08-10,3,0,100,8,92,3,7.68,8.0,LOW
Anna Nagar Center,2026-08-10,4,0,100,9,91,4,5.0,9.0,LOW
Anna Nagar Center,2026-08-10,5,0,100,18,82,7,22.36,18.0,LOW
Anna Nagar Center,2026-08-10,6,0,100,22,78,8,24.43,22.0,LOW
Anna Nagar Center,2026-08-10,7,0,100,18,82,5,20.11,18.0,LOW
Anna Nagar Center,2026-08-10,8,0,100,56,44,20,60.92,56.0,MEDIUM
Anna Nagar Center,2026-08-10,9,0,100,57,43,24,59.16,57.0,MEDIUM
Anna Nagar Center,2026-08-10,10,0,100,52,48,15,49.93,52.0,MEDIUM
Anna Nagar Center,2026-08-10,11,0,100,51,49,17,59.17,51.0,MEDIUM
Anna Nagar Center,2026-08-10,12,0,100,83,17,36,80.22,83.0,HIGH
Anna Nagar Center,2026-08-10,13,0,100,83,17,35,89.84,83.0,HIGH
Anna Nagar Center,2026-08-10,14,0,100,82,18,35,75.96,82.0,HIGH
Anna Nagar Center,2026-08-10,15,0,100,66,34,19,68.9,66.0,MEDIUM
Anna Nagar Center,2026-08-10,16,0,100,42,58,13,45.53,42.0,LOW
Anna Nagar Center,2026-08-10,17,0,100,49,51,11,52.12,49.0,LOW
Anna Nagar Center,2026-08-10,18,0,100,89,11,31,94.01,89.0,HIGH
Anna Nagar Center,2026-08-10,19,0,100,69,31,33,78.85,69.0,MEDIUM
Anna Nagar Center,2026-08-10,20,0,100,79,21,17,74.41,79.0,MEDIUM
Anna Nagar Center,2026-08-10,21,0,100,65,35,13,64.34,65.0,MEDIUM
Anna Nagar Center,2026-08-10,22,0,100,12,88,6,15.16,12.0,LOW
Anna Nagar Center,2026-08-10,23,0,100,18,82,8,25.8,18.0,LOW
Guindy Corporate Park,2026-08-10,0,0,180,4,176,1,5.39,2.22,LOW
Guindy Corporate Park,2026-08-10,1,0,180,12,168,2,11.95,6.67,LOW
Guindy Corporate Park,2026-08-10,2,0,180,9,171,3,8.29,5.0,LOW
Guindy Corporate Park,2026-08-10,3,0,180,9,171,3,5.0,5.0,LOW
Guindy Corporate Park,2026-08-10,4,0,180,9,171,3,6.64,5.0,LOW
Guindy Corporate Park,2026-08-10,5,0,180,19,161,5,5.0,10.56,LOW
Guindy Corporate Park,2026-08-10,6,0,180,8,172,4,11.47,4.44,LOW
Guindy Corporate Park,2026-08-10,7,0,180,9,171,4,6.62,5.0,LOW
Guindy Corporate Park,2026-08-10,8,0,180,159,21,49,98.0,88.33,HIGH
Guindy Corporate Park,2026-08-10,9,0,180,132,48,63,77.73,73.33,MEDIUM
Guindy Corporate Park,2026-08-10,10,0,180,129,51,35,79.79,71.67,MEDIUM
Guindy Corporate Park,2026-08-10,11,0,180,166,14,45,94.6,92.22,HIGH
Guindy Corporate Park,2026-08-10,12,0,180,157,23,65,89.24,87.22,HIGH
Guindy Corporate Park,2026-08-10,13,0,180,150,30,48,90.76,83.33,HIGH
Guindy Corporate Park,2026-08-10,14,0,180,152,28,31,80.22,84.44,HIGH
Guindy Corporate Park,2026-08-10,15,0,180,158,22,55,86.19,87.78,HIGH
Guindy Corporate Park,2026-08-10,16,0,180,149,31,56,78.02,82.78,HIGH
Guindy Corporate Park,2026-08-10,17,0,180,131,49,47,66.46,72.78,MEDIUM
Guindy Corporate Park,2026-08-10,18,0,180,111,69,45,63.09,61.67,MEDIUM
Guindy Corporate Park,2026-08-10,19,0,180,92,88,27,52.29,51.11,MEDIUM
Guindy Corporate Park,2026-08-10,20,0,180,32,148,15,23.6,17.78,LOW
Guindy Corporate Park,2026-08-10,21,0,180,51,129,15,24.2,28.33,LOW
Guindy Corporate Park,2026-08-10,22,0,180,30,150,15,14.42,16.67,LOW
Guindy Corporate Park,2026-08-10,23,0,180,19,161,9,15.17,10.56,LOW
Chennai Mall,2026-08-11,0,1,150,25,125,12,10.53,16.67,LOW
Chennai Mall,2026-08-11,1,1,150,4,146,1,5.0,2.67,LOW
Chennai Mall,2026-08-11,2,1,150,17,133,8,8.73,11.33,LOW
Chennai Mall,2026-08-11,3,1,150,37,113,10,18.08,24.67,LOW
Chennai Mall,2026-08-11,4,1,150,9,141,2,5.0,6.0,LOW
Chennai Mall,2026-08-11,5,1,150,21,129,7,5.0,14.0,LOW
Chennai Mall,2026-08-11,6,1,150,30,120,11,22.4,20.0,LOW
Chennai Mall,2026-08-11,7,1,150,19,131,5,19.6,12.67,LOW
Chennai Mall,2026-08-11,8,1,150,41,109,20,20.45,27.33,LOW
Chennai Mall,2026-08-11,9,1,150,33,117,9,15.59,22.0,LOW
Chennai Mall,2026-08-11,10,1,150,18,132,7,12.27,12.0,LOW
Chennai Mall,2026-08-11,11,1,150,27,123,7,18.27,18.0,LOW
Chennai Mall,2026-08-11,12,1,150,95,55,43,52.34,63.33,MEDIUM
Chennai Mall,2026-08-11,13,1,150,67,83,29,58.75,44.67,LOW
Chennai Mall,2026-08-11,14,1,150,83,67,34,62.26,55.33,MEDIUM
Chennai Mall,2026-08-11,15,1,150,73,77,22,51.24,48.67,LOW
Chennai Mall,2026-08-11,16,1,150,9,141,2,7.02,6.0,LOW
Chennai Mall,2026-08-11,17,1,150,115,35,23,77.85,76.67,MEDIUM
Chennai Mall,2026-08-11,18,1,150,118,32,47,74.8,78.67,MEDIUM
Chennai Mall,2026-08-11,19,1,150,116,34,34,73.14,77.33,MEDIUM
Chennai Mall,2026-08-11,20,1,150,118,32,24,70.57,78.67,MEDIUM
Chennai Mall,2026-08-11,21,1,150,132,18,55,77.12,88.0,HIGH
Chennai Mall,2026-08-11,22,1,150,36,114,15,24.25,24.0,LOW
Chennai Mall,2026-08-11,23,1,150,58,92,26,26.24,38.67,LOW
T Nagar Commercial Hub,2026-08-11,0,1,120,15,105,5,5.06,12.5,LOW
T Nagar Commercial Hub,2026-08-11,1,1,120,16,104,4,9.45,13.33,LOW
T Nagar Commercial Hub,2026-08-11,2,1,120,19,101,8,17.77,15.83,LOW
T Nagar Commercial Hub,2026-08-11,3,1,120,17,103,4,9.78,14.17,LOW
T Nagar Commercial Hub,2026-08-11,4,1,120,7,113,3,15.99,5.83,LOW
T Nagar Commercial Hub,2026-08-11,5,1,120,11,109,4,10.34,9.17,LOW
T Nagar Commercial Hub,2026-08-11,6,1,120,23,97,10,18.45,19.17,LOW
T Nagar Commercial Hub,2026-08-11,7,1,120,7,113,2,5.0,5.83,LOW
T Nagar Commercial Hub,2026-08-11,8,1,120,14,106,3,12.04,11.67,LOW
T Nagar Commercial Hub,2026-08-11,9,1,120,7,113,3,5.0,5.83,LOW
T Nagar Commercial Hub,2026-08-11,10,1,120,98,22,49,76.84,81.67,HIGH
T Nagar Commercial Hub,2026-08-11,11,1,120,70,50,22,68.17,58.33,MEDIUM
T Nagar Commercial Hub,2026-08-11,12,1,120,104,16,42,84.77,86.67,HIGH
T Nagar Commercial Hub,2026-08-11,13,1,120,83,37,18,72.99,69.17,MEDIUM
T Nagar Commercial Hub,2026-08-11,14,1,120,76,44,20,63.95,63.33,MEDIUM
T Nagar Commercial Hub,2026-08-11,15,1,120,71,49,30,62.43,59.17,MEDIUM
T Nagar Commercial Hub,2026-08-11,16,1,120,85,35,19,70.04,70.83,MEDIUM
T Nagar Commercial Hub,2026-08-11,17,1,120,100,20,29,85.5,83.33,HIGH
T Nagar Commercial Hub,2026-08-11,18,1,120,93,27,45,85.75,77.5,MEDIUM
T Nagar Commercial Hub,2026-08-11,19,1,120,98,22,42,81.29,81.67,HIGH
T Nagar Commercial Hub,2026-08-11,20,1,120,55,65,14,43.58,45.83,LOW
T Nagar Commercial Hub,2026-08-11,21,1,120,45,75,11,36.87,37.5,LOW
T Nagar Commercial Hub,2026-08-11,22,1,120,66,54,27,57.56,55.0,MEDIUM
T Nagar Commercial Hub,2026-08-11,23,1,120,14,106,4,10.66,11.67,LOW
Velachery Metro Station,2026-08-11,0,1,200,25,175,5,11.25,12.5,LOW
Velachery Metro Station,2026-08-11,1,1,200,36,164,17,26.8,18.0,LOW
Velachery Metro Station,2026-08-11,2,1,200,12,188,3,14.77,6.0,LOW
Velachery Metro Station,2026-08-11,3,1,200,31,169,7,22.46,15.5,LOW
Velachery Metro Station,2026-08-11,4,1,200,19,181,7,11.56,9.5,LOW
Velachery Metro Station,2026-08-11,5,1,200,38,162,8,17.14,19.0,LOW
Velachery Metro Station,2026-08-11,6,1,200,28,172,7,22.11,14.0,LOW
Velachery Metro Station,2026-08-11,7,1,200,194,6,60,94.81,97.0,HIGH
Velachery Metro Station,2026-08-11,8,1,200,189,11,49,98.0,94.5,HIGH
Velachery Metro Station,2026-08-11,9,1,200,200,0,56,85.21,100.0,HIGH
Velachery Metro Station,2026-08-11,10,1,200,167,33,66,91.09,83.5,HIGH
Velachery Metro Station,2026-08-11,11,1,200,183,17,50,87.0,91.5,HIGH
Velachery Metro Station,2026-08-11,12,1,200,175,25,82,90.62,87.5,HIGH
Velachery Metro Station,2026-08-11,13,1,200,144,56,60,73.1,72.0,MEDIUM
Velachery Metro Station,2026-08-11,14,1,200,160,40,64,79.5,80.0,HIGH
Velachery Metro Station,2026-08-11,15,1,200,137,63,49,64.29,68.5,MEDIUM
Velachery Metro Station,2026-08-11,16,1,200,158,42,76,71.37,79.0,MEDIUM
Velachery Metro Station,2026-08-11,17,1,200,177,23,84,92.85,88.5,HIGH
Velachery Metro Station,2026-08-11,18,1,200,196,4,55,97.06,98.0,HIGH
Velachery Metro Station,2026-08-11,19,1,200,170,30,38,97.65,85.0,HIGH
Velachery Metro Station,2026-08-11,20,1,200,184,16,88,84.32,92.0,HIGH
Velachery Metro Station,2026-08-11,21,1,200,76,124,18,37.48,38.0,LOW
Velachery Metro Station,2026-08-11,22,1,200,98,102,24,51.72,49.0,LOW
Velachery Metro Station,2026-08-11,23,1,200,82,118,36,34.01,41.0,LOW
OMR IT Park,2026-08-11,0,1,300,9,291,3,6.69,3.0,LOW
OMR IT Park,2026-08-11,1,1,300,26,274,11,5.0,8.67,LOW
OMR IT Park,2026-08-11,2,1,300,31,269,6,9.18,10.33,LOW
OMR IT Park,2026-08-11,3,1,300,7,293,1,12.02,2.33,LOW
OMR IT Park,2026-08-11,4,1,300,22,278,8,6.47,7.33,LOW
OMR IT Park,2026-08-11,5,1,300,24,276,12,7.11,8.0,LOW
OMR IT Park,2026-08-11,6,1,300,33,267,10,5.0,11.0,LOW
OMR IT Park,2026-08-11,7,1,300,21,279,6,8.97,7.0,LOW
OMR IT Park,2026-08-11,8,1,300,242,58,84,74.33,80.67,HIGH
OMR IT Park,2026-08-11,9,1,300,277,23,121,96.67,92.33,HIGH
OMR IT Park,2026-08-11,10,1,300,241,59,119,76.03,80.33,HIGH
OMR IT Park,2026-08-11,11,1,300,264,36,82,97.7,88.0,HIGH
OMR IT Park,2026-08-11,12,1,300,284,16,84,85.31,94.67,HIGH
OMR IT Park,2026-08-11,13,1,300,284,16,109,92.82,94.67,HIGH
OMR IT Park,2026-08-11,14,1,300,246,54,68,82.61,82.0,HIGH
OMR IT Park,2026-08-11,15,1,300,292,8,103,87.98,97.33,HIGH
OMR IT Park,2026-08-11,16,1,300,263,37,76,82.59,87.67,HIGH
OMR IT Park,2026-08-11,17,1,300,195,105,60,64.69,65.0,MEDIUM
OMR IT Park,2026-08-11,18,1,300,177,123,40,67.63,59.0,MEDIUM
OMR IT Park,2026-08-11,19,1,300,179,121,79,63.99,59.67,MEDIUM
OMR IT Park,2026-08-11,20,1,300,52,248,18,21.25,17.33,LOW
OMR IT Park,2026-08-11,21,1,300,100,200,37,33.76,33.33,LOW
OMR IT Park,2026-08-11,22,1,300,79,221,28,21.5,26.33,LOW
OMR IT Park,2026-08-11,23,1,300,6,294,2,5.0,2.0,LOW
Anna Nagar Center,2026-08-11,0,1,100,15,85,4,25.68,15.0,LOW
Anna Nagar Center,2026-08-11,1,1,100,20,80,10,29.13,20.0,LOW
Anna Nagar Center,2026-08-11,2,1,100,24,76,9,18.06,24.0,LOW
Anna Nagar Center,2026-08-11,3,1,100,10,90,3,5.0,10.0,LOW
Anna Nagar Center,2026-08-11,4,1,100,23,77,6,25.21,23.0,LOW
Anna Nagar Center,2026-08-11,5,1,100,25,75,7,14.7,25.0,LOW
Anna Nagar Center,2026-08-11,6,1,100,22,78,10,21.09,22.0,LOW
Anna Nagar Center,2026-08-11,7,1,100,16,84,6,13.54,16.0,LOW
Anna Nagar Center,2026-08-11,8,1,100,48,52,23,48.78,48.0,LOW
Anna Nagar Center,2026-08-11,9,1,100,50,50,24,52.81,50.0,MEDIUM
Anna Nagar Center,2026-08-11,10,1,100,41,59,18,36.04,41.0,LOW
Anna Nagar Center,2026-08-11,11,1,100,50,50,23,50.82,50.0,MEDIUM
Anna Nagar Center,2026-08-11,12,1,100,68,32,23,57.22,68.0,MEDIUM
Anna Nagar Center,2026-08-11,13,1,100,66,34,21,76.64,66.0,MEDIUM
Anna Nagar Center,2026-08-11,14,1,100,73,27,31,72.58,73.0,MEDIUM
Anna Nagar Center,2026-08-11,15,1,100,84,16,23,89.6,84.0,HIGH
Anna Nagar Center,2026-08-11,16,1,100,65,35,27,66.17,65.0,MEDIUM
Anna Nagar Center,2026-08-11,17,1,100,46,54,14,47.1,46.0,LOW
Anna Nagar Center,2026-08-11,18,1,100,69,31,23,84.93,69.0,MEDIUM
Anna Nagar Center,2026-08-11,19,1,100,73,27,29,75.17,73.0,MEDIUM
Anna Nagar Center,2026-08-11,20,1,100,90,10,32,81.66,90.0,HIGH
Anna Nagar Center,2026-08-11,21,1,100,66,34,26,66.22,66.0,MEDIUM
Anna Nagar Center,2026-08-11,22,1,100,16,84,7,9.85,16.0,LOW
Anna Nagar Center,2026-08-11,23,1,100,14,86,4,14.54,14.0,LOW
Guindy Corporate Park,2026-08-11,0,1,180,9,171,2,7.45,5.0,LOW
Guindy Corporate Park,2026-08-11,1,1,180,4,176,1,10.69,2.22,LOW
Guindy Corporate Park,2026-08-11,2,1,180,30,150,7,6.18,16.67,LOW
Guindy Corporate Park,2026-08-11,3,1,180,7,173,3,5.0,3.89,LOW
Guindy Corporate Park,2026-08-11,4,1,180,18,162,4,5.59,10.0,LOW
Guindy Corporate Park,2026-08-11,5,1,180,4,176,1,5.98,2.22,LOW
Guindy Corporate Park,2026-08-11,6,1,180,5,175,1,5.0,2.78,LOW
Guindy Corporate Park,2026-08-11,7,1,180,4,176,2,5.0,2.22,LOW
Guindy Corporate Park,2026-08-11,8,1,180,155,25,52,94.66,86.11,HIGH
Guindy Corporate Park,2026-08-11,9,1,180,157,23,70,84.94,87.22,HIGH
Guindy Corporate Park,2026-08-11,10,1,180,140,40,61,81.36,77.78,MEDIUM
Guindy Corporate Park,2026-08-11,11,1,180,146,34,56,85.91,81.11,HIGH
Guindy Corporate Park,2026-08-11,12,1,180,170,10,70,98.0,94.44,HIGH
Guindy Corporate Park,2026-08-11,13,1,180,146,34,61,83.6,81.11,HIGH
Guindy Corporate Park,2026-08-11,14,1,180,148,32,57,85.19,82.22,HIGH
Guindy Corporate Park,2026-08-11,15,1,180,163,17,41,80.12,90.56,HIGH
Guindy Corporate Park,2026-08-11,16,1,180,174,6,42,98.0,96.67,HIGH
Guindy Corporate Park,2026-08-11,17,1,180,117,63,29,65.41,65.0,MEDIUM
Guindy Corporate Park,2026-08-11,18,1,180,129,51,63,77.88,71.67,MEDIUM
Guindy Corporate Park,2026-08-11,19,1,180,101,79,45,59.8,56.11,MEDIUM
Guindy Corporate Park,2026-08-11,20,1,180,50,130,16,16.0,27.78,LOW
Guindy Corporate Park,2026-08-11,21,1,180,33,147,11,22.53,18.33,LOW
Guindy Corporate Park,2026-08-11,22,1,180,44,136,18,16.8,24.44,LOW
Guindy Corporate Park,2026-08-11,23,1,180,20,160,5,12.5,11.11,LOW
Chennai Mall,2026-08-12,0,2,150,9,141,4,8.16,6.0,LOW
Chennai Mall,2026-08-12,1,2,150,24,126,9,24.91,16.0,LOW
Chennai Mall,2026-08-12,2,2,150,29,121,13,20.05,19.33,LOW
Chennai Mall,2026-08-12,3,2,150,26,124,9,17.0,17.33,LOW
Chennai Mall,2026-08-12,4,2,150,8,142,3,6.03,5.33,LOW
Chennai Mall,2026-08-12,5,2,150,31,119,12,25.22,20.67,LOW
Chennai Mall,2026-08-12,6,2,150,16,134,6,14.65,10.67,LOW
Chennai Mall,2026-08-12,7,2,150,11,139,4,12.77,7.33,LOW
Chennai Mall,2026-08-12,8,2,150,25,125,8,24.36,16.67,LOW
Chennai Mall,2026-08-12,9,2,150,15,135,3,9.38,10.0,LOW
Chennai Mall,2026-08-12,10,2,150,30,120,6,25.87,20.0,LOW
Chennai Mall,2026-08-12,11,2,150,29,121,9,12.61,19.33,LOW
Chennai Mall,2026-08-12,12,2,150,91,59,44,57.8,60.67,MEDIUM
Chennai Mall,2026-08-12,13,2,150,54,96,19,36.99,36.0,LOW
Chennai Mall,2026-08-12,14,2,150,69,81,34,52.39,46.0,LOW
Chennai Mall,2026-08-12,15,2,150,84,66,34,57.09,56.0,MEDIUM
Chennai Mall,2026-08-12,16,2,150,30,120,15,14.4,20.0,LOW
Chennai Mall,2026-08-12,17,2,150,111,39,26,71.06,74.0,MEDIUM
Chennai Mall,2026-08-12,18,2,150,127,23,29,93.13,84.67,HIGH
Chennai Mall,2026-08-12,19,2,150,105,45,36,61.01,70.0,MEDIUM
Chennai Mall,2026-08-12,20,2,150,127,23,62,91.15,84.67,HIGH
Chennai Mall,2026-08-12,21,2,150,122,28,50,83.06,81.33,HIGH
Chennai Mall,2026-08-12,22,2,150,48,102,14,36.0,32.0,LOW
Chennai Mall,2026-08-12,23,2,150,38,112,13,24.29,25.33,LOW
T Nagar Commercial Hub,2026-08-12,0,2,120,20,100,9,13.95,16.67,LOW
T Nagar Commercial Hub,2026-08-12,1,2,120,9,111,4,9.45,7.5,LOW
T Nagar Commercial Hub,2026-08-12,2,2,120,21,99,10,20.12,17.5,LOW
T Nagar Commercial Hub,2026-08-12,3,2,120,29,91,15,15.68,24.17,LOW
T Nagar Commercial Hub,2026-08-12,4,2,120,15,105,5,11.07,12.5,LOW
T Nagar Commercial Hub,2026-08-12,5,2,120,13,107,3,5.1,10.83,LOW
T Nagar Commercial Hub,2026-08-12,6,2,120,15,105,7,6.2,12.5,LOW
T Nagar Commercial Hub,2026-08-12,7,2,120,14,106,5,22.36,11.67,LOW
T Nagar Commercial Hub,2026-08-12,8,2,120,18,102,7,15.24,15.0,LOW
T Nagar Commercial Hub,2026-08-12,9,2,120,23,97,8,20.04,19.17,LOW
T Nagar Commercial Hub,2026-08-12,10,2,120,99,21,41,85.38,82.5,HIGH
T Nagar Commercial Hub,2026-08-12,11,2,120,84,36,17,74.09,70.0,MEDIUM
T Nagar Commercial Hub,2026-08-12,12,2,120,94,26,24,80.18,78.33,MEDIUM
T Nagar Commercial Hub,2026-08-12,13,2,120,72,48,17,69.08,60.0,MEDIUM
T Nagar Commercial Hub,2026-08-12,14,2,120,101,19,25,75.85,84.17,HIGH
T Nagar Commercial Hub,2026-08-12,15,2,120,78,42,38,63.24,65.0,MEDIUM
T Nagar Commercial Hub,2026-08-12,16,2,120,101,19,34,85.87,84.17,HIGH
T Nagar Commercial Hub,2026-08-12,17,2,120,93,27,21,77.23,77.5,MEDIUM
T Nagar Commercial Hub,2026-08-12,18,2,120,78,42,22,66.86,65.0,MEDIUM
T Nagar Commercial Hub,2026-08-12,19,2,120,83,37,22,69.22,69.17,MEDIUM
T Nagar Commercial Hub,2026-08-12,20,2,120,64,56,15,44.98,53.33,MEDIUM
T Nagar Commercial Hub,2026-08-12,21,2,120,45,75,18,38.81,37.5,LOW
T Nagar Commercial Hub,2026-08-12,22,2,120,45,75,11,32.86,37.5,LOW
T Nagar Commercial Hub,2026-08-12,23,2,120,26,94,10,19.91,21.67,LOW
Velachery Metro Station,2026-08-12,0,2,200,29,171,13,5.22,14.5,LOW
Velachery Metro Station,2026-08-12,1,2,200,4,196,1,5.0,2.0,LOW
Velachery Metro Station,2026-08-12,2,2,200,14,186,7,10.38,7.0,LOW
Velachery Metro Station,2026-08-12,3,2,200,33,167,15,15.95,16.5,LOW
Velachery Metro Station,2026-08-12,4,2,200,15,185,5,11.76,7.5,LOW
Velachery Metro Station,2026-08-12,5,2,200,33,167,10,13.27,16.5,LOW
Velachery Metro Station,2026-08-12,6,2,200,32,168,13,24.41,16.0,LOW
Velachery Metro Station,2026-08-12,7,2,200,175,25,63,87.22,87.5,HIGH
Velachery Metro Station,2026-08-12,8,2,200,192,8,84,98.0,96.0,HIGH
Velachery Metro Station,2026-08-12,9,2,200,180,20,84,86.2,90.0,HIGH
Velachery Metro Station,2026-08-12,10,2,200,166,34,81,82.87,83.0,HIGH
Velachery Metro Station,2026-08-12,11,2,200,160,40,42,87.61,80.0,HIGH
Velachery Metro Station,2026-08-12,12,2,200,156,44,51,81.72,78.0,MEDIUM
Velachery Metro Station,2026-08-12,13,2,200,170,30,38,90.29,85.0,HIGH
Velachery Metro Station,2026-08-12,14,2,200,145,55,36,77.68,72.5,MEDIUM
Velachery Metro Station,2026-08-12,15,2,200,163,37,59,88.48,81.5,HIGH
Velachery Metro Station,2026-08-12,16,2,200,155,45,56,66.89,77.5,MEDIUM
Velachery Metro Station,2026-08-12,17,2,200,184,16,41,85.04,92.0,HIGH
Velachery Metro Station,2026-08-12,18,2,200,188,12,74,93.29,94.0,HIGH
Velachery Metro Station,2026-08-12,19,2,200,172,28,45,89.42,86.0,HIGH
Velachery Metro Station,2026-08-12,20,2,200,189,11,43,92.73,94.5,HIGH
Velachery Metro Station,2026-08-12,21,2,200,114,86,44,56.23,57.0,MEDIUM
Velachery Metro Station,2026-08-12,22,2,200,89,111,27,41.86,44.5,LOW
Velachery Metro Station,2026-08-12,23,2,200,101,99,47,51.16,50.5,MEDIUM
OMR IT Park,2026-08-12,0,2,300,14,286,6,14.46,4.67,LOW
OMR IT Park,2026-08-12,1,2,300,14,286,6,7.46,4.67,LOW
OMR IT Park,2026-08-12,2,2,300,33,267,10,10.28,11.0,LOW
OMR IT Park,2026-08-12,3,2,300,25,275,9,5.2,8.33,LOW
OMR IT Park,2026-08-12,4,2,300,26,274,12,6.17,8.67,LOW
OMR IT Park,2026-08-12,5,2,300,40,260,9,8.34,13.33,LOW
OMR IT Park,2026-08-12,6,2,300,37,263,12,8.22,12.33,LOW
OMR IT Park,2026-08-12,7,2,300,19,281,9,5.0,6.33,LOW
OMR IT Park,2026-08-12,8,2,300,216,84,108,77.99,72.0,MEDIUM
OMR IT Park,2026-08-12,9,2,300,277,23,118,90.31,92.33,HIGH
OMR IT Park,2026-08-12,10,2,300,284,16,62,94.18,94.67,HIGH
OMR IT Park,2026-08-12,11,2,300,266,34,115,94.53,88.67,HIGH
OMR IT Park,2026-08-12,12,2,300,289,11,86,98.0,96.33,HIGH
OMR IT Park,2026-08-12,13,2,300,271,29,82,85.86,90.33,HIGH
OMR IT Park,2026-08-12,14,2,300,288,12,125,87.35,96.0,HIGH
OMR IT Park,2026-08-12,15,2,300,246,54,109,76.98,82.0,HIGH
OMR IT Park,2026-08-12,16,2,300,251,49,62,83.6,83.67,HIGH
OMR IT Park,2026-08-12,17,2,300,158,142,39,51.15,52.67,MEDIUM
OMR IT Park,2026-08-12,18,2,300,212,88,93,69.34,70.67,MEDIUM
OMR IT Park,2026-08-12,19,2,300,224,76,68,73.84,74.67,MEDIUM
OMR IT Park,2026-08-12,20,2,300,60,240,14,21.17,20.0,LOW
OMR IT Park,2026-08-12,21,2,300,85,215,33,27.38,28.33,LOW
OMR IT Park,2026-08-12,22,2,300,64,236,31,27.66,21.33,LOW
OMR IT Park,2026-08-12,23,2,300,29,271,13,14.66,9.67,LOW
Anna Nagar Center,2026-08-12,0,2,100,12,88,3,19.03,12.0,LOW
Anna Nagar Center,2026-08-12,1,2,100,7,93,2,11.33,7.0,LOW
Anna Nagar Center,2026-08-12,2,2,100,6,94,3,8.36,6.0,LOW
Anna Nagar Center,2026-08-12,3,2,100,11,89,2,6.17,11.0,LOW
Anna Nagar Center,2026-08-12,4,2,100,19,81,5,14.39,19.0,LOW
Anna Nagar Center,2026-08-12,5,2,100,7,93,2,9.55,7.0,LOW
Anna Nagar Center,2026-08-12,6,2,100,14,86,7,20.16,14.0,LOW
Anna Nagar Center,2026-08-12,7,2,100,16,84,7,14.91,16.0,LOW
Anna Nagar Center,2026-08-12,8,2,100,57,43,15,53.58,57.0,MEDIUM
Anna Nagar Center,2026-08-12,9,2,100,50,50,14,50.92,50.0,MEDIUM
Anna Nagar Center,2026-08-12,10,2,100,40,60,11,36.62,40.0,LOW
Anna Nagar Center,2026-08-12,11,2,100,42,58,18,45.96,42.0,LOW
Anna Nagar Center,2026-08-12,12,2,100,80,20,35,79.4,80.0,HIGH
Anna Nagar Center,2026-08-12,13,2,100,69,31,28,72.57,69.0,MEDIUM
Anna Nagar Center,2026-08-12,14,2,100,85,15,25,86.98,85.0,HIGH
Anna Nagar Center,2026-08-12,15,2,100,83,17,40,89.24,83.0,HIGH
Anna Nagar Center,2026-08-12,16,2,100,56,44,19,49.48,56.0,MEDIUM
Anna Nagar Center,2026-08-12,17,2,100,63,37,28,58.74,63.0,MEDIUM
Anna Nagar Center,2026-08-12,18,2,100,83,17,22,81.04,83.0,HIGH
Anna Nagar Center,2026-08-12,19,2,100,87,13,20,80.58,87.0,HIGH
Anna Nagar Center,2026-08-12,20,2,100,64,36,31,73.73,64.0,MEDIUM
Anna Nagar Center,2026-08-12,21,2,100,80,20,40,86.03,80.0,HIGH
Anna Nagar Center,2026-08-12,22,2,100,14,86,4,13.78,14.0,LOW
Anna Nagar Center,2026-08-12,23,2,100,13,87,3,13.89,13.0,LOW
Guindy Corporate Park,2026-08-12,0,2,180,25,155,11,15.85,13.89,LOW
Guindy Corporate Park,2026-08-12,1,2,180,6,174,2,5.0,3.33,LOW
Guindy Corporate Park,2026-08-12,2,2,180,16,164,5,5.0,8.89,LOW
Guindy Corporate Park,2026-08-12,3,2,180,19,161,7,8.94,10.56,LOW
Guindy Corporate Park,2026-08-12,4,2,180,31,149,10,13.93,17.22,LOW
Guindy Corporate Park,2026-08-12,5,2,180,4,176,1,8.18,2.22,LOW
Guindy Corporate Park,2026-08-12,6,2,180,18,162,6,7.95,10.0,LOW
Guindy Corporate Park,2026-08-12,7,2,180,15,165,4,8.83,8.33,LOW
Guindy Corporate Park,2026-08-12,8,2,180,147,33,64,79.9,81.67,HIGH
Guindy Corporate Park,2026-08-12,9,2,180,152,28,69,86.17,84.44,HIGH
Guindy Corporate Park,2026-08-12,10,2,180,155,25,53,90.36,86.11,HIGH
Guindy Corporate Park,2026-08-12,11,2,180,169,11,36,98.0,93.89,HIGH
Guindy Corporate Park,2026-08-12,12,2,180,156,24,68,88.91,86.67,HIGH
Guindy Corporate Park,2026-08-12,13,2,180,149,31,68,86.5,82.78,HIGH
Guindy Corporate Park,2026-08-12,14,2,180,176,4,45,86.54,97.78,HIGH
Guindy Corporate Park,2026-08-12,15,2,180,179,1,44,98.0,99.44,HIGH
Guindy Corporate Park,2026-08-12,16,2,180,139,41,60,81.62,77.22,MEDIUM
Guindy Corporate Park,2026-08-12,17,2,180,106,74,53,59.33,58.89,MEDIUM
Guindy Corporate Park,2026-08-12,18,2,180,131,49,42,69.71,72.78,MEDIUM
Guindy Corporate Park,2026-08-12,19,2,180,104,76,51,58.83,57.78,MEDIUM
Guindy Corporate Park,2026-08-12,20,2,180,63,117,29,37.74,35.0,LOW
Guindy Corporate Park,2026-08-12,21,2,180,54,126,19,23.18,30.0,LOW
Guindy Corporate Park,2026-08-12,22,2,180,59,121,17,34.7,32.78,LOW
Guindy Corporate Park,2026-08-12,23,2,180,22,158,7,11.04,12.22,LOW
Chennai Mall,2026-08-13,0,3,150,12,138,3,11.83,8.0,LOW
Chennai Mall,2026-08-13,1,3,150,19,131,4,5.07,12.67,LOW
Chennai Mall,2026-08-13,2,3,150,15,135,4,15.63,10.0,LOW
Chennai Mall,2026-08-13,3,3,150,23,127,11,6.18,15.33,LOW
Chennai Mall,2026-08-13,4,3,150,7,143,3,9.54,4.67,LOW
Chennai Mall,2026-08-13,5,3,150,29,121,7,22.82,19.33,LOW
Chennai Mall,2026-08-13,6,3,150,33,117,11,13.4,22.0,LOW
Chennai Mall,2026-08-13,7,3,150,20,130,8,15.37,13.33,LOW
Chennai Mall,2026-08-13,8,3,150,19,131,8,5.0,12.67,LOW
Chennai Mall,2026-08-13,9,3,150,23,127,8,21.4,15.33,LOW
Chennai Mall,2026-08-13,10,3,150,28,122,8,26.79,18.67,LOW
Chennai Mall,2026-08-13,11,3,150,27,123,8,21.86,18.0,LOW
Chennai Mall,2026-08-13,12,3,150,89,61,19,70.22,59.33,MEDIUM
Chennai Mall,2026-08-13,13,3,150,84,66,32,57.03,56.0,MEDIUM
Chennai Mall,2026-08-13,14,3,150,71,79,29,37.57,47.33,LOW
Chennai Mall,2026-08-13,15,3,150,70,80,15,42.96,46.67,LOW
Chennai Mall,2026-08-13,16,3,150,29,121,8,20.54,19.33,LOW
Chennai Mall,2026-08-13,17,3,150,100,50,30,65.65,66.67,MEDIUM
Chennai Mall,2026-08-13,18,3,150,98,52,43,68.04,65.33,MEDIUM
Chennai Mall,2026-08-13,19,3,150,98,52,32,62.89,65.33,MEDIUM
Chennai Mall,2026-08-13,20,3,150,108,42,29,77.93,72.0,MEDIUM
Chennai Mall,2026-08-13,21,3,150,115,35,32,73.94,76.67,MEDIUM
Chennai Mall,2026-08-13,22,3,150,53,97,14,34.2,35.33,LOW
Chennai Mall,2026-08-13,23,3,150,37,113,16,32.7,24.67,LOW
T Nagar Commercial Hub,2026-08-13,0,3,120,25,95,9,19.22,20.83,LOW
T Nagar Commercial Hub,2026-08-13,1,3,120,13,107,6,12.29,10.83,LOW
T Nagar Commercial Hub,2026-08-13,2,3,120,16,104,3,21.11,13.33,LOW
T Nagar Commercial Hub,2026-08-13,3,3,120,5,115,1,5.0,4.17,LOW
T Nagar Commercial Hub,2026-08-13,4,3,120,10,110,5,5.0,8.33,LOW
T Nagar Commercial Hub,2026-08-13,5,3,120,18,102,5,13.44,15.0,LOW
T Nagar Commercial Hub,2026-08-13,6,3,120,2,118,1,5.0,1.67,LOW
T Nagar Commercial Hub,2026-08-13,7,3,120,7,113,3,13.57,5.83,LOW
T Nagar Commercial Hub,2026-08-13,8,3,120,14,106,4,17.17,11.67,LOW
T Nagar Commercial Hub,2026-08-13,9,3,120,8,112,3,9.37,6.67,LOW
T Nagar Commercial Hub,2026-08-13,10,3,120,79,41,26,56.68,65.83,MEDIUM
T Nagar Commercial Hub,2026-08-13,11,3,120,86,34,24,70.45,71.67,MEDIUM
T Nagar Commercial Hub,2026-08-13,12,3,120,82,38,22,67.97,68.33,MEDIUM
T Nagar Commercial Hub,2026-08-13,13,3,120,91,29,27,80.84,75.83,MEDIUM
T Nagar Commercial Hub,2026-08-13,14,3,120,92,28,25,75.24,76.67,MEDIUM
T Nagar Commercial Hub,2026-08-13,15,3,120,81,39,39,61.79,67.5,MEDIUM
T Nagar Commercial Hub,2026-08-13,16,3,120,90,30,35,71.12,75.0,MEDIUM
T Nagar Commercial Hub,2026-08-13,17,3,120,98,22,30,81.52,81.67,HIGH
T Nagar Commercial Hub,2026-08-13,18,3,120,86,34,36,74.48,71.67,MEDIUM
T Nagar Commercial Hub,2026-08-13,19,3,120,84,36,35,68.93,70.0,MEDIUM
T Nagar Commercial Hub,2026-08-13,20,3,120,71,49,27,62.17,59.17,MEDIUM
T Nagar Commercial Hub,2026-08-13,21,3,120,61,59,22,52.93,50.83,MEDIUM
T Nagar Commercial Hub,2026-08-13,22,3,120,63,57,26,50.98,52.5,MEDIUM
T Nagar Commercial Hub,2026-08-13,23,3,120,9,111,3,5.0,7.5,LOW
Velachery Metro Station,2026-08-13,0,3,200,29,171,11,10.96,14.5,LOW
Velachery Metro Station,2026-08-13,1,3,200,21,179,4,5.0,10.5,LOW
Velachery Metro Station,2026-08-13,2,3,200,42,158,18,13.85,21.0,LOW
Velachery Metro Station,2026-08-13,3,3,200,36,164,8,11.15,18.0,LOW
Velachery Metro Station,2026-08-13,4,3,200,27,173,11,16.83,13.5,LOW
Velachery Metro Station,2026-08-13,5,3,200,19,181,5,5.0,9.5,LOW
Velachery Metro Station,2026-08-13,6,3,200,44,156,22,9.7,22.0,LOW
Velachery Metro Station,2026-08-13,7,3,200,168,32,81,84.92,84.0,HIGH
Velachery Metro Station,2026-08-13,8,3,200,185,15,88,88.79,92.5,HIGH
Velachery Metro Station,2026-08-13,9,3,200,191,9,82,93.48,95.5,HIGH
Velachery Metro Station,2026-08-13,10,3,200,192,8,59,98.0,96.0,HIGH
Velachery Metro Station,2026-08-13,11,3,200,153,47,33,70.21,76.5,MEDIUM
Velachery Metro Station,2026-08-13,12,3,200,158,42,63,79.31,79.0,MEDIUM
Velachery Metro Station,2026-08-13,13,3,200,178,22,46,88.94,89.0,HIGH
Velachery Metro Station,2026-08-13,14,3,200,141,59,47,68.23,70.5,MEDIUM
Velachery Metro Station,2026-08-13,15,3,200,157,43,32,72.92,78.5,MEDIUM
Velachery Metro Station,2026-08-13,16,3,200,143,57,64,72.81,71.5,MEDIUM
Velachery Metro Station,2026-08-13,17,3,200,175,25,60,95.95,87.5,HIGH
Velachery Metro Station,2026-08-13,18,3,200,183,17,60,85.22,91.5,HIGH
Velachery Metro Station,2026-08-13,19,3,200,186,14,88,90.98,93.0,HIGH
Velachery Metro Station,2026-08-13,20,3,200,168,32,56,82.69,84.0,HIGH
Velachery Metro Station,2026-08-13,21,3,200,85,115,36,46.55,42.5,LOW
Velachery Metro Station,2026-08-13,22,3,200,70,130,31,31.17,35.0,LOW
Velachery Metro Station,2026-08-13,23,3,200,94,106,22,54.49,47.0,LOW
OMR IT Park,2026-08-13,0,3,300,29,271,11,5.0,9.67,LOW
OMR IT Park,2026-08-13,1,3,300,40,260,12,10.69,13.33,LOW
OMR IT Park,2026-08-13,2,3,300,19,281,7,5.0,6.33,LOW
OMR IT Park,2026-08-13,3,3,300,31,269,7,15.06,10.33,LOW
OMR IT Park,2026-08-13,4,3,300,40,260,13,8.79,13.33,LOW
OMR IT Park,2026-08-13,5,3,300,34,266,9,5.0,11.33,LOW
OMR IT Park,2026-08-13,6,3,300,29,271,8,5.0,9.67,LOW
OMR IT Park,2026-08-13,7,3,300,17,283,7,6.7,5.67,LOW
OMR IT Park,2026-08-13,8,3,300,275,25,79,89.49,91.67,HIGH
OMR IT Park,2026-08-13,9,3,300,244,56,69,72.34,81.33,HIGH
OMR IT Park,2026-08-13,10,3,300,220,80,68,78.67,73.33,MEDIUM
OMR IT Park,2026-08-13,11,3,300,242,58,110,82.49,80.67,HIGH
OMR IT Park,2026-08-13,12,3,300,263,37,107,86.58,87.67,HIGH
OMR IT Park,2026-08-13,13,3,300,291,9,92,97.0,97.0,HIGH
OMR IT Park,2026-08-13,14,3,300,260,40,57,94.02,86.67,HIGH
OMR IT Park,2026-08-13,15,3,300,300,0,120,90.99,100.0,HIGH
OMR IT Park,2026-08-13,16,3,300,246,54,94,76.15,82.0,HIGH
OMR IT Park,2026-08-13,17,3,300,165,135,42,47.16,55.0,MEDIUM
OMR IT Park,2026-08-13,18,3,300,211,89,86,75.06,70.33,MEDIUM
OMR IT Park,2026-08-13,19,3,300,201,99,71,62.96,67.0,MEDIUM
OMR IT Park,2026-08-13,20,3,300,72,228,28,31.36,24.0,LOW
OMR IT Park,2026-08-13,21,3,300,67,233,17,28.0,22.33,LOW
OMR IT Park,2026-08-13,22,3,300,47,253,14,8.3,15.67,LOW
OMR IT Park,2026-08-13,23,3,300,6,294,2,5.0,2.0,LOW
Anna Nagar Center,2026-08-13,0,3,100,7,93,3,14.54,7.0,LOW
Anna Nagar Center,2026-08-13,1,3,100,3,97,1,5.0,3.0,LOW
Anna Nagar Center,2026-08-13,2,3,100,17,83,6,20.11,17.0,LOW
Anna Nagar Center,2026-08-13,3,3,100,10,90,3,9.03,10.0,LOW
Anna Nagar Center,2026-08-13,4,3,100,5,95,1,5.0,5.0,LOW
Anna Nagar Center,2026-08-13,5,3,100,17,83,8,21.47,17.0,LOW
Anna Nagar Center,2026-08-13,6,3,100,6,94,1,5.0,6.0,LOW
Anna Nagar Center,2026-08-13,7,3,100,23,77,10,15.47,23.0,LOW
Anna Nagar Center,2026-08-13,8,3,100,53,47,25,57.63,53.0,MEDIUM
Anna Nagar Center,2026-08-13,9,3,100,43,57,12,38.89,43.0,LOW
Anna Nagar Center,2026-08-13,10,3,100,38,62,13,46.84,38.0,LOW
Anna Nagar Center,2026-08-13,11,3,100,67,33,19,74.13,67.0,MEDIUM
Anna Nagar Center,2026-08-13,12,3,100,81,19,24,87.11,81.0,HIGH
Anna Nagar Center,2026-08-13,13,3,100,80,20,25,74.58,80.0,HIGH
Anna Nagar Center,2026-08-13,14,3,100,72,28,25,65.85,72.0,MEDIUM
Anna Nagar Center,2026-08-13,15,3,100,75,25,16,73.76,75.0,MEDIUM
Anna Nagar Center,2026-08-13,16,3,100,33,67,9,38.64,33.0,LOW
Anna Nagar Center,2026-08-13,17,3,100,69,31,18,62.42,69.0,MEDIUM
Anna Nagar Center,2026-08-13,18,3,100,71,29,29,63.07,71.0,MEDIUM
Anna Nagar Center,2026-08-13,19,3,100,74,26,18,69.46,74.0,MEDIUM
Anna Nagar Center,2026-08-13,20,3,100,78,22,27,75.84,78.0,MEDIUM
Anna Nagar Center,2026-08-13,21,3,100,76,24,26,60.33,76.0,MEDIUM
Anna Nagar Center,2026-08-13,22,3,100,17,83,3,6.12,17.0,LOW
Anna Nagar Center,2026-08-13,23,3,100,15,85,4,9.13,15.0,LOW
Guindy Corporate Park,2026-08-13,0,3,180,17,163,6,6.91,9.44,LOW
Guindy Corporate Park,2026-08-13,1,3,180,17,163,7,8.99,9.44,LOW
Guindy Corporate Park,2026-08-13,2,3,180,14,166,4,5.0,7.78,LOW
Guindy Corporate Park,2026-08-13,3,3,180,4,176,1,6.06,2.22,LOW
Guindy Corporate Park,2026-08-13,4,3,180,4,176,2,5.0,2.22,LOW
Guindy Corporate Park,2026-08-13,5,3,180,4,176,1,5.0,2.22,LOW
Guindy Corporate Park,2026-08-13,6,3,180,26,154,12,16.22,14.44,LOW
Guindy Corporate Park,2026-08-13,7,3,180,19,161,9,12.33,10.56,LOW
Guindy Corporate Park,2026-08-13,8,3,180,167,13,69,91.54,92.78,HIGH
Guindy Corporate Park,2026-08-13,9,3,180,153,27,47,76.39,85.0,HIGH
Guindy Corporate Park,2026-08-13,10,3,180,159,21,73,88.32,88.33,HIGH
Guindy Corporate Park,2026-08-13,11,3,180,149,31,72,88.39,82.78,HIGH
Guindy Corporate Park,2026-08-13,12,3,180,147,33,44,83.45,81.67,HIGH
Guindy Corporate Park,2026-08-13,13,3,180,157,23,39,86.67,87.22,HIGH
Guindy Corporate Park,2026-08-13,14,3,180,148,32,61,87.52,82.22,HIGH
Guindy Corporate Park,2026-08-13,15,3,180,158,22,49,89.74,87.78,HIGH
Guindy Corporate Park,2026-08-13,16,3,180,170,10,47,95.31,94.44,HIGH
Guindy Corporate Park,2026-08-13,17,3,180,97,83,28,55.74,53.89,MEDIUM
Guindy Corporate Park,2026-08-13,18,3,180,129,51,63,64.86,71.67,MEDIUM
Guindy Corporate Park,2026-08-13,19,3,180,119,61,26,60.42,66.11,MEDIUM
Guindy Corporate Park,2026-08-13,20,3,180,27,153,12,6.82,15.0,LOW
Guindy Corporate Park,2026-08-13,21,3,180,58,122,15,49.97,32.22,LOW
Guindy Corporate Park,2026-08-13,22,3,180,42,138,11,27.58,23.33,LOW
Guindy Corporate Park,2026-08-13,23,3,180,22,158,7,6.56,12.22,LOW
Chennai Mall,2026-08-14,0,4,150,38,112,18,24.71,25.33,LOW
Chennai Mall,2026-08-14,1,4,150,36,114,15,16.17,24.0,LOW
Chennai Mall,2026-08-14,2,4,150,10,140,5,9.78,6.67,LOW
Chennai Mall,2026-08-14,3,4,150,9,141,3,10.48,6.0,LOW
Chennai Mall,2026-08-14,4,4,150,11,139,4,5.0,7.33,LOW
Chennai Mall,2026-08-14,5,4,150,14,136,6,8.15,9.33,LOW
Chennai Mall,2026-08-14,6,4,150,39,111,11,25.09,26.0,LOW
Chennai Mall,2026-08-14,7,4,150,18,132,8,12.82,12.0,LOW
Chennai Mall,2026-08-14,8,4,150,5,145,1,13.26,3.33,LOW
Chennai Mall,2026-08-14,9,4,150,17,133,7,10.34,11.33,LOW
Chennai Mall,2026-08-14,10,4,150,23,127,5,11.05,15.33,LOW
Chennai Mall,2026-08-14,11,4,150,32,118,13,14.49,21.33,LOW
Chennai Mall,2026-08-14,12,4,150,80,70,20,52.41,53.33,MEDIUM
Chennai Mall,2026-08-14,13,4,150,79,71,20,61.64,52.67,MEDIUM
Chennai Mall,2026-08-14,14,4,150,70,80,16,50.04,46.67,LOW
Chennai Mall,2026-08-14,15,4,150,62,88,22,41.18,41.33,LOW
Chennai Mall,2026-08-14,16,4,150,22,128,8,11.61,14.67,LOW
Chennai Mall,2026-08-14,17,4,150,117,33,50,76.41,78.0,MEDIUM
Chennai Mall,2026-08-14,18,4,150,102,48,23,78.71,68.0,MEDIUM
Chennai Mall,2026-08-14,19,4,150,128,22,51,80.23,85.33,HIGH
Chennai Mall,2026-08-14,20,4,150,112,38,43,80.73,74.67,MEDIUM
Chennai Mall,2026-08-14,21,4,150,138,12,34,89.56,92.0,HIGH
Chennai Mall,2026-08-14,22,4,150,58,92,23,35.81,38.67,LOW
Chennai Mall,2026-08-14,23,4,150,43,107,17,25.32,28.67,LOW
T Nagar Commercial Hub,2026-08-14,0,4,120,18,102,7,16.26,15.0,LOW
T Nagar Commercial Hub,2026-08-14,1,4,120,25,95,8,18.79,20.83,LOW
T Nagar Commercial Hub,2026-08-14,2,4,120,20,100,9,23.56,16.67,LOW
T Nagar Commercial Hub,2026-08-14,3,4,120,22,98,9,12.18,18.33,LOW
T Nagar Commercial Hub,2026-08-14,4,4,120,15,105,7,6.87,12.5,LOW
T Nagar Commercial Hub,2026-08-14,5,4,120,25,95,9,9.87,20.83,LOW
T Nagar Commercial Hub,2026-08-14,6,4,120,8,112,3,7.89,6.67,LOW
T Nagar Commercial Hub,2026-08-14,7,4,120,16,104,4,11.51,13.33,LOW
T Nagar Commercial Hub,2026-08-14,8,4,120,15,105,7,12.28,12.5,LOW
T Nagar Commercial Hub,2026-08-14,9,4,120,21,99,5,8.64,17.5,LOW
T Nagar Commercial Hub,2026-08-14,10,4,120,81,39,20,70.64,67.5,MEDIUM
T Nagar Commercial Hub,2026-08-14,11,4,120,83,37,41,67.22,69.17,MEDIUM
T Nagar Commercial Hub,2026-08-14,12,4,120,94,26,21,84.58,78.33,MEDIUM
T Nagar Commercial Hub,2026-08-14,13,4,120,91,29,38,70.99,75.83,MEDIUM
T Nagar Commercial Hub,2026-08-14,14,4,120,101,19,36,82.54,84.17,HIGH
T Nagar Commercial Hub,2026-08-14,15,4,120,80,40,29,63.35,66.67,MEDIUM
T Nagar Commercial Hub,2026-08-14,16,4,120,102,18,29,88.94,85.0,HIGH
T Nagar Commercial Hub,2026-08-14,17,4,120,76,44,34,56.49,63.33,MEDIUM
T Nagar Commercial Hub,2026-08-14,18,4,120,98,22,32,74.61,81.67,HIGH
T Nagar Commercial Hub,2026-08-14,19,4,120,84,36,40,78.7,70.0,MEDIUM
T Nagar Commercial Hub,2026-08-14,20,4,120,71,49,15,55.32,59.17,MEDIUM
T Nagar Commercial Hub,2026-08-14,21,4,120,44,76,13,36.81,36.67,LOW
T Nagar Commercial Hub,2026-08-14,22,4,120,63,57,22,57.14,52.5,MEDIUM
T Nagar Commercial Hub,2026-08-14,23,4,120,8,112,4,5.0,6.67,LOW
Velachery Metro Station,2026-08-14,0,4,200,43,157,19,16.94,21.5,LOW
Velachery Metro Station,2026-08-14,1,4,200,24,176,6,7.78,12.0,LOW
Velachery Metro Station,2026-08-14,2,4,200,11,189,2,5.0,5.5,LOW
Velachery Metro Station,2026-08-14,3,4,200,17,183,7,15.67,8.5,LOW
Velachery Metro Station,2026-08-14,4,4,200,19,181,7,22.51,9.5,LOW
Velachery Metro Station,2026-08-14,5,4,200,33,167,11,16.51,16.5,LOW
Velachery Metro Station,2026-08-14,6,4,200,15,185,6,5.0,7.5,LOW
Velachery Metro Station,2026-08-14,7,4,200,182,18,84,91.56,91.0,HIGH
Velachery Metro Station,2026-08-14,8,4,200,174,26,54,90.54,87.0,HIGH
Velachery Metro Station,2026-08-14,9,4,200,156,44,32,81.7,78.0,MEDIUM
Velachery Metro Station,2026-08-14,10,4,200,165,35,63,85.09,82.5,HIGH
Velachery Metro Station,2026-08-14,11,4,200,173,27,53,83.68,86.5,HIGH
Velachery Metro Station,2026-08-14,12,4,200,151,49,63,75.52,75.5,MEDIUM
Velachery Metro Station,2026-08-14,13,4,200,142,58,65,68.56,71.0,MEDIUM
Velachery Metro Station,2026-08-14,14,4,200,151,49,31,71.73,75.5,MEDIUM
Velachery Metro Station,2026-08-14,15,4,200,173,27,69,91.5,86.5,HIGH
Velachery Metro Station,2026-08-14,16,4,200,170,30,78,88.45,85.0,HIGH
Velachery Metro Station,2026-08-14,17,4,200,177,23,49,85.03,88.5,HIGH
Velachery Metro Station,2026-08-14,18,4,200,200,0,54,93.86,100.0,HIGH
Velachery Metro Station,2026-08-14,19,4,200,175,25,52,86.82,87.5,HIGH
Velachery Metro Station,2026-08-14,20,4,200,179,21,61,92.53,89.5,HIGH
Velachery Metro Station,2026-08-14,21,4,200,79,121,27,48.27,39.5,LOW
Velachery Metro Station,2026-08-14,22,4,200,63,137,27,41.13,31.5,LOW
Velachery Metro Station,2026-08-14,23,4,200,66,134,17,23.2,33.0,LOW
OMR IT Park,2026-08-14,0,4,300,12,288,5,5.0,4.0,LOW
OMR IT Park,2026-08-14,1,4,300,44,256,16,5.5,14.67,LOW
OMR IT Park,2026-08-14,2,4,300,6,294,2,5.0,2.0,LOW
OMR IT Park,2026-08-14,3,4,300,11,289,3,10.1,3.67,LOW
OMR IT Park,2026-08-14,4,4,300,6,294,2,5.0,2.0,LOW
OMR IT Park,2026-08-14,5,4,300,39,261,15,5.0,13.0,LOW
OMR IT Park,2026-08-14,6,4,300,22,278,7,5.32,7.33,LOW
OMR IT Park,2026-08-14,7,4,300,24,276,9,7.2,8.0,LOW
OMR IT Park,2026-08-14,8,4,300,236,64,49,75.84,78.67,MEDIUM
OMR IT Park,2026-08-14,9,4,300,239,61,66,76.76,79.67,MEDIUM
OMR IT Park,2026-08-14,10,4,300,231,69,51,76.71,77.0,MEDIUM
OMR IT Park,2026-08-14,11,4,300,255,45,81,83.72,85.0,HIGH
OMR IT Park,2026-08-14,12,4,300,251,49,107,85.22,83.67,HIGH
OMR IT Park,2026-08-14,13,4,300,262,38,52,77.83,87.33,HIGH
OMR IT Park,2026-08-14,14,4,300,267,33,60,98.0,89.0,HIGH
OMR IT Park,2026-08-14,15,4,300,291,9,129,98.0,97.0,HIGH
OMR IT Park,2026-08-14,16,4,300,266,34,67,89.36,88.67,HIGH
OMR IT Park,2026-08-14,17,4,300,233,67,99,69.18,77.67,MEDIUM
OMR IT Park,2026-08-14,18,4,300,184,116,50,59.38,61.33,MEDIUM
OMR IT Park,2026-08-14,19,4,300,192,108,55,54.64,64.0,MEDIUM
OMR IT Park,2026-08-14,20,4,300,56,244,24,6.91,18.67,LOW
OMR IT Park,2026-08-14,21,4,300,54,246,19,11.92,18.0,LOW
OMR IT Park,2026-08-14,22,4,300,55,245,26,17.9,18.33,LOW
OMR IT Park,2026-08-14,23,4,300,6,294,2,8.2,2.0,LOW
Anna Nagar Center,2026-08-14,0,4,100,9,91,3,5.0,9.0,LOW
Anna Nagar Center,2026-08-14,1,4,100,5,95,2,5.0,5.0,LOW
Anna Nagar Center,2026-08-14,2,4,100,21,79,8,10.93,21.0,LOW
Anna Nagar Center,2026-08-14,3,4,100,10,90,4,9.59,10.0,LOW
Anna Nagar Center,2026-08-14,4,4,100,11,89,4,5.0,11.0,LOW
Anna Nagar Center,2026-08-14,5,4,100,22,78,9,23.65,22.0,LOW
Anna Nagar Center,2026-08-14,6,4,100,7,93,2,7.11,7.0,LOW
Anna Nagar Center,2026-08-14,7,4,100,19,81,7,22.51,19.0,LOW
Anna Nagar Center,2026-08-14,8,4,100,58,42,23,60.81,58.0,MEDIUM
Anna Nagar Center,2026-08-14,9,4,100,66,34,32,64.79,66.0,MEDIUM
Anna Nagar Center,2026-08-14,10,4,100,50,50,12,50.63,50.0,MEDIUM
Anna Nagar Center,2026-08-14,11,4,100,55,45,26,49.45,55.0,MEDIUM
Anna Nagar Center,2026-08-14,12,4,100,87,13,21,84.66,87.0,HIGH
Anna Nagar Center,2026-08-14,13,4,100,71,29,33,66.08,71.0,MEDIUM
Anna Nagar Center,2026-08-14,14,4,100,84,16,38,83.72,84.0,HIGH
Anna Nagar Center,2026-08-14,15,4,100,65,35,31,63.34,65.0,MEDIUM
Anna Nagar Center,2026-08-14,16,4,100,66,34,24,62.55,66.0,MEDIUM
Anna Nagar Center,2026-08-14,17,4,100,52,48,18,58.08,52.0,MEDIUM
Anna Nagar Center,2026-08-14,18,4,100,66,34,25,64.0,66.0,MEDIUM
Anna Nagar Center,2026-08-14,19,4,100,77,23,35,67.64,77.0,MEDIUM
Anna Nagar Center,2026-08-14,20,4,100,66,34,24,58.19,66.0,MEDIUM
Anna Nagar Center,2026-08-14,21,4,100,69,31,22,54.37,69.0,MEDIUM
Anna Nagar Center,2026-08-14,22,4,100,18,82,6,26.68,18.0,LOW
Anna Nagar Center,2026-08-14,23,4,100,22,78,8,19.9,22.0,LOW
Guindy Corporate Park,2026-08-14,0,4,180,21,159,7,5.0,11.67,LOW
Guindy Corporate Park,2026-08-14,1,4,180,4,176,1,5.0,2.22,LOW
Guindy Corporate Park,2026-08-14,2,4,180,6,174,3,5.0,3.33,LOW
Guindy Corporate Park,2026-08-14,3,4,180,14,166,5,5.0,7.78,LOW
Guindy Corporate Park,2026-08-14,4,4,180,4,176,2,5.0,2.22,LOW
Guindy Corporate Park,2026-08-14,5,4,180,24,156,9,5.63,13.33,LOW
Guindy Corporate Park,2026-08-14,6,4,180,4,176,1,5.67,2.22,LOW
Guindy Corporate Park,2026-08-14,7,4,180,10,170,4,15.87,5.56,LOW
Guindy Corporate Park,2026-08-14,8,4,180,131,49,44,73.47,72.78,MEDIUM
Guindy Corporate Park,2026-08-14,9,4,180,138,42,58,82.56,76.67,MEDIUM
Guindy Corporate Park,2026-08-14,10,4,180,164,16,53,95.25,91.11,HIGH
Guindy Corporate Park,2026-08-14,11,4,180,174,6,69,96.88,96.67,HIGH
Guindy Corporate Park,2026-08-14,12,4,180,174,6,39,92.88,96.67,HIGH
Guindy Corporate Park,2026-08-14,13,4,180,162,18,39,94.98,90.0,HIGH
Guindy Corporate Park,2026-08-14,14,4,180,143,37,34,82.49,79.44,MEDIUM
Guindy Corporate Park,2026-08-14,15,4,180,160,20,78,92.8,88.89,HIGH
Guindy Corporate Park,2026-08-14,16,4,180,146,34,46,87.14,81.11,HIGH
Guindy Corporate Park,2026-08-14,17,4,180,105,75,46,53.39,58.33,MEDIUM
Guindy Corporate Park,2026-08-14,18,4,180,129,51,60,83.72,71.67,MEDIUM
Guindy Corporate Park,2026-08-14,19,4,180,126,54,41,63.98,70.0,MEDIUM
Guindy Corporate Park,2026-08-14,20,4,180,50,130,24,30.64,27.78,LOW
Guindy Corporate Park,2026-08-14,21,4,180,64,116,17,30.77,35.56,LOW
Guindy Corporate Park,2026-08-14,22,4,180,61,119,15,28.01,33.89,LOW
Guindy Corporate Park,2026-08-14,23,4,180,9,171,2,5.0,5.0,LOW
Chennai Mall,2026-08-15,0,5,150,44,106,21,19.08,29.33,LOW
Chennai Mall,2026-08-15,1,5,150,33,117,7,17.59,22.0,LOW
Chennai Mall,2026-08-15,2,5,150,12,138,4,9.13,8.0,LOW
Chennai Mall,2026-08-15,3,5,150,21,129,7,15.26,14.0,LOW
Chennai Mall,2026-08-15,4,5,150,16,134,6,6.3,10.67,LOW
Chennai Mall,2026-08-15,5,5,150,33,117,9,20.66,22.0,LOW
Chennai Mall,2026-08-15,6,5,150,35,115,12,19.78,23.33,LOW
Chennai Mall,2026-08-15,7,5,150,28,122,12,12.76,18.67,LOW
Chennai Mall,2026-08-15,8,5,150,33,117,7,17.97,22.0,LOW
Chennai Mall,2026-08-15,9,5,150,9,141,4,5.0,6.0,LOW
Chennai Mall,2026-08-15,10,5,150,30,120,11,21.55,20.0,LOW
Chennai Mall,2026-08-15,11,5,150,121,29,42,83.63,80.67,HIGH
Chennai Mall,2026-08-15,12,5,150,132,18,31,84.53,88.0,HIGH
Chennai Mall,2026-08-15,13,5,150,130,20,52,93.71,86.67,HIGH
Chennai Mall,2026-08-15,14,5,150,132,18,44,85.27,88.0,HIGH
Chennai Mall,2026-08-15,15,5,150,138,12,28,98.0,92.0,HIGH
Chennai Mall,2026-08-15,16,5,150,132,18,43,94.11,88.0,HIGH
Chennai Mall,2026-08-15,17,5,150,137,13,43,82.15,91.33,HIGH
Chennai Mall,2026-08-15,18,5,150,150,0,61,97.99,100.0,HIGH
Chennai Mall,2026-08-15,19,5,150,125,25,45,86.23,83.33,HIGH
Chennai Mall,2026-08-15,20,5,150,134,16,55,89.53,89.33,HIGH
Chennai Mall,2026-08-15,21,5,150,139,11,39,90.79,92.67,HIGH
Chennai Mall,2026-08-15,22,5,150,48,102,20,26.86,32.0,LOW
Chennai Mall,2026-08-15,23,5,150,72,78,28,41.43,48.0,LOW
T Nagar Commercial Hub,2026-08-15,0,5,120,38,82,12,28.83,31.67,LOW
T Nagar Commercial Hub,2026-08-15,1,5,120,44,76,10,43.33,36.67,LOW
T Nagar Commercial Hub,2026-08-15,2,5,120,41,79,10,35.8,34.17,LOW
T Nagar Commercial Hub,2026-08-15,3,5,120,12,108,5,11.18,10.0,LOW
T Nagar Commercial Hub,2026-08-15,4,5,120,51,69,15,40.55,42.5,LOW
T Nagar Commercial Hub,2026-08-15,5,5,120,31,89,7,35.7,25.83,LOW
T Nagar Commercial Hub,2026-08-15,6,5,120,42,78,10,40.74,35.0,LOW
T Nagar Commercial Hub,2026-08-15,7,5,120,35,85,15,24.65,29.17,LOW
T Nagar Commercial Hub,2026-08-15,8,5,120,28,92,7,26.73,23.33,LOW
T Nagar Commercial Hub,2026-08-15,9,5,120,32,88,8,33.16,26.67,LOW
T Nagar Commercial Hub,2026-08-15,10,5,120,36,84,8,40.43,30.0,LOW
T Nagar Commercial Hub,2026-08-15,11,5,120,119,1,47,98.0,99.17,HIGH
T Nagar Commercial Hub,2026-08-15,12,5,120,103,17,48,95.04,85.83,HIGH
T Nagar Commercial Hub,2026-08-15,13,5,120,114,6,54,93.4,95.0,HIGH
T Nagar Commercial Hub,2026-08-15,14,5,120,99,21,47,75.85,82.5,HIGH
T Nagar Commercial Hub,2026-08-15,15,5,120,106,14,27,85.99,88.33,HIGH
T Nagar Commercial Hub,2026-08-15,16,5,120,112,8,54,79.55,93.33,HIGH
T Nagar Commercial Hub,2026-08-15,17,5,120,107,13,32,86.4,89.17,HIGH
T Nagar Commercial Hub,2026-08-15,18,5,120,119,1,56,92.96,99.17,HIGH
T Nagar Commercial Hub,2026-08-15,19,5,120,103,17,27,87.0,85.83,HIGH
T Nagar Commercial Hub,2026-08-15,20,5,120,112,8,23,82.94,93.33,HIGH
T Nagar Commercial Hub,2026-08-15,21,5,120,102,18,22,97.14,85.0,HIGH
T Nagar Commercial Hub,2026-08-15,22,5,120,41,79,17,45.76,34.17,LOW
T Nagar Commercial Hub,2026-08-15,23,5,120,22,98,7,23.65,18.33,LOW
Velachery Metro Station,2026-08-15,0,5,200,45,155,22,28.63,22.5,LOW
Velachery Metro Station,2026-08-15,1,5,200,88,112,32,56.77,44.0,LOW
Velachery Metro Station,2026-08-15,2,5,200,59,141,29,28.61,29.5,LOW
Velachery Metro Station,2026-08-15,3,5,200,75,125,23,35.07,37.5,LOW
Velachery Metro Station,2026-08-15,4,5,200,95,105,38,53.22,47.5,LOW
Velachery Metro Station,2026-08-15,5,5,200,76,124,31,43.14,38.0,LOW
Velachery Metro Station,2026-08-15,6,5,200,43,157,12,28.93,21.5,LOW
Velachery Metro Station,2026-08-15,7,5,200,86,114,18,31.4,43.0,LOW
Velachery Metro Station,2026-08-15,8,5,200,61,139,17,28.14,30.5,LOW
Velachery Metro Station,2026-08-15,9,5,200,52,148,19,7.94,26.0,LOW
Velachery Metro Station,2026-08-15,10,5,200,74,126,16,35.4,37.0,LOW
Velachery Metro Station,2026-08-15,11,5,200,62,138,17,36.73,31.0,LOW
Velachery Metro Station,2026-08-15,12,5,200,76,124,33,46.89,38.0,LOW
Velachery Metro Station,2026-08-15,13,5,200,84,116,33,31.61,42.0,LOW
Velachery Metro Station,2026-08-15,14,5,200,52,148,15,33.8,26.0,LOW
Velachery Metro Station,2026-08-15,15,5,200,70,130,15,38.63,35.0,LOW
Velachery Metro Station,2026-08-15,16,5,200,85,115,38,31.59,42.5,LOW
Velachery Metro Station,2026-08-15,17,5,200,50,150,13,31.47,25.0,LOW
Velachery Metro Station,2026-08-15,18,5,200,88,112,21,40.96,44.0,LOW
Velachery Metro Station,2026-08-15,19,5,200,60,140,14,39.08,30.0,LOW
Velachery Metro Station,2026-08-15,20,5,200,97,103,28,48.05,48.5,LOW
Velachery Metro Station,2026-08-15,21,5,200,71,129,27,35.34,35.5,LOW
Velachery Metro Station,2026-08-15,22,5,200,75,125,22,39.36,37.5,LOW
Velachery Metro Station,2026-08-15,23,5,200,90,110,24,39.47,45.0,LOW
OMR IT Park,2026-08-15,0,5,300,49,251,18,13.02,16.33,LOW
OMR IT Park,2026-08-15,1,5,300,39,261,16,19.58,13.0,LOW
OMR IT Park,2026-08-15,2,5,300,49,251,20,16.3,16.33,LOW
OMR IT Park,2026-08-15,3,5,300,37,263,14,15.22,12.33,LOW
OMR IT Park,2026-08-15,4,5,300,31,269,12,14.45,10.33,LOW
OMR IT Park,2026-08-15,5,5,300,28,272,12,16.99,9.33,LOW
OMR IT Park,2026-08-15,6,5,300,18,282,7,15.87,6.0,LOW
OMR IT Park,2026-08-15,7,5,300,38,262,19,7.41,12.67,LOW
OMR IT Park,2026-08-15,8,5,300,52,248,22,15.66,17.33,LOW
OMR IT Park,2026-08-15,9,5,300,19,281,4,20.02,6.33,LOW
OMR IT Park,2026-08-15,10,5,300,50,250,20,10.28,16.67,LOW
OMR IT Park,2026-08-15,11,5,300,56,244,21,15.83,18.67,LOW
OMR IT Park,2026-08-15,12,5,300,46,254,21,18.68,15.33,LOW
OMR IT Park,2026-08-15,13,5,300,15,285,5,12.22,5.0,LOW
OMR IT Park,2026-08-15,14,5,300,36,264,8,9.32,12.0,LOW
OMR IT Park,2026-08-15,15,5,300,16,284,7,5.0,5.33,LOW
OMR IT Park,2026-08-15,16,5,300,49,251,21,15.45,16.33,LOW
OMR IT Park,2026-08-15,17,5,300,33,267,9,6.23,11.0,LOW
OMR IT Park,2026-08-15,18,5,300,10,290,5,10.71,3.33,LOW
OMR IT Park,2026-08-15,19,5,300,46,254,13,24.31,15.33,LOW
OMR IT Park,2026-08-15,20,5,300,43,257,10,10.77,14.33,LOW
OMR IT Park,2026-08-15,21,5,300,59,241,21,18.1,19.67,LOW
OMR IT Park,2026-08-15,22,5,300,41,259,14,10.12,13.67,LOW
OMR IT Park,2026-08-15,23,5,300,23,277,11,15.95,7.67,LOW
Anna Nagar Center,2026-08-15,0,5,100,24,76,9,33.48,24.0,LOW
Anna Nagar Center,2026-08-15,1,5,100,23,77,11,28.71,23.0,LOW
Anna Nagar Center,2026-08-15,2,5,100,27,73,8,20.76,27.0,LOW
Anna Nagar Center,2026-08-15,3,5,100,21,79,5,10.97,21.0,LOW
Anna Nagar Center,2026-08-15,4,5,100,15,85,3,18.69,15.0,LOW
Anna Nagar Center,2026-08-15,5,5,100,31,69,15,31.12,31.0,LOW
Anna Nagar Center,2026-08-15,6,5,100,39,61,14,42.14,39.0,LOW
Anna Nagar Center,2026-08-15,7,5,100,21,79,9,15.72,21.0,LOW
Anna Nagar Center,2026-08-15,8,5,100,31,69,11,27.88,31.0,LOW
Anna Nagar Center,2026-08-15,9,5,100,31,69,13,27.25,31.0,LOW
Anna Nagar Center,2026-08-15,10,5,100,17,83,8,15.21,17.0,LOW
Anna Nagar Center,2026-08-15,11,5,100,30,70,9,26.38,30.0,LOW
Anna Nagar Center,2026-08-15,12,5,100,76,24,21,78.34,76.0,MEDIUM
Anna Nagar Center,2026-08-15,13,5,100,75,25,15,75.84,75.0,MEDIUM
Anna Nagar Center,2026-08-15,14,5,100,91,9,24,86.29,91.0,HIGH
Anna Nagar Center,2026-08-15,15,5,100,87,13,24,87.9,87.0,HIGH
Anna Nagar Center,2026-08-15,16,5,100,83,17,21,84.79,83.0,HIGH
Anna Nagar Center,2026-08-15,17,5,100,93,7,23,88.94,93.0,HIGH
Anna Nagar Center,2026-08-15,18,5,100,90,10,40,86.34,90.0,HIGH
Anna Nagar Center,2026-08-15,19,5,100,85,15,20,87.1,85.0,HIGH
Anna Nagar Center,2026-08-15,20,5,100,74,26,21,68.82,74.0,MEDIUM
Anna Nagar Center,2026-08-15,21,5,100,72,28,25,67.95,72.0,MEDIUM
Anna Nagar Center,2026-08-15,22,5,100,75,25,21,75.58,75.0,MEDIUM
Anna Nagar Center,2026-08-15,23,5,100,19,81,4,19.04,19.0,LOW
Guindy Corporate Park,2026-08-15,0,5,180,12,168,6,5.0,6.67,LOW
Guindy Corporate Park,2026-08-15,1,5,180,39,141,10,19.41,21.67,LOW
Guindy Corporate Park,2026-08-15,2,5,180,22,158,6,11.84,12.22,LOW
Guindy Corporate Park,2026-08-15,3,5,180,29,151,6,22.31,16.11,LOW
Guindy Corporate Park,2026-08-15,4,5,180,6,174,2,5.0,3.33,LOW
Guindy Corporate Park,2026-08-15,5,5,180,16,164,5,11.2,8.89,LOW
Guindy Corporate Park,2026-08-15,6,5,180,23,157,11,9.03,12.78,LOW
Guindy Corporate Park,2026-08-15,7,5,180,24,156,10,24.52,13.33,LOW
Guindy Corporate Park,2026-08-15,8,5,180,25,155,12,12.18,13.89,LOW
Guindy Corporate Park,2026-08-15,9,5,180,14,166,4,5.15,7.78,LOW
Guindy Corporate Park,2026-08-15,10,5,180,37,143,9,13.58,20.56,LOW
Guindy Corporate Park,2026-08-15,11,5,180,17,163,6,8.45,9.44,LOW
Guindy Corporate Park,2026-08-15,12,5,180,15,165,6,5.0,8.33,LOW
Guindy Corporate Park,2026-08-15,13,5,180,4,176,1,5.99,2.22,LOW
Guindy Corporate Park,2026-08-15,14,5,180,39,141,18,22.7,21.67,LOW
Guindy Corporate Park,2026-08-15,15,5,180,35,145,17,18.36,19.44,LOW
Guindy Corporate Park,2026-08-15,16,5,180,33,147,10,15.1,18.33,LOW
Guindy Corporate Park,2026-08-15,17,5,180,24,156,11,15.01,13.33,LOW
Guindy Corporate Park,2026-08-15,18,5,180,42,138,15,10.15,23.33,LOW
Guindy Corporate Park,2026-08-15,19,5,180,30,150,12,13.19,16.67,LOW
Guindy Corporate Park,2026-08-15,20,5,180,19,161,9,7.56,10.56,LOW
Guindy Corporate Park,2026-08-15,21,5,180,31,149,14,18.17,17.22,LOW
Guindy Corporate Park,2026-08-15,22,5,180,25,155,8,10.72,13.89,LOW
Guindy Corporate Park,2026-08-15,23,5,180,26,154,8,20.44,14.44,LOW
Chennai Mall,2026-08-16,0,6,150,36,114,16,17.23,24.0,LOW
Chennai Mall,2026-08-16,1,6,150,25,125,9,19.44,16.67,LOW
Chennai Mall,2026-08-16,2,6,150,9,141,3,11.9,6.0,LOW
Chennai Mall,2026-08-16,3,6,150,13,137,3,6.56,8.67,LOW
Chennai Mall,2026-08-16,4,6,150,39,111,16,17.53,26.0,LOW
Chennai Mall,2026-08-16,5,6,150,13,137,6,5.0,8.67,LOW
Chennai Mall,2026-08-16,6,6,150,30,120,13,15.19,20.0,LOW
Chennai Mall,2026-08-16,7,6,150,36,114,15,28.02,24.0,LOW
Chennai Mall,2026-08-16,8,6,150,20,130,8,5.0,13.33,LOW
Chennai Mall,2026-08-16,9,6,150,38,112,14,24.63,25.33,LOW
Chennai Mall,2026-08-16,10,6,150,27,123,11,20.13,18.0,LOW
Chennai Mall,2026-08-16,11,6,150,116,34,40,67.54,77.33,MEDIUM
Chennai Mall,2026-08-16,12,6,150,113,37,51,75.79,75.33,MEDIUM
Chennai Mall,2026-08-16,13,6,150,125,25,47,90.14,83.33,HIGH
Chennai Mall,2026-08-16,14,6,150,120,30,44,88.11,80.0,HIGH
Chennai Mall,2026-08-16,15,6,150,126,24,27,97.89,84.0,HIGH
Chennai Mall,2026-08-16,16,6,150,144,6,41,93.51,96.0,HIGH
Chennai Mall,2026-08-16,17,6,150,145,5,32,97.78,96.67,HIGH
Chennai Mall,2026-08-16,18,6,150,126,24,42,84.43,84.0,HIGH
Chennai Mall,2026-08-16,19,6,150,129,21,61,92.35,86.0,HIGH
Chennai Mall,2026-08-16,20,6,150,136,14,50,92.27,90.67,HIGH
Chennai Mall,2026-08-16,21,6,150,140,10,55,93.04,93.33,HIGH
Chennai Mall,2026-08-16,22,6,150,42,108,17,33.11,28.0,LOW
Chennai Mall,2026-08-16,23,6,150,46,104,14,20.41,30.67,LOW
T Nagar Commercial Hub,2026-08-16,0,6,120,45,75,14,35.96,37.5,LOW
T Nagar Commercial Hub,2026-08-16,1,6,120,42,78,18,40.1,35.0,LOW
T Nagar Commercial Hub,2026-08-16,2,6,120,29,91,6,29.74,24.17,LOW
T Nagar Commercial Hub,2026-08-16,3,6,120,41,79,9,24.65,34.17,LOW
T Nagar Commercial Hub,2026-08-16,4,6,120,25,95,11,6.5,20.83,LOW
T Nagar Commercial Hub,2026-08-16,5,6,120,39,81,15,33.63,32.5,LOW
T Nagar Commercial Hub,2026-08-16,6,6,120,34,86,15,31.93,28.33,LOW
T Nagar Commercial Hub,2026-08-16,7,6,120,24,96,7,17.69,20.0,LOW
T Nagar Commercial Hub,2026-08-16,8,6,120,29,91,8,31.1,24.17,LOW
T Nagar Commercial Hub,2026-08-16,9,6,120,22,98,9,24.22,18.33,LOW
T Nagar Commercial Hub,2026-08-16,10,6,120,41,79,8,35.09,34.17,LOW
T Nagar Commercial Hub,2026-08-16,11,6,120,109,11,36,95.25,90.83,HIGH
T Nagar Commercial Hub,2026-08-16,12,6,120,113,7,42,90.12,94.17,HIGH
T Nagar Commercial Hub,2026-08-16,13,6,120,102,18,22,85.29,85.0,HIGH
T Nagar Commercial Hub,2026-08-16,14,6,120,109,11,54,91.11,90.83,HIGH
T Nagar Commercial Hub,2026-08-16,15,6,120,105,15,24,94.03,87.5,HIGH
T Nagar Commercial Hub,2026-08-16,16,6,120,110,10,37,96.05,91.67,HIGH
T Nagar Commercial Hub,2026-08-16,17,6,120,104,16,44,89.91,86.67,HIGH
T Nagar Commercial Hub,2026-08-16,18,6,120,112,8,30,79.23,93.33,HIGH
T Nagar Commercial Hub,2026-08-16,19,6,120,101,19,43,90.62,84.17,HIGH
T Nagar Commercial Hub,2026-08-16,20,6,120,102,18,43,89.25,85.0,HIGH
T Nagar Commercial Hub,2026-08-16,21,6,120,102,18,40,88.62,85.0,HIGH
T Nagar Commercial Hub,2026-08-16,22,6,120,38,82,15,22.72,31.67,LOW
T Nagar Commercial Hub,2026-08-16,23,6,120,19,101,8,23.86,15.83,LOW
Velachery Metro Station,2026-08-16,0,6,200,70,130,29,31.35,35.0,LOW
Velachery Metro Station,2026-08-16,1,6,200,67,133,29,38.81,33.5,LOW
Velachery Metro Station,2026-08-16,2,6,200,54,146,16,30.99,27.0,LOW
Velachery Metro Station,2026-08-16,3,6,200,83,117,33,37.68,41.5,LOW
Velachery Metro Station,2026-08-16,4,6,200,90,110,33,45.64,45.0,LOW
Velachery Metro Station,2026-08-16,5,6,200,72,128,29,27.46,36.0,LOW
Velachery Metro Station,2026-08-16,6,6,200,41,159,15,28.69,20.5,LOW
Velachery Metro Station,2026-08-16,7,6,200,68,132,29,25.79,34.0,LOW
Velachery Metro Station,2026-08-16,8,6,200,57,143,25,35.92,28.5,LOW
Velachery Metro Station,2026-08-16,9,6,200,76,124,20,45.97,38.0,LOW
Velachery Metro Station,2026-08-16,10,6,200,57,143,15,27.42,28.5,LOW
Velachery Metro Station,2026-08-16,11,6,200,85,115,42,43.23,42.5,LOW
Velachery Metro Station,2026-08-16,12,6,200,87,113,22,46.85,43.5,LOW
Velachery Metro Station,2026-08-16,13,6,200,103,97,24,48.78,51.5,MEDIUM
Velachery Metro Station,2026-08-16,14,6,200,102,98,41,46.4,51.0,MEDIUM
Velachery Metro Station,2026-08-16,15,6,200,104,96,44,50.93,52.0,MEDIUM
Velachery Metro Station,2026-08-16,16,6,200,44,156,20,26.87,22.0,LOW
Velachery Metro Station,2026-08-16,17,6,200,44,156,11,22.73,22.0,LOW
Velachery Metro Station,2026-08-16,18,6,200,96,104,41,45.03,48.0,LOW
Velachery Metro Station,2026-08-16,19,6,200,70,130,34,30.86,35.0,LOW
Velachery Metro Station,2026-08-16,20,6,200,46,154,15,16.94,23.0,LOW
Velachery Metro Station,2026-08-16,21,6,200,68,132,32,23.45,34.0,LOW
Velachery Metro Station,2026-08-16,22,6,200,54,146,12,19.34,27.0,LOW
Velachery Metro Station,2026-08-16,23,6,200,74,126,24,33.29,37.0,LOW
OMR IT Park,2026-08-16,0,6,300,51,249,11,16.76,17.0,LOW
OMR IT Park,2026-08-16,1,6,300,42,258,11,16.25,14.0,LOW
OMR IT Park,2026-08-16,2,6,300,28,272,14,5.0,9.33,LOW
OMR IT Park,2026-08-16,3,6,300,27,273,9,13.52,9.0,LOW
OMR IT Park,2026-08-16,4,6,300,31,269,12,10.84,10.33,LOW
OMR IT Park,2026-08-16,5,6,300,33,267,10,5.0,11.0,LOW
OMR IT Park,2026-08-16,6,6,300,14,286,7,5.0,4.67,LOW
OMR IT Park,2026-08-16,7,6,300,32,268,8,5.0,10.67,LOW
OMR IT Park,2026-08-16,8,6,300,60,240,25,20.67,20.0,LOW
OMR IT Park,2026-08-16,9,6,300,33,267,9,13.91,11.0,LOW
OMR IT Park,2026-08-16,10,6,300,23,277,6,5.0,7.67,LOW
OMR IT Park,2026-08-16,11,6,300,52,248,19,13.47,17.33,LOW
OMR IT Park,2026-08-16,12,6,300,52,248,11,15.06,17.33,LOW
OMR IT Park,2026-08-16,13,6,300,27,273,9,9.81,9.0,LOW
OMR IT Park,2026-08-16,14,6,300,22,278,11,6.4,7.33,LOW
OMR IT Park,2026-08-16,15,6,300,39,261,8,12.46,13.0,LOW
OMR IT Park,2026-08-16,16,6,300,28,272,8,5.0,9.33,LOW
OMR IT Park,2026-08-16,17,6,300,11,289,3,5.0,3.67,LOW
OMR IT Park,2026-08-16,18,6,300,34,266,9,6.48,11.33,LOW
OMR IT Park,2026-08-16,19,6,300,53,247,12,15.99,17.67,LOW
OMR IT Park,2026-08-16,20,6,300,27,273,7,9.44,9.0,LOW
OMR IT Park,2026-08-16,21,6,300,17,283,8,8.11,5.67,LOW
OMR IT Park,2026-08-16,22,6,300,63,237,21,17.15,21.0,LOW
OMR IT Park,2026-08-16,23,6,300,44,256,18,16.07,14.67,LOW
Anna Nagar Center,2026-08-16,0,6,100,18,82,4,22.44,18.0,LOW
Anna Nagar Center,2026-08-16,1,6,100,19,81,9,24.85,19.0,LOW
Anna Nagar Center,2026-08-16,2,6,100,22,78,5,18.87,22.0,LOW
Anna Nagar Center,2026-08-16,3,6,100,23,77,10,26.64,23.0,LOW
Anna Nagar Center,2026-08-16,4,6,100,40,60,16,36.47,40.0,LOW
Anna Nagar Center,2026-08-16,5,6,100,30,70,11,36.08,30.0,LOW
Anna Nagar Center,2026-08-16,6,6,100,24,76,8,20.53,24.0,LOW
Anna Nagar Center,2026-08-16,7,6,100,25,75,7,22.93,25.0,LOW
Anna Nagar Center,2026-08-16,8,6,100,21,79,10,20.25,21.0,LOW
Anna Nagar Center,2026-08-16,9,6,100,19,81,5,23.66,19.0,LOW
Anna Nagar Center,2026-08-16,10,6,100,41,59,18,34.62,41.0,LOW
Anna Nagar Center,2026-08-16,11,6,100,28,72,7,34.63,28.0,LOW
Anna Nagar Center,2026-08-16,12,6,100,87,13,43,90.65,87.0,HIGH
Anna Nagar Center,2026-08-16,13,6,100,86,14,22,78.23,86.0,HIGH
Anna Nagar Center,2026-08-16,14,6,100,91,9,35,91.14,91.0,HIGH
Anna Nagar Center,2026-08-16,15,6,100,90,10,43,98.0,90.0,HIGH
Anna Nagar Center,2026-08-16,16,6,100,76,24,37,79.68,76.0,MEDIUM
Anna Nagar Center,2026-08-16,17,6,100,75,25,25,74.5,75.0,MEDIUM
Anna Nagar Center,2026-08-16,18,6,100,73,27,31,81.45,73.0,MEDIUM
Anna Nagar Center,2026-08-16,19,6,100,76,24,24,71.33,76.0,MEDIUM
Anna Nagar Center,2026-08-16,20,6,100,71,29,16,67.54,71.0,MEDIUM
Anna Nagar Center,2026-08-16,21,6,100,73,27,17,74.98,73.0,MEDIUM
Anna Nagar Center,2026-08-16,22,6,100,86,14,32,88.38,86.0,HIGH
Anna Nagar Center,2026-08-16,23,6,100,22,78,11,8.46,22.0,LOW
Guindy Corporate Park,2026-08-16,0,6,180,15,165,5,11.74,8.33,LOW
Guindy Corporate Park,2026-08-16,1,6,180,4,176,2,7.13,2.22,LOW
Guindy Corporate Park,2026-08-16,2,6,180,27,153,10,20.33,15.0,LOW
Guindy Corporate Park,2026-08-16,3,6,180,30,150,6,14.28,16.67,LOW
Guindy Corporate Park,2026-08-16,4,6,180,14,166,7,7.33,7.78,LOW
Guindy Corporate Park,2026-08-16,5,6,180,19,161,7,18.48,10.56,LOW
Guindy Corporate Park,2026-08-16,6,6,180,16,164,6,5.0,8.89,LOW
Guindy Corporate Park,2026-08-16,7,6,180,20,160,8,18.52,11.11,LOW
Guindy Corporate Park,2026-08-16,8,6,180,12,168,4,12.51,6.67,LOW
Guindy Corporate Park,2026-08-16,9,6,180,22,158,5,6.31,12.22,LOW
Guindy Corporate Park,2026-08-16,10,6,180,10,170,2,5.7,5.56,LOW
Guindy Corporate Park,2026-08-16,11,6,180,23,157,5,16.57,12.78,LOW
Guindy Corporate Park,2026-08-16,12,6,180,15,165,6,7.02,8.33,LOW
Guindy Corporate Park,2026-08-16,13,6,180,14,166,4,6.5,7.78,LOW
Guindy Corporate Park,2026-08-16,14,6,180,18,162,5,5.0,10.0,LOW
Guindy Corporate Park,2026-08-16,15,6,180,22,158,9,24.3,12.22,LOW
Guindy Corporate Park,2026-08-16,16,6,180,15,165,6,13.74,8.33,LOW
Guindy Corporate Park,2026-08-16,17,6,180,10,170,3,17.96,5.56,LOW
Guindy Corporate Park,2026-08-16,18,6,180,18,162,6,9.27,10.0,LOW
Guindy Corporate Park,2026-08-16,19,6,180,12,168,3,15.65,6.67,LOW
Guindy Corporate Park,2026-08-16,20,6,180,30,150,14,22.28,16.67,LOW
Guindy Corporate Park,2026-08-16,21,6,180,30,150,10,13.4,16.67,LOW
Guindy Corporate Park,2026-08-16,22,6,180,18,162,8,13.29,10.0,LOW
Guindy Corporate Park,2026-08-16,23,6,180,34,146,8,19.03,18.89,LOW
Chennai Mall,2026-08-17,0,0,150,37,113,16,25.36,24.67,LOW
Chennai Mall,2026-08-17,1,0,150,7,143,2,9.34,4.67,LOW
Chennai Mall,2026-08-17,2,0,150,15,135,3,12.88,10.0,LOW
Chennai Mall,2026-08-17,3,0,150,19,131,5,23.23,12.67,LOW
Chennai Mall,2026-08-17,4,0,150,34,116,8,22.04,22.67,LOW
Chennai Mall,2026-08-17,5,0,150,31,119,10,20.63,20.67,LOW
Chennai Mall,2026-08-17,6,0,150,7,143,3,12.1,4.67,LOW
Chennai Mall,2026-08-17,7,0,150,31,119,11,20.52,20.67,LOW
Chennai Mall,2026-08-17,8,0,150,29,121,11,29.24,19.33,LOW
Chennai Mall,2026-08-17,9,0,150,25,125,10,31.82,16.67,LOW
Chennai Mall,2026-08-17,10,0,150,13,137,5,5.0,8.67,LOW
Chennai Mall,2026-08-17,11,0,150,35,115,9,26.21,23.33,LOW
Chennai Mall,2026-08-17,12,0,150,75,75,21,54.77,50.0,MEDIUM
Chennai Mall,2026-08-17,13,0,150,66,84,32,44.24,44.0,LOW
Chennai Mall,2026-08-17,14,0,150,83,67,31,59.02,55.33,MEDIUM
Chennai Mall,2026-08-17,15,0,150,90,60,37,58.29,60.0,MEDIUM
Chennai Mall,2026-08-17,16,0,150,13,137,5,5.1,8.67,LOW
Chennai Mall,2026-08-17,17,0,150,107,43,34,75.69,71.33,MEDIUM
Chennai Mall,2026-08-17,18,0,150,109,41,37,74.51,72.67,MEDIUM
Chennai Mall,2026-08-17,19,0,150,131,19,61,88.39,87.33,HIGH
Chennai Mall,2026-08-17,20,0,150,117,33,33,90.86,78.0,MEDIUM
Chennai Mall,2026-08-17,21,0,150,98,52,32,67.54,65.33,MEDIUM
Chennai Mall,2026-08-17,22,0,150,28,122,13,22.35,18.67,LOW
Chennai Mall,2026-08-17,23,0,150,60,90,30,42.41,40.0,LOW
T Nagar Commercial Hub,2026-08-17,0,0,120,7,113,3,11.79,5.83,LOW
T Nagar Commercial Hub,2026-08-17,1,0,120,14,106,5,10.01,11.67,LOW
T Nagar Commercial Hub,2026-08-17,2,0,120,12,108,3,9.03,10.0,LOW
T Nagar Commercial Hub,2026-08-17,3,0,120,18,102,6,15.71,15.0,LOW
T Nagar Commercial Hub,2026-08-17,4,0,120,19,101,8,18.27,15.83,LOW
T Nagar Commercial Hub,2026-08-17,5,0,120,9,111,4,5.0,7.5,LOW
T Nagar Commercial Hub,2026-08-17,6,0,120,13,107,5,9.93,10.83,LOW
T Nagar Commercial Hub,2026-08-17,7,0,120,17,103,4,23.36,14.17,LOW
T Nagar Commercial Hub,2026-08-17,8,0,120,19,101,9,6.5,15.83,LOW
T Nagar Commercial Hub,2026-08-17,9,0,120,12,108,5,15.74,10.0,LOW
T Nagar Commercial Hub,2026-08-17,10,0,120,94,26,25,70.69,78.33,MEDIUM
T Nagar Commercial Hub,2026-08-17,11,0,120,94,26,45,80.21,78.33,MEDIUM
T Nagar Commercial Hub,2026-08-17,12,0,120,101,19,21,84.62,84.17,HIGH
T Nagar Commercial Hub,2026-08-17,13,0,120,86,34,31,67.51,71.67,MEDIUM
T Nagar Commercial Hub,2026-08-17,14,0,120,96,24,43,67.95,80.0,HIGH
T Nagar Commercial Hub,2026-08-17,15,0,120,82,38,31,67.67,68.33,MEDIUM
T Nagar Commercial Hub,2026-08-17,16,0,120,84,36,18,78.88,70.0,MEDIUM
T Nagar Commercial Hub,2026-08-17,17,0,120,78,42,35,70.55,65.0,MEDIUM
T Nagar Commercial Hub,2026-08-17,18,0,120,81,39,24,61.81,67.5,MEDIUM
T Nagar Commercial Hub,2026-08-17,19,0,120,68,52,21,63.89,56.67,MEDIUM
T Nagar Commercial Hub,2026-08-17,20,0,120,64,56,30,52.93,53.33,MEDIUM
T Nagar Commercial Hub,2026-08-17,21,0,120,65,55,26,66.74,54.17,MEDIUM
T Nagar Commercial Hub,2026-08-17,22,0,120,62,58,16,44.1,51.67,MEDIUM
T Nagar Commercial Hub,2026-08-17,23,0,120,26,94,8,15.53,21.67,LOW
Velachery Metro Station,2026-08-17,0,0,200,37,163,9,12.72,18.5,LOW
Velachery Metro Station,2026-08-17,1,0,200,25,175,11,7.32,12.5,LOW
Velachery Metro Station,2026-08-17,2,0,200,33,167,15,13.07,16.5,LOW
Velachery Metro Station,2026-08-17,3,0,200,28,172,10,12.6,14.0,LOW
Velachery Metro Station,2026-08-17,4,0,200,22,178,6,14.74,11.0,LOW
Velachery Metro Station,2026-08-17,5,0,200,24,176,6,19.11,12.0,LOW
Velachery Metro Station,2026-08-17,6,0,200,43,157,20,10.11,21.5,LOW
Velachery Metro Station,2026-08-17,7,0,200,168,32,78,82.4,84.0,HIGH
Velachery Metro Station,2026-08-17,8,0,200,190,10,71,90.61,95.0,HIGH
Velachery Metro Station,2026-08-17,9,0,200,174,26,68,85.04,87.0,HIGH
Velachery Metro Station,2026-08-17,10,0,200,192,8,65,93.34,96.0,HIGH
Velachery Metro Station,2026-08-17,11,0,200,162,38,64,81.72,81.0,HIGH
Velachery Metro Station,2026-08-17,12,0,200,148,52,65,63.62,74.0,MEDIUM
Velachery Metro Station,2026-08-17,13,0,200,171,29,79,83.68,85.5,HIGH
Velachery Metro Station,2026-08-17,14,0,200,174,26,74,92.3,87.0,HIGH
Velachery Metro Station,2026-08-17,15,0,200,148,52,66,80.29,74.0,MEDIUM
Velachery Metro Station,2026-08-17,16,0,200,171,29,65,95.57,85.5,HIGH
Velachery Metro Station,2026-08-17,17,0,200,195,5,95,98.0,97.5,HIGH
Velachery Metro Station,2026-08-17,18,0,200,200,0,89,96.78,100.0,HIGH
Velachery Metro Station,2026-08-17,19,0,200,168,32,68,78.4,84.0,HIGH
Velachery Metro Station,2026-08-17,20,0,200,167,33,72,80.59,83.5,HIGH
Velachery Metro Station,2026-08-17,21,0,200,79,121,34,46.16,39.5,LOW
Velachery Metro Station,2026-08-17,22,0,200,85,115,26,45.49,42.5,LOW
Velachery Metro Station,2026-08-17,23,0,200,114,86,33,57.99,57.0,MEDIUM
OMR IT Park,2026-08-17,0,0,300,9,291,3,5.0,3.0,LOW
OMR IT Park,2026-08-17,1,0,300,24,276,6,6.09,8.0,LOW
OMR IT Park,2026-08-17,2,0,300,6,294,3,9.43,2.0,LOW
OMR IT Park,2026-08-17,3,0,300,7,293,2,5.0,2.33,LOW
OMR IT Park,2026-08-17,4,0,300,12,288,2,5.0,4.0,LOW
OMR IT Park,2026-08-17,5,0,300,6,294,1,5.0,2.0,LOW
OMR IT Park,2026-08-17,6,0,300,11,289,5,5.0,3.67,LOW
OMR IT Park,2026-08-17,7,0,300,37,263,14,13.63,12.33,LOW
OMR IT Park,2026-08-17,8,0,300,254,46,115,84.93,84.67,HIGH
OMR IT Park,2026-08-17,9,0,300,242,58,81,85.39,80.67,HIGH
OMR IT Park,2026-08-17,10,0,300,256,44,78,84.09,85.33,HIGH
OMR IT Park,2026-08-17,11,0,300,276,24,101,84.33,92.0,HIGH
OMR IT Park,2026-08-17,12,0,300,288,12,60,98.0,96.0,HIGH
OMR IT Park,2026-08-17,13,0,300,286,14,59,95.03,95.33,HIGH
OMR IT Park,2026-08-17,14,0,300,247,53,118,93.55,82.33,HIGH
OMR IT Park,2026-08-17,15,0,300,263,37,56,98.0,87.67,HIGH
OMR IT Park,2026-08-17,16,0,300,282,18,92,98.0,94.0,HIGH
OMR IT Park,2026-08-17,17,0,300,198,102,79,68.41,66.0,MEDIUM
OMR IT Park,2026-08-17,18,0,300,217,83,83,72.74,72.33,MEDIUM
OMR IT Park,2026-08-17,19,0,300,195,105,77,61.68,65.0,MEDIUM
OMR IT Park,2026-08-17,20,0,300,90,210,34,24.51,30.0,LOW
OMR IT Park,2026-08-17,21,0,300,59,241,15,18.39,19.67,LOW
OMR IT Park,2026-08-17,22,0,300,89,211,24,27.73,29.67,LOW
OMR IT Park,2026-08-17,23,0,300,10,290,3,5.0,3.33,LOW
Anna Nagar Center,2026-08-17,0,0,100,22,78,5,18.53,22.0,LOW
Anna Nagar Center,2026-08-17,1,0,100,24,76,10,31.81,24.0,LOW
Anna Nagar Center,2026-08-17,2,0,100,21,79,8,23.3,21.0,LOW
Anna Nagar Center,2026-08-17,3,0,100,11,89,3,10.2,11.0,LOW
Anna Nagar Center,2026-08-17,4,0,100,28,72,13,30.82,28.0,LOW
Anna Nagar Center,2026-08-17,5,0,100,26,74,5,16.73,26.0,LOW
Anna Nagar Center,2026-08-17,6,0,100,14,86,3,15.36,14.0,LOW
Anna Nagar Center,2026-08-17,7,0,100,13,87,5,9.06,13.0,LOW
Anna Nagar Center,2026-08-17,8,0,100,57,43,28,41.26,57.0,MEDIUM
Anna Nagar Center,2026-08-17,9,0,100,61,39,19,66.44,61.0,MEDIUM
Anna Nagar Center,2026-08-17,10,0,100,64,36,22,61.61,64.0,MEDIUM
Anna Nagar Center,2026-08-17,11,0,100,61,39,25,59.05,61.0,MEDIUM
Anna Nagar Center,2026-08-17,12,0,100,81,19,38,86.8,81.0,HIGH
Anna Nagar Center,2026-08-17,13,0,100,78,22,32,73.35,78.0,MEDIUM
Anna Nagar Center,2026-08-17,14,0,100,75,25,28,80.54,75.0,MEDIUM
Anna Nagar Center,2026-08-17,15,0,100,65,35,17,70.21,65.0,MEDIUM
Anna Nagar Center,2026-08-17,16,0,100,44,56,11,45.93,44.0,LOW
Anna Nagar Center,2026-08-17,17,0,100,58,42,16,57.0,58.0,MEDIUM
Anna Nagar Center,2026-08-17,18,0,100,72,28,23,85.72,72.0,MEDIUM
Anna Nagar Center,2026-08-17,19,0,100,82,18,17,76.99,82.0,HIGH
Anna Nagar Center,2026-08-17,20,0,100,77,23,29,63.88,77.0,MEDIUM
Anna Nagar Center,2026-08-17,21,0,100,84,16,19,84.74,84.0,HIGH
Anna Nagar Center,2026-08-17,22,0,100,11,89,5,18.79,11.0,LOW
Anna Nagar Center,2026-08-17,23,0,100,13,87,4,7.6,13.0,LOW
Guindy Corporate Park,2026-08-17,0,0,180,13,167,6,5.0,7.22,LOW
Guindy Corporate Park,2026-08-17,1,0,180,8,172,3,9.15,4.44,LOW
Guindy Corporate Park,2026-08-17,2,0,180,17,163,6,8.62,9.44,LOW
Guindy Corporate Park,2026-08-17,3,0,180,18,162,6,15.29,10.0,LOW
Guindy Corporate Park,2026-08-17,4,0,180,9,171,3,10.72,5.0,LOW
Guindy Corporate Park,2026-08-17,5,0,180,12,168,6,14.31,6.67,LOW
Guindy Corporate Park,2026-08-17,6,0,180,4,176,1,5.0,2.22,LOW
Guindy Corporate Park,2026-08-17,7,0,180,20,160,6,12.68,11.11,LOW
Guindy Corporate Park,2026-08-17,8,0,180,166,14,65,92.78,92.22,HIGH
Guindy Corporate Park,2026-08-17,9,0,180,145,35,54,79.91,80.56,HIGH
Guindy Corporate Park,2026-08-17,10,0,180,129,51,37,69.42,71.67,MEDIUM
Guindy Corporate Park,2026-08-17,11,0,180,161,19,59,97.94,89.44,HIGH
Guindy Corporate Park,2026-08-17,12,0,180,164,16,69,98.0,91.11,HIGH
Guindy Corporate Park,2026-08-17,13,0,180,180,0,83,98.0,100.0,HIGH
Guindy Corporate Park,2026-08-17,14,0,180,169,11,79,87.33,93.89,HIGH
Guindy Corporate Park,2026-08-17,15,0,180,155,25,64,78.27,86.11,HIGH
Guindy Corporate Park,2026-08-17,16,0,180,141,39,40,65.36,78.33,MEDIUM
Guindy Corporate Park,2026-08-17,17,0,180,112,68,46,59.16,62.22,MEDIUM
Guindy Corporate Park,2026-08-17,18,0,180,125,55,51,72.62,69.44,MEDIUM
Guindy Corporate Park,2026-08-17,19,0,180,112,68,56,83.98,62.22,MEDIUM
Guindy Corporate Park,2026-08-17,20,0,180,53,127,14,33.34,29.44,LOW
Guindy Corporate Park,2026-08-17,21,0,180,34,146,11,30.68,18.89,LOW
Guindy Corporate Park,2026-08-17,22,0,180,38,142,10,13.64,21.11,LOW
Guindy Corporate Park,2026-08-17,23,0,180,21,159,7,5.0,11.67,LOW
Chennai Mall,2026-08-18,0,1,150,22,128,10,14.58,14.67,LOW
Chennai Mall,2026-08-18,1,1,150,6,144,2,5.0,4.0,LOW
Chennai Mall,2026-08-18,2,1,150,17,133,4,14.74,11.33,LOW
Chennai Mall,2026-08-18,3,1,150,17,133,4,7.51,11.33,LOW
Chennai Mall,2026-08-18,4,1,150,25,125,10,22.95,16.67,LOW
Chennai Mall,2026-08-18,5,1,150,31,119,10,20.37,20.67,LOW
Chennai Mall,2026-08-18,6,1,150,12,138,3,10.23,8.0,LOW
Chennai Mall,2026-08-18,7,1,150,23,127,6,28.98,15.33,LOW
Chennai Mall,2026-08-18,8,1,150,18,132,9,7.43,12.0,LOW
Chennai Mall,2026-08-18,9,1,150,24,126,11,14.44,16.0,LOW
Chennai Mall,2026-08-18,10,1,150,36,114,14,35.25,24.0,LOW
Chennai Mall,2026-08-18,11,1,150,14,136,6,10.06,9.33,LOW
Chennai Mall,2026-08-18,12,1,150,85,65,20,61.05,56.67,MEDIUM
Chennai Mall,2026-08-18,13,1,150,100,50,30,66.31,66.67,MEDIUM
Chennai Mall,2026-08-18,14,1,150,104,46,50,63.13,69.33,MEDIUM
Chennai Mall,2026-08-18,15,1,150,90,60,44,65.14,60.0,MEDIUM
Chennai Mall,2026-08-18,16,1,150,36,114,13,19.99,24.0,LOW
Chennai Mall,2026-08-18,17,1,150,101,49,50,60.31,67.33,MEDIUM
Chennai Mall,2026-08-18,18,1,150,97,53,34,70.65,64.67,MEDIUM
Chennai Mall,2026-08-18,19,1,150,112,38,25,77.59,74.67,MEDIUM
Chennai Mall,2026-08-18,20,1,150,110,40,41,71.05,73.33,MEDIUM
Chennai Mall,2026-08-18,21,1,150,125,25,42,81.39,83.33,HIGH
Chennai Mall,2026-08-18,22,1,150,45,105,13,33.19,30.0,LOW
Chennai Mall,2026-08-18,23,1,150,41,109,11,17.39,27.33,LOW
T Nagar Commercial Hub,2026-08-18,0,1,120,22,98,6,5.0,18.33,LOW
T Nagar Commercial Hub,2026-08-18,1,1,120,11,109,4,8.59,9.17,LOW
T Nagar Commercial Hub,2026-08-18,2,1,120,4,116,2,12.42,3.33,LOW
T Nagar Commercial Hub,2026-08-18,3,1,120,11,109,3,10.11,9.17,LOW
T Nagar Commercial Hub,2026-08-18,4,1,120,13,107,4,9.85,10.83,LOW
T Nagar Commercial Hub,2026-08-18,5,1,120,8,112,2,5.97,6.67,LOW
T Nagar Commercial Hub,2026-08-18,6,1,120,15,105,6,5.0,12.5,LOW
T Nagar Commercial Hub,2026-08-18,7,1,120,19,101,8,21.24,15.83,LOW
T Nagar Commercial Hub,2026-08-18,8,1,120,6,114,1,8.26,5.0,LOW
T Nagar Commercial Hub,2026-08-18,9,1,120,13,107,4,8.75,10.83,LOW
T Nagar Commercial Hub,2026-08-18,10,1,120,95,25,41,68.78,79.17,MEDIUM
T Nagar Commercial Hub,2026-08-18,11,1,120,80,40,40,67.3,66.67,MEDIUM
T Nagar Commercial Hub,2026-08-18,12,1,120,91,29,20,66.48,75.83,MEDIUM
T Nagar Commercial Hub,2026-08-18,13,1,120,78,42,18,56.59,65.0,MEDIUM
T Nagar Commercial Hub,2026-08-18,14,1,120,94,26,32,69.45,78.33,MEDIUM
T Nagar Commercial Hub,2026-08-18,15,1,120,73,47,18,59.33,60.83,MEDIUM
T Nagar Commercial Hub,2026-08-18,16,1,120,87,33,39,73.55,72.5,MEDIUM
T Nagar Commercial Hub,2026-08-18,17,1,120,96,24,46,85.75,80.0,HIGH
T Nagar Commercial Hub,2026-08-18,18,1,120,93,27,40,79.23,77.5,MEDIUM
T Nagar Commercial Hub,2026-08-18,19,1,120,100,20,34,89.97,83.33,HIGH
T Nagar Commercial Hub,2026-08-18,20,1,120,64,56,23,61.94,53.33,MEDIUM
T Nagar Commercial Hub,2026-08-18,21,1,120,63,57,19,49.25,52.5,MEDIUM
T Nagar Commercial Hub,2026-08-18,22,1,120,56,64,13,52.25,46.67,LOW
T Nagar Commercial Hub,2026-08-18,23,1,120,20,100,9,22.0,16.67,LOW
Velachery Metro Station,2026-08-18,0,1,200,31,169,10,20.63,15.5,LOW
Velachery Metro Station,2026-08-18,1,1,200,27,173,6,14.55,13.5,LOW
Velachery Metro Station,2026-08-18,2,1,200,25,175,7,21.24,12.5,LOW
Velachery Metro Station,2026-08-18,3,1,200,43,157,9,13.55,21.5,LOW
Velachery Metro Station,2026-08-18,4,1,200,12,188,3,5.35,6.0,LOW
Velachery Metro Station,2026-08-18,5,1,200,27,173,6,10.66,13.5,LOW
Velachery Metro Station,2026-08-18,6,1,200,30,170,13,14.5,15.0,LOW
Velachery Metro Station,2026-08-18,7,1,200,165,35,81,82.32,82.5,HIGH
Velachery Metro Station,2026-08-18,8,1,200,158,42,56,89.4,79.0,MEDIUM
Velachery Metro Station,2026-08-18,9,1,200,177,23,40,92.38,88.5,HIGH
Velachery Metro Station,2026-08-18,10,1,200,184,16,54,95.5,92.0,HIGH
Velachery Metro Station,2026-08-18,11,1,200,178,22,86,75.4,89.0,HIGH
Velachery Metro Station,2026-08-18,12,1,200,157,43,63,85.73,78.5,MEDIUM
Velachery Metro Station,2026-08-18,13,1,200,152,48,48,76.29,76.0,MEDIUM
Velachery Metro Station,2026-08-18,14,1,200,141,59,43,74.18,70.5,MEDIUM
Velachery Metro Station,2026-08-18,15,1,200,176,24,54,81.89,88.0,HIGH
Velachery Metro Station,2026-08-18,16,1,200,170,30,67,94.01,85.0,HIGH
Velachery Metro Station,2026-08-18,17,1,200,159,41,57,88.59,79.5,MEDIUM
Velachery Metro Station,2026-08-18,18,1,200,195,5,45,98.0,97.5,HIGH
Velachery Metro Station,2026-08-18,19,1,200,186,14,77,91.3,93.0,HIGH
Velachery Metro Station,2026-08-18,20,1,200,195,5,94,90.56,97.5,HIGH
Velachery Metro Station,2026-08-18,21,1,200,80,120,39,48.18,40.0,LOW
Velachery Metro Station,2026-08-18,22,1,200,79,121,27,39.84,39.5,LOW
Velachery Metro Station,2026-08-18,23,1,200,101,99,21,58.84,50.5,MEDIUM
OMR IT Park,2026-08-18,0,1,300,20,280,9,6.93,6.67,LOW
OMR IT Park,2026-08-18,1,1,300,28,272,11,5.0,9.33,LOW
OMR IT Park,2026-08-18,2,1,300,21,279,8,13.03,7.0,LOW
OMR IT Park,2026-08-18,3,1,300,12,288,5,9.08,4.0,LOW
OMR IT Park,2026-08-18,4,1,300,6,294,2,6.68,2.0,LOW
OMR IT Park,2026-08-18,5,1,300,31,269,7,12.92,10.33,LOW
OMR IT Park,2026-08-18,6,1,300,22,278,10,11.13,7.33,LOW
OMR IT Park,2026-08-18,7,1,300,25,275,10,5.0,8.33,LOW
OMR IT Park,2026-08-18,8,1,300,261,39,81,84.05,87.0,HIGH
OMR IT Park,2026-08-18,9,1,300,252,48,91,74.04,84.0,HIGH
OMR IT Park,2026-08-18,10,1,300,222,78,59,80.27,74.0,MEDIUM
OMR IT Park,2026-08-18,11,1,300,285,15,111,88.33,95.0,HIGH
OMR IT Park,2026-08-18,12,1,300,281,19,111,98.0,93.67,HIGH
OMR IT Park,2026-08-18,13,1,300,284,16,137,94.79,94.67,HIGH
OMR IT Park,2026-08-18,14,1,300,238,62,57,89.04,79.33,MEDIUM
OMR IT Park,2026-08-18,15,1,300,245,55,90,87.6,81.67,HIGH
OMR IT Park,2026-08-18,16,1,300,298,2,102,92.87,99.33,HIGH
OMR IT Park,2026-08-18,17,1,300,170,130,39,59.62,56.67,MEDIUM
OMR IT Park,2026-08-18,18,1,300,202,98,93,61.75,67.33,MEDIUM
OMR IT Park,2026-08-18,19,1,300,209,91,88,59.67,69.67,MEDIUM
OMR IT Park,2026-08-18,20,1,300,68,232,31,21.44,22.67,LOW
OMR IT Park,2026-08-18,21,1,300,56,244,23,7.29,18.67,LOW
OMR IT Park,2026-08-18,22,1,300,94,206,41,30.95,31.33,LOW
OMR IT Park,2026-08-18,23,1,300,20,280,7,8.86,6.67,LOW
Anna Nagar Center,2026-08-18,0,1,100,6,94,2,8.31,6.0,LOW
Anna Nagar Center,2026-08-18,1,1,100,7,93,2,5.25,7.0,LOW
Anna Nagar Center,2026-08-18,2,1,100,18,82,6,12.86,18.0,LOW
Anna Nagar Center,2026-08-18,3,1,100,10,90,5,11.22,10.0,LOW
Anna Nagar Center,2026-08-18,4,1,100,6,94,2,7.13,6.0,LOW
Anna Nagar Center,2026-08-18,5,1,100,22,78,5,22.12,22.0,LOW
Anna Nagar Center,2026-08-18,6,1,100,14,86,6,8.79,14.0,LOW
Anna Nagar Center,2026-08-18,7,1,100,17,83,8,25.0,17.0,LOW
Anna Nagar Center,2026-08-18,8,1,100,43,57,9,49.87,43.0,LOW
Anna Nagar Center,2026-08-18,9,1,100,51,49,18,46.98,51.0,MEDIUM
Anna Nagar Center,2026-08-18,10,1,100,42,58,17,44.94,42.0,LOW
Anna Nagar Center,2026-08-18,11,1,100,56,44,25,59.52,56.0,MEDIUM
Anna Nagar Center,2026-08-18,12,1,100,77,23,17,80.03,77.0,MEDIUM
Anna Nagar Center,2026-08-18,13,1,100,78,22,37,78.55,78.0,MEDIUM
Anna Nagar Center,2026-08-18,14,1,100,92,8,20,84.07,92.0,HIGH
Anna Nagar Center,2026-08-18,15,1,100,77,23,26,75.42,77.0,MEDIUM
Anna Nagar Center,2026-08-18,16,1,100,56,44,17,48.61,56.0,MEDIUM
Anna Nagar Center,2026-08-18,17,1,100,42,58,14,41.6,42.0,LOW
Anna Nagar Center,2026-08-18,18,1,100,66,34,24,58.24,66.0,MEDIUM
Anna Nagar Center,2026-08-18,19,1,100,88,12,27,85.17,88.0,HIGH
Anna Nagar Center,2026-08-18,20,1,100,75,25,20,74.3,75.0,MEDIUM
Anna Nagar Center,2026-08-18,21,1,100,70,30,27,61.08,70.0,MEDIUM
Anna Nagar Center,2026-08-18,22,1,100,15,85,7,19.75,15.0,LOW
Anna Nagar Center,2026-08-18,23,1,100,27,73,12,29.52,27.0,LOW
Guindy Corporate Park,2026-08-18,0,1,180,14,166,6,11.27,7.78,LOW
Guindy Corporate Park,2026-08-18,1,1,180,12,168,6,5.0,6.67,LOW
Guindy Corporate Park,2026-08-18,2,1,180,4,176,1,5.0,2.22,LOW
Guindy Corporate Park,2026-08-18,3,1,180,5,175,2,5.0,2.78,LOW
Guindy Corporate Park,2026-08-18,4,1,180,6,174,3,15.49,3.33,LOW
Guindy Corporate Park,2026-08-18,5,1,180,13,167,6,5.0,7.22,LOW
Guindy Corporate Park,2026-08-18,6,1,180,13,167,7,9.15,7.22,LOW
Guindy Corporate Park,2026-08-18,7,1,180,8,172,2,5.0,4.44,LOW
Guindy Corporate Park,2026-08-18,8,1,180,161,19,80,98.0,89.44,HIGH
Guindy Corporate Park,2026-08-18,9,1,180,158,22,71,83.56,87.78,HIGH
Guindy Corporate Park,2026-08-18,10,1,180,153,27,60,87.88,85.0,HIGH
Guindy Corporate Park,2026-08-18,11,1,180,174,6,60,98.0,96.67,HIGH
Guindy Corporate Park,2026-08-18,12,1,180,175,5,36,85.8,97.22,HIGH
Guindy Corporate Park,2026-08-18,13,1,180,173,7,47,83.93,96.11,HIGH
Guindy Corporate Park,2026-08-18,14,1,180,163,17,33,84.04,90.56,HIGH
Guindy Corporate Park,2026-08-18,15,1,180,149,31,33,88.52,82.78,HIGH
Guindy Corporate Park,2026-08-18,16,1,180,169,11,52,96.45,93.89,HIGH
Guindy Corporate Park,2026-08-18,17,1,180,103,77,21,53.61,57.22,MEDIUM
Guindy Corporate Park,2026-08-18,18,1,180,91,89,27,46.01,50.56,MEDIUM
Guindy Corporate Park,2026-08-18,19,1,180,99,81,27,55.44,55.0,MEDIUM
Guindy Corporate Park,2026-08-18,20,1,180,32,148,11,26.42,17.78,LOW
Guindy Corporate Park,2026-08-18,21,1,180,37,143,11,30.87,20.56,LOW
Guindy Corporate Park,2026-08-18,22,1,180,60,120,19,35.91,33.33,LOW
Guindy Corporate Park,2026-08-18,23,1,180,15,165,5,9.12,8.33,LOW
Chennai Mall,2026-08-19,0,2,150,36,114,15,22.29,24.0,LOW
Chennai Mall,2026-08-19,1,2,150,28,122,10,21.74,18.67,LOW
Chennai Mall,2026-08-19,2,2,150,17,133,6,5.0,11.33,LOW
Chennai Mall,2026-08-19,3,2,150,5,145,2,5.0,3.33,LOW
Chennai Mall,2026-08-19,4,2,150,33,117,14,16.69,22.0,LOW
Chennai Mall,2026-08-19,5,2,150,14,136,7,15.25,9.33,LOW
Chennai Mall,2026-08-19,6,2,150,17,133,4,5.0,11.33,LOW
Chennai Mall,2026-08-19,7,2,150,23,127,5,18.99,15.33,LOW
Chennai Mall,2026-08-19,8,2,150,10,140,4,5.0,6.67,LOW
Chennai Mall,2026-08-19,9,2,150,7,143,3,5.0,4.67,LOW
Chennai Mall,2026-08-19,10,2,150,30,120,7,24.05,20.0,LOW
Chennai Mall,2026-08-19,11,2,150,18,132,7,5.8,12.0,LOW
Chennai Mall,2026-08-19,12,2,150,69,81,32,46.0,46.0,LOW
Chennai Mall,2026-08-19,13,2,150,64,86,30,37.19,42.67,LOW
Chennai Mall,2026-08-19,14,2,150,76,74,21,49.43,50.67,MEDIUM
Chennai Mall,2026-08-19,15,2,150,75,75,37,51.21,50.0,MEDIUM
Chennai Mall,2026-08-19,16,2,150,35,115,8,26.6,23.33,LOW
Chennai Mall,2026-08-19,17,2,150,125,25,37,86.8,83.33,HIGH
Chennai Mall,2026-08-19,18,2,150,119,31,52,79.95,79.33,MEDIUM
Chennai Mall,2026-08-19,19,2,150,113,37,23,72.71,75.33,MEDIUM
Chennai Mall,2026-08-19,20,2,150,113,37,37,69.74,75.33,MEDIUM
Chennai Mall,2026-08-19,21,2,150,119,31,28,79.19,79.33,MEDIUM
Chennai Mall,2026-08-19,22,2,150,35,115,13,22.25,23.33,LOW
Chennai Mall,2026-08-19,23,2,150,36,114,17,24.36,24.0,LOW
T Nagar Commercial Hub,2026-08-19,0,2,120,4,116,2,5.0,3.33,LOW
T Nagar Commercial Hub,2026-08-19,1,2,120,20,100,8,7.71,16.67,LOW
T Nagar Commercial Hub,2026-08-19,2,2,120,2,118,1,5.0,1.67,LOW
T Nagar Commercial Hub,2026-08-19,3,2,120,14,106,7,8.44,11.67,LOW
T Nagar Commercial Hub,2026-08-19,4,2,120,3,117,1,6.53,2.5,LOW
T Nagar Commercial Hub,2026-08-19,5,2,120,8,112,3,17.02,6.67,LOW
T Nagar Commercial Hub,2026-08-19,6,2,120,17,103,5,5.0,14.17,LOW
T Nagar Commercial Hub,2026-08-19,7,2,120,24,96,6,17.04,20.0,LOW
T Nagar Commercial Hub,2026-08-19,8,2,120,4,116,1,5.0,3.33,LOW
T Nagar Commercial Hub,2026-08-19,9,2,120,10,110,4,13.4,8.33,LOW
T Nagar Commercial Hub,2026-08-19,10,2,120,92,28,41,79.44,76.67,MEDIUM
T Nagar Commercial Hub,2026-08-19,11,2,120,89,31,42,72.68,74.17,MEDIUM
T Nagar Commercial Hub,2026-08-19,12,2,120,104,16,28,79.79,86.67,HIGH
T Nagar Commercial Hub,2026-08-19,13,2,120,95,25,45,70.44,79.17,MEDIUM
T Nagar Commercial Hub,2026-08-19,14,2,120,96,24,23,82.41,80.0,HIGH
T Nagar Commercial Hub,2026-08-19,15,2,120,103,17,43,82.67,85.83,HIGH
T Nagar Commercial Hub,2026-08-19,16,2,120,102,18,24,84.54,85.0,HIGH
T Nagar Commercial Hub,2026-08-19,17,2,120,108,12,45,85.53,90.0,HIGH
T Nagar Commercial Hub,2026-08-19,18,2,120,84,36,32,70.86,70.0,MEDIUM
T Nagar Commercial Hub,2026-08-19,19,2,120,87,33,41,71.22,72.5,MEDIUM
T Nagar Commercial Hub,2026-08-19,20,2,120,33,87,12,34.1,27.5,LOW
T Nagar Commercial Hub,2026-08-19,21,2,120,58,62,19,49.3,48.33,LOW
T Nagar Commercial Hub,2026-08-19,22,2,120,41,79,16,40.87,34.17,LOW
T Nagar Commercial Hub,2026-08-19,23,2,120,15,105,4,21.08,12.5,LOW
Velachery Metro Station,2026-08-19,0,2,200,28,172,12,9.42,14.0,LOW
Velachery Metro Station,2026-08-19,1,2,200,21,179,5,17.89,10.5,LOW
Velachery Metro Station,2026-08-19,2,2,200,8,192,3,5.0,4.0,LOW
Velachery Metro Station,2026-08-19,3,2,200,36,164,12,20.67,18.0,LOW
Velachery Metro Station,2026-08-19,4,2,200,8,192,3,6.35,4.0,LOW
Velachery Metro Station,2026-08-19,5,2,200,31,169,15,17.4,15.5,LOW
Velachery Metro Station,2026-08-19,6,2,200,15,185,7,8.8,7.5,LOW
Velachery Metro Station,2026-08-19,7,2,200,185,15,72,83.67,92.5,HIGH
Velachery Metro Station,2026-08-19,8,2,200,167,33,36,81.86,83.5,HIGH
Velachery Metro Station,2026-08-19,9,2,200,161,39,44,80.0,80.5,HIGH
Velachery Metro Station,2026-08-19,10,2,200,183,17,68,98.0,91.5,HIGH
Velachery Metro Station,2026-08-19,11,2,200,141,59,47,74.91,70.5,MEDIUM
Velachery Metro Station,2026-08-19,12,2,200,169,31,81,93.13,84.5,HIGH
Velachery Metro Station,2026-08-19,13,2,200,171,29,69,88.31,85.5,HIGH
Velachery Metro Station,2026-08-19,14,2,200,139,61,31,71.83,69.5,MEDIUM
Velachery Metro Station,2026-08-19,15,2,200,175,25,74,95.88,87.5,HIGH
Velachery Metro Station,2026-08-19,16,2,200,165,35,67,75.46,82.5,HIGH
Velachery Metro Station,2026-08-19,17,2,200,171,29,65,80.61,85.5,HIGH
Velachery Metro Station,2026-08-19,18,2,200,169,31,69,93.05,84.5,HIGH
Velachery Metro Station,2026-08-19,19,2,200,198,2,51,98.0,99.0,HIGH
Velachery Metro Station,2026-08-19,20,2,200,198,2,91,98.0,99.0,HIGH
Velachery Metro Station,2026-08-19,21,2,200,68,132,21,42.06,34.0,LOW
Velachery Metro Station,2026-08-19,22,2,200,98,102,42,36.48,49.0,LOW
Velachery Metro Station,2026-08-19,23,2,200,75,125,31,46.29,37.5,LOW
OMR IT Park,2026-08-19,0,2,300,33,267,15,12.13,11.0,LOW
OMR IT Park,2026-08-19,1,2,300,30,270,9,10.14,10.0,LOW
OMR IT Park,2026-08-19,2,2,300,24,276,7,15.23,8.0,LOW
OMR IT Park,2026-08-19,3,2,300,23,277,7,6.32,7.67,LOW
OMR IT Park,2026-08-19,4,2,300,21,279,10,14.29,7.0,LOW
OMR IT Park,2026-08-19,5,2,300,17,283,7,10.24,5.67,LOW
OMR IT Park,2026-08-19,6,2,300,8,292,3,5.0,2.67,LOW
OMR IT Park,2026-08-19,7,2,300,14,286,5,5.4,4.67,LOW
OMR IT Park,2026-08-19,8,2,300,271,29,91,85.61,90.33,HIGH
OMR IT Park,2026-08-19,9,2,300,241,59,53,79.98,80.33,HIGH
OMR IT Park,2026-08-19,10,2,300,277,23,126,91.83,92.33,HIGH
OMR IT Park,2026-08-19,11,2,300,280,20,133,96.53,93.33,HIGH
OMR IT Park,2026-08-19,12,2,300,257,43,88,82.4,85.67,HIGH
OMR IT Park,2026-08-19,13,2,300,242,58,49,75.99,80.67,HIGH
OMR IT Park,2026-08-19,14,2,300,261,39,52,82.26,87.0,HIGH
OMR IT Park,2026-08-19,15,2,300,252,48,55,86.98,84.0,HIGH
OMR IT Park,2026-08-19,16,2,300,256,44,96,90.52,85.33,HIGH
OMR IT Park,2026-08-19,17,2,300,135,165,40,48.99,45.0,LOW
OMR IT Park,2026-08-19,18,2,300,193,107,83,65.97,64.33,MEDIUM
OMR IT Park,2026-08-19,19,2,300,144,156,68,47.84,48.0,LOW
OMR IT Park,2026-08-19,20,2,300,45,255,15,19.95,15.0,LOW
OMR IT Park,2026-08-19,21,2,300,63,237,24,27.81,21.0,LOW
OMR IT Park,2026-08-19,22,2,300,73,227,17,27.48,24.33,LOW
OMR IT Park,2026-08-19,23,2,300,22,278,9,6.65,7.33,LOW
Anna Nagar Center,2026-08-19,0,2,100,8,92,3,5.0,8.0,LOW
Anna Nagar Center,2026-08-19,1,2,100,5,95,1,5.0,5.0,LOW
Anna Nagar Center,2026-08-19,2,2,100,24,76,9,16.65,24.0,LOW
Anna Nagar Center,2026-08-19,3,2,100,17,83,6,9.32,17.0,LOW
Anna Nagar Center,2026-08-19,4,2,100,23,77,11,23.94,23.0,LOW
Anna Nagar Center,2026-08-19,5,2,100,17,83,5,14.05,17.0,LOW
Anna Nagar Center,2026-08-19,6,2,100,6,94,2,11.22,6.0,LOW
Anna Nagar Center,2026-08-19,7,2,100,11,89,5,10.38,11.0,LOW
Anna Nagar Center,2026-08-19,8,2,100,48,52,20,57.11,48.0,LOW
Anna Nagar Center,2026-08-19,9,2,100,41,59,16,52.46,41.0,LOW
Anna Nagar Center,2026-08-19,10,2,100,65,35,17,63.22,65.0,MEDIUM
Anna Nagar Center,2026-08-19,11,2,100,48,52,15,48.35,48.0,LOW
Anna Nagar Center,2026-08-19,12,2,100,75,25,28,66.82,75.0,MEDIUM
Anna Nagar Center,2026-08-19,13,2,100,66,34,30,62.72,66.0,MEDIUM
Anna Nagar Center,2026-08-19,14,2,100,70,30,14,66.13,70.0,MEDIUM
Anna Nagar Center,2026-08-19,15,2,100,72,28,18,83.72,72.0,MEDIUM
Anna Nagar Center,2026-08-19,16,2,100,46,54,12,41.16,46.0,LOW
Anna Nagar Center,2026-08-19,17,2,100,51,49,20,60.69,51.0,MEDIUM
Anna Nagar Center,2026-08-19,18,2,100,76,24,26,60.04,76.0,MEDIUM
Anna Nagar Center,2026-08-19,19,2,100,77,23,30,80.39,77.0,MEDIUM
Anna Nagar Center,2026-08-19,20,2,100,86,14,26,86.13,86.0,HIGH
Anna Nagar Center,2026-08-19,21,2,100,83,17,30,77.14,83.0,HIGH
Anna Nagar Center,2026-08-19,22,2,100,32,68,10,17.28,32.0,LOW
Anna Nagar Center,2026-08-19,23,2,100,24,76,6,25.34,24.0,LOW
Guindy Corporate Park,2026-08-19,0,2,180,4,176,1,5.71,2.22,LOW
Guindy Corporate Park,2026-08-19,1,2,180,4,176,1,5.24,2.22,LOW
Guindy Corporate Park,2026-08-19,2,2,180,13,167,3,5.0,7.22,LOW
Guindy Corporate Park,2026-08-19,3,2,180,9,171,4,5.0,5.0,LOW
Guindy Corporate Park,2026-08-19,4,2,180,9,171,4,8.33,5.0,LOW
Guindy Corporate Park,2026-08-19,5,2,180,4,176,1,5.0,2.22,LOW
Guindy Corporate Park,2026-08-19,6,2,180,5,175,2,7.2,2.78,LOW
Guindy Corporate Park,2026-08-19,7,2,180,11,169,4,8.75,6.11,LOW
Guindy Corporate Park,2026-08-19,8,2,180,167,13,67,88.0,92.78,HIGH
Guindy Corporate Park,2026-08-19,9,2,180,168,12,56,97.29,93.33,HIGH
Guindy Corporate Park,2026-08-19,10,2,180,132,48,62,70.64,73.33,MEDIUM
Guindy Corporate Park,2026-08-19,11,2,180,171,9,63,94.27,95.0,HIGH
Guindy Corporate Park,2026-08-19,12,2,180,155,25,69,81.09,86.11,HIGH
Guindy Corporate Park,2026-08-19,13,2,180,180,0,78,92.32,100.0,HIGH
Guindy Corporate Park,2026-08-19,14,2,180,155,25,45,87.66,86.11,HIGH
Guindy Corporate Park,2026-08-19,15,2,180,170,10,70,86.11,94.44,HIGH
Guindy Corporate Park,2026-08-19,16,2,180,173,7,64,92.6,96.11,HIGH
Guindy Corporate Park,2026-08-19,17,2,180,137,43,63,70.37,76.11,MEDIUM
Guindy Corporate Park,2026-08-19,18,2,180,126,54,42,73.3,70.0,MEDIUM
Guindy Corporate Park,2026-08-19,19,2,180,98,82,48,47.68,54.44,MEDIUM
Guindy Corporate Park,2026-08-19,20,2,180,53,127,12,19.35,29.44,LOW
Guindy Corporate Park,2026-08-19,21,2,180,61,119,28,20.35,33.89,LOW
Guindy Corporate Park,2026-08-19,22,2,180,57,123,14,44.48,31.67,LOW
Guindy Corporate Park,2026-08-19,23,2,180,4,176,1,5.0,2.22,LOW
Chennai Mall,2026-08-20,0,3,150,33,117,15,29.45,22.0,LOW
Chennai Mall,2026-08-20,1,3,150,38,112,12,29.3,25.33,LOW
Chennai Mall,2026-08-20,2,3,150,23,127,10,13.37,15.33,LOW
Chennai Mall,2026-08-20,3,3,150,22,128,10,19.46,14.67,LOW
Chennai Mall,2026-08-20,4,3,150,6,144,1,13.05,4.0,LOW
Chennai Mall,2026-08-20,5,3,150,35,115,9,15.21,23.33,LOW
Chennai Mall,2026-08-20,6,3,150,34,116,14,29.24,22.67,LOW
Chennai Mall,2026-08-20,7,3,150,9,141,3,8.58,6.0,LOW
Chennai Mall,2026-08-20,8,3,150,38,112,8,19.78,25.33,LOW
Chennai Mall,2026-08-20,9,3,150,23,127,7,12.82,15.33,LOW
Chennai Mall,2026-08-20,10,3,150,16,134,8,5.0,10.67,LOW
Chennai Mall,2026-08-20,11,3,150,30,120,7,14.37,20.0,LOW
Chennai Mall,2026-08-20,12,3,150,94,56,35,56.27,62.67,MEDIUM
Chennai Mall,2026-08-20,13,3,150,77,73,23,48.17,51.33,MEDIUM
Chennai Mall,2026-08-20,14,3,150,75,75,15,51.5,50.0,MEDIUM
Chennai Mall,2026-08-20,15,3,150,86,64,33,50.45,57.33,MEDIUM
Chennai Mall,2026-08-20,16,3,150,29,121,10,21.62,19.33,LOW
Chennai Mall,2026-08-20,17,3,150,118,32,26,81.22,78.67,MEDIUM
Chennai Mall,2026-08-20,18,3,150,119,31,53,80.35,79.33,MEDIUM
Chennai Mall,2026-08-20,19,3,150,121,29,60,84.71,80.67,HIGH
Chennai Mall,2026-08-20,20,3,150,128,22,31,91.31,85.33,HIGH
Chennai Mall,2026-08-20,21,3,150,111,39,26,77.0,74.0,MEDIUM
Chennai Mall,2026-08-20,22,3,150,49,101,21,36.16,32.67,LOW
Chennai Mall,2026-08-20,23,3,150,46,104,23,19.52,30.67,LOW
T Nagar Commercial Hub,2026-08-20,0,3,120,2,118,1,7.38,1.67,LOW
T Nagar Commercial Hub,2026-08-20,1,3,120,15,105,3,22.46,12.5,LOW
T Nagar Commercial Hub,2026-08-20,2,3,120,14,106,4,7.76,11.67,LOW
T Nagar Commercial Hub,2026-08-20,3,3,120,21,99,7,15.83,17.5,LOW
T Nagar Commercial Hub,2026-08-20,4,3,120,20,100,8,18.63,16.67,LOW
T Nagar Commercial Hub,2026-08-20,5,3,120,9,111,2,11.96,7.5,LOW
T Nagar Commercial Hub,2026-08-20,6,3,120,15,105,7,16.37,12.5,LOW
T Nagar Commercial Hub,2026-08-20,7,3,120,8,112,2,9.83,6.67,LOW
T Nagar Commercial Hub,2026-08-20,8,3,120,25,95,10,28.05,20.83,LOW
T Nagar Commercial Hub,2026-08-20,9,3,120,18,102,7,19.1,15.0,LOW
T Nagar Commercial Hub,2026-08-20,10,3,120,86,34,30,72.23,71.67,MEDIUM
T Nagar Commercial Hub,2026-08-20,11,3,120,94,26,42,71.69,78.33,MEDIUM
T Nagar Commercial Hub,2026-08-20,12,3,120,75,45,15,64.83,62.5,MEDIUM
T Nagar Commercial Hub,2026-08-20,13,3,120,74,46,32,61.17,61.67,MEDIUM
T Nagar Commercial Hub,2026-08-20,14,3,120,80,40,16,63.03,66.67,MEDIUM
T Nagar Commercial Hub,2026-08-20,15,3,120,93,27,28,74.66,77.5,MEDIUM
T Nagar Commercial Hub,2026-08-20,16,3,120,92,28,33,74.14,76.67,MEDIUM
T Nagar Commercial Hub,2026-08-20,17,3,120,86,34,22,67.15,71.67,MEDIUM
T Nagar Commercial Hub,2026-08-20,18,3,120,85,35,25,69.58,70.83,MEDIUM
T Nagar Commercial Hub,2026-08-20,19,3,120,97,23,38,79.46,80.83,HIGH
T Nagar Commercial Hub,2026-08-20,20,3,120,46,74,11,43.19,38.33,LOW
T Nagar Commercial Hub,2026-08-20,21,3,120,69,51,31,56.23,57.5,MEDIUM
T Nagar Commercial Hub,2026-08-20,22,3,120,55,65,20,38.48,45.83,LOW
T Nagar Commercial Hub,2026-08-20,23,3,120,6,114,2,5.0,5.0,LOW
Velachery Metro Station,2026-08-20,0,3,200,14,186,3,5.0,7.0,LOW
Velachery Metro Station,2026-08-20,1,3,200,19,181,6,11.58,9.5,LOW
Velachery Metro Station,2026-08-20,2,3,200,40,160,12,10.66,20.0,LOW
Velachery Metro Station,2026-08-20,3,3,200,24,176,9,12.84,12.0,LOW
Velachery Metro Station,2026-08-20,4,3,200,43,157,14,17.69,21.5,LOW
Velachery Metro Station,2026-08-20,5,3,200,26,174,12,18.76,13.0,LOW
Velachery Metro Station,2026-08-20,6,3,200,36,164,14,20.05,18.0,LOW
Velachery Metro Station,2026-08-20,7,3,200,191,9,52,95.3,95.5,HIGH
Velachery Metro Station,2026-08-20,8,3,200,177,23,80,98.0,88.5,HIGH
Velachery Metro Station,2026-08-20,9,3,200,167,33,60,83.61,83.5,HIGH
Velachery Metro Station,2026-08-20,10,3,200,170,30,77,76.43,85.0,HIGH
Velachery Metro Station,2026-08-20,11,3,200,135,65,36,72.44,67.5,MEDIUM
Velachery Metro Station,2026-08-20,12,3,200,147,53,68,58.95,73.5,MEDIUM
Velachery Metro Station,2026-08-20,13,3,200,162,38,72,89.26,81.0,HIGH
Velachery Metro Station,2026-08-20,14,3,200,172,28,66,86.46,86.0,HIGH
Velachery Metro Station,2026-08-20,15,3,200,167,33,74,91.22,83.5,HIGH
Velachery Metro Station,2026-08-20,16,3,200,166,34,34,84.42,83.0,HIGH
Velachery Metro Station,2026-08-20,17,3,200,189,11,65,90.57,94.5,HIGH
Velachery Metro Station,2026-08-20,18,3,200,186,14,51,90.89,93.0,HIGH
Velachery Metro Station,2026-08-20,19,3,200,193,7,57,98.0,96.5,HIGH
Velachery Metro Station,2026-08-20,20,3,200,184,16,72,90.65,92.0,HIGH
Velachery Metro Station,2026-08-20,21,3,200,117,83,39,53.33,58.5,MEDIUM
Velachery Metro Station,2026-08-20,22,3,200,71,129,17,33.54,35.5,LOW
Velachery Metro Station,2026-08-20,23,3,200,103,97,35,53.51,51.5,MEDIUM
OMR IT Park,2026-08-20,0,3,300,26,274,8,12.85,8.67,LOW
OMR IT Park,2026-08-20,1,3,300,21,279,9,14.88,7.0,LOW
OMR IT Park,2026-08-20,2,3,300,22,278,10,14.59,7.33,LOW
OMR IT Park,2026-08-20,3,3,300,20,280,6,6.9,6.67,LOW
OMR IT Park,2026-08-20,4,3,300,6,294,3,5.0,2.0,LOW
OMR IT Park,2026-08-20,5,3,300,20,280,7,5.0,6.67,LOW
OMR IT Park,2026-08-20,6,3,300,10,290,4,11.75,3.33,LOW
OMR IT Park,2026-08-20,7,3,300,18,282,8,9.2,6.0,LOW
OMR IT Park,2026-08-20,8,3,300,247,53,66,89.71,82.33,HIGH
OMR IT Park,2026-08-20,9,3,300,284,16,104,81.17,94.67,HIGH
OMR IT Park,2026-08-20,10,3,300,252,48,55,82.51,84.0,HIGH
OMR IT Park,2026-08-20,11,3,300,264,36,115,92.75,88.0,HIGH
OMR IT Park,2026-08-20,12,3,300,253,47,78,90.64,84.33,HIGH
OMR IT Park,2026-08-20,13,3,300,259,41,56,93.38,86.33,HIGH
OMR IT Park,2026-08-20,14,3,300,251,49,53,76.88,83.67,HIGH
OMR IT Park,2026-08-20,15,3,300,271,29,58,83.42,90.33,HIGH
OMR IT Park,2026-08-20,16,3,300,288,12,112,90.4,96.0,HIGH
OMR IT Park,2026-08-20,17,3,300,167,133,44,62.42,55.67,MEDIUM
OMR IT Park,2026-08-20,18,3,300,147,153,48,50.44,49.0,LOW
OMR IT Park,2026-08-20,19,3,300,145,155,60,53.84,48.33,LOW
OMR IT Park,2026-08-20,20,3,300,81,219,38,22.78,27.0,LOW
OMR IT Park,2026-08-20,21,3,300,93,207,37,37.44,31.0,LOW
OMR IT Park,2026-08-20,22,3,300,83,217,17,29.73,27.67,LOW
OMR IT Park,2026-08-20,23,3,300,16,284,5,7.97,5.33,LOW
Anna Nagar Center,2026-08-20,0,3,100,22,78,6,17.82,22.0,LOW
Anna Nagar Center,2026-08-20,1,3,100,19,81,9,19.46,19.0,LOW
Anna Nagar Center,2026-08-20,2,3,100,7,93,2,13.01,7.0,LOW
Anna Nagar Center,2026-08-20,3,3,100,12,88,4,18.98,12.0,LOW
Anna Nagar Center,2026-08-20,4,3,100,19,81,7,8.67,19.0,LOW
Anna Nagar Center,2026-08-20,5,3,100,15,85,3,6.34,15.0,LOW
Anna Nagar Center,2026-08-20,6,3,100,11,89,5,11.17,11.0,LOW
Anna Nagar Center,2026-08-20,7,3,100,17,83,4,15.31,17.0,LOW
Anna Nagar Center,2026-08-20,8,3,100,56,44,12,58.72,56.0,MEDIUM
Anna Nagar Center,2026-08-20,9,3,100,56,44,19,55.79,56.0,MEDIUM
Anna Nagar Center,2026-08-20,10,3,100,59,41,18,64.2,59.0,MEDIUM
Anna Nagar Center,2026-08-20,11,3,100,47,53,12,46.66,47.0,LOW
Anna Nagar Center,2026-08-20,12,3,100,72,28,20,74.12,72.0,MEDIUM
Anna Nagar Center,2026-08-20,13,3,100,65,35,24,63.68,65.0,MEDIUM
Anna Nagar Center,2026-08-20,14,3,100,66,34,18,67.44,66.0,MEDIUM
Anna Nagar Center,2026-08-20,15,3,100,80,20,17,80.21,80.0,HIGH
Anna Nagar Center,2026-08-20,16,3,100,58,42,16,48.36,58.0,MEDIUM
Anna Nagar Center,2026-08-20,17,3,100,63,37,31,60.92,63.0,MEDIUM
Anna Nagar Center,2026-08-20,18,3,100,89,11,22,86.96,89.0,HIGH
Anna Nagar Center,2026-08-20,19,3,100,67,33,28,66.15,67.0,MEDIUM
Anna Nagar Center,2026-08-20,20,3,100,71,29,24,72.51,71.0,MEDIUM
Anna Nagar Center,2026-08-20,21,3,100,72,28,15,79.09,72.0,MEDIUM
Anna Nagar Center,2026-08-20,22,3,100,11,89,4,10.02,11.0,LOW
Anna Nagar Center,2026-08-20,23,3,100,17,83,6,25.03,17.0,LOW
Guindy Corporate Park,2026-08-20,0,3,180,17,163,4,7.56,9.44,LOW
Guindy Corporate Park,2026-08-20,1,3,180,13,167,5,5.0,7.22,LOW
Guindy Corporate Park,2026-08-20,2,3,180,12,168,6,5.0,6.67,LOW
Guindy Corporate Park,2026-08-20,3,3,180,6,174,1,5.0,3.33,LOW
Guindy Corporate Park,2026-08-20,4,3,180,9,171,4,5.0,5.0,LOW
Guindy Corporate Park,2026-08-20,5,3,180,5,175,2,5.0,2.78,LOW
Guindy Corporate Park,2026-08-20,6,3,180,12,168,3,7.6,6.67,LOW
Guindy Corporate Park,2026-08-20,7,3,180,24,156,8,9.49,13.33,LOW
Guindy Corporate Park,2026-08-20,8,3,180,159,21,69,83.23,88.33,HIGH
Guindy Corporate Park,2026-08-20,9,3,180,129,51,51,65.59,71.67,MEDIUM
Guindy Corporate Park,2026-08-20,10,3,180,161,19,57,90.75,89.44,HIGH
Guindy Corporate Park,2026-08-20,11,3,180,172,8,76,90.3,95.56,HIGH
Guindy Corporate Park,2026-08-20,12,3,180,158,22,53,92.56,87.78,HIGH
Guindy Corporate Park,2026-08-20,13,3,180,140,40,34,80.99,77.78,MEDIUM
Guindy Corporate Park,2026-08-20,14,3,180,164,16,64,90.03,91.11,HIGH
Guindy Corporate Park,2026-08-20,15,3,180,165,15,77,98.0,91.67,HIGH
Guindy Corporate Park,2026-08-20,16,3,180,145,35,47,84.34,80.56,HIGH
Guindy Corporate Park,2026-08-20,17,3,180,138,42,37,76.57,76.67,MEDIUM
Guindy Corporate Park,2026-08-20,18,3,180,127,53,26,74.38,70.56,MEDIUM
Guindy Corporate Park,2026-08-20,19,3,180,83,97,27,45.57,46.11,LOW
Guindy Corporate Park,2026-08-20,20,3,180,40,140,9,22.24,22.22,LOW
Guindy Corporate Park,2026-08-20,21,3,180,53,127,18,25.92,29.44,LOW
Guindy Corporate Park,2026-08-20,22,3,180,45,135,16,29.01,25.0,LOW
Guindy Corporate Park,2026-08-20,23,3,180,5,175,2,12.61,2.78,LOW
Chennai Mall,2026-08-21,0,4,150,27,123,9,14.52,18.0,LOW
Chennai Mall,2026-08-21,1,4,150,17,133,7,10.15,11.33,LOW
Chennai Mall,2026-08-21,2,4,150,16,134,8,12.58,10.67,LOW
Chennai Mall,2026-08-21,3,4,150,18,132,7,13.25,12.0,LOW
Chennai Mall,2026-08-21,4,4,150,28,122,9,20.34,18.67,LOW
Chennai Mall,2026-08-21,5,4,150,22,128,6,20.55,14.67,LOW
Chennai Mall,2026-08-21,6,4,150,25,125,6,17.0,16.67,LOW
Chennai Mall,2026-08-21,7,4,150,47,103,17,24.48,31.33,LOW
Chennai Mall,2026-08-21,8,4,150,18,132,4,17.47,12.0,LOW
Chennai Mall,2026-08-21,9,4,150,10,140,4,13.18,6.67,LOW
Chennai Mall,2026-08-21,10,4,150,24,126,6,11.88,16.0,LOW
Chennai Mall,2026-08-21,11,4,150,13,137,3,10.4,8.67,LOW
Chennai Mall,2026-08-21,12,4,150,68,82,16,49.31,45.33,LOW
Chennai Mall,2026-08-21,13,4,150,94,56,27,62.03,62.67,MEDIUM
Chennai Mall,2026-08-21,14,4,150,79,71,20,46.94,52.67,MEDIUM
Chennai Mall,2026-08-21,15,4,150,67,83,33,42.76,44.67,LOW
Chennai Mall,2026-08-21,16,4,150,19,131,8,5.49,12.67,LOW
Chennai Mall,2026-08-21,17,4,150,127,23,46,85.07,84.67,HIGH
Chennai Mall,2026-08-21,18,4,150,112,38,33,79.26,74.67,MEDIUM
Chennai Mall,2026-08-21,19,4,150,112,38,31,62.92,74.67,MEDIUM
Chennai Mall,2026-08-21,20,4,150,115,35,31,80.77,76.67,MEDIUM
Chennai Mall,2026-08-21,21,4,150,108,42,34,76.07,72.0,MEDIUM
Chennai Mall,2026-08-21,22,4,150,55,95,16,37.46,36.67,LOW
Chennai Mall,2026-08-21,23,4,150,62,88,14,38.61,41.33,LOW
T Nagar Commercial Hub,2026-08-21,0,4,120,16,104,6,26.5,13.33,LOW
T Nagar Commercial Hub,2026-08-21,1,4,120,26,94,12,20.99,21.67,LOW
T Nagar Commercial Hub,2026-08-21,2,4,120,12,108,2,15.33,10.0,LOW
T Nagar Commercial Hub,2026-08-21,3,4,120,15,105,6,20.08,12.5,LOW
T Nagar Commercial Hub,2026-08-21,4,4,120,17,103,6,11.52,14.17,LOW
T Nagar Commercial Hub,2026-08-21,5,4,120,8,112,3,11.28,6.67,LOW
T Nagar Commercial Hub,2026-08-21,6,4,120,22,98,8,9.3,18.33,LOW
T Nagar Commercial Hub,2026-08-21,7,4,120,14,106,6,14.32,11.67,LOW
T Nagar Commercial Hub,2026-08-21,8,4,120,24,96,10,12.84,20.0,LOW
T Nagar Commercial Hub,2026-08-21,9,4,120,26,94,6,5.0,21.67,LOW
T Nagar Commercial Hub,2026-08-21,10,4,120,106,14,25,85.54,88.33,HIGH
T Nagar Commercial Hub,2026-08-21,11,4,120,89,31,34,76.78,74.17,MEDIUM
T Nagar Commercial Hub,2026-08-21,12,4,120,92,28,46,78.72,76.67,MEDIUM
T Nagar Commercial Hub,2026-08-21,13,4,120,83,37,36,63.69,69.17,MEDIUM
T Nagar Commercial Hub,2026-08-21,14,4,120,83,37,35,64.06,69.17,MEDIUM
T Nagar Commercial Hub,2026-08-21,15,4,120,77,43,36,61.13,64.17,MEDIUM
T Nagar Commercial Hub,2026-08-21,16,4,120,89,31,37,75.69,74.17,MEDIUM
T Nagar Commercial Hub,2026-08-21,17,4,120,91,29,25,72.43,75.83,MEDIUM
T Nagar Commercial Hub,2026-08-21,18,4,120,98,22,30,84.04,81.67,HIGH
T Nagar Commercial Hub,2026-08-21,19,4,120,81,39,37,61.01,67.5,MEDIUM
T Nagar Commercial Hub,2026-08-21,20,4,120,60,60,17,41.23,50.0,MEDIUM
T Nagar Commercial Hub,2026-08-21,21,4,120,53,67,16,48.31,44.17,LOW
T Nagar Commercial Hub,2026-08-21,22,4,120,66,54,15,50.7,55.0,MEDIUM
T Nagar Commercial Hub,2026-08-21,23,4,120,9,111,2,5.0,7.5,LOW
Velachery Metro Station,2026-08-21,0,4,200,4,196,2,8.84,2.0,LOW
Velachery Metro Station,2026-08-21,1,4,200,28,172,7,7.4,14.0,LOW
Velachery Metro Station,2026-08-21,2,4,200,22,178,8,6.29,11.0,LOW
Velachery Metro Station,2026-08-21,3,4,200,23,177,8,10.05,11.5,LOW
Velachery Metro Station,2026-08-21,4,4,200,35,165,11,26.94,17.5,LOW
Velachery Metro Station,2026-08-21,5,4,200,31,169,9,15.61,15.5,LOW
Velachery Metro Station,2026-08-21,6,4,200,39,161,9,10.85,19.5,LOW
Velachery Metro Station,2026-08-21,7,4,200,173,27,72,83.06,86.5,HIGH
Velachery Metro Station,2026-08-21,8,4,200,168,32,38,94.17,84.0,HIGH
Velachery Metro Station,2026-08-21,9,4,200,171,29,41,86.19,85.5,HIGH
Velachery Metro Station,2026-08-21,10,4,200,181,19,57,98.0,90.5,HIGH
Velachery Metro Station,2026-08-21,11,4,200,178,22,51,82.08,89.0,HIGH
Velachery Metro Station,2026-08-21,12,4,200,180,20,68,74.25,90.0,HIGH
Velachery Metro Station,2026-08-21,13,4,200,146,54,72,76.87,73.0,MEDIUM
Velachery Metro Station,2026-08-21,14,4,200,169,31,42,86.46,84.5,HIGH
Velachery Metro Station,2026-08-21,15,4,200,175,25,51,92.43,87.5,HIGH
Velachery Metro Station,2026-08-21,16,4,200,152,48,39,79.35,76.0,MEDIUM
Velachery Metro Station,2026-08-21,17,4,200,172,28,61,89.88,86.0,HIGH
Velachery Metro Station,2026-08-21,18,4,200,187,13,88,91.25,93.5,HIGH
Velachery Metro Station,2026-08-21,19,4,200,178,22,62,93.74,89.0,HIGH
Velachery Metro Station,2026-08-21,20,4,200,164,36,60,83.95,82.0,HIGH
Velachery Metro Station,2026-08-21,21,4,200,98,102,42,50.86,49.0,LOW
Velachery Metro Station,2026-08-21,22,4,200,106,94,41,47.15,53.0,MEDIUM
Velachery Metro Station,2026-08-21,23,4,200,66,134,19,38.64,33.0,LOW
OMR IT Park,2026-08-21,0,4,300,17,283,5,6.9,5.67,LOW
OMR IT Park,2026-08-21,1,4,300,22,278,6,5.48,7.33,LOW
OMR IT Park,2026-08-21,2,4,300,17,283,6,5.0,5.67,LOW
OMR IT Park,2026-08-21,3,4,300,13,287,3,5.0,4.33,LOW
OMR IT Park,2026-08-21,4,4,300,20,280,6,8.32,6.67,LOW
OMR IT Park,2026-08-21,5,4,300,12,288,5,12.03,4.0,LOW
OMR IT Park,2026-08-21,6,4,300,16,284,7,5.0,5.33,LOW
OMR IT Park,2026-08-21,7,4,300,20,280,8,5.0,6.67,LOW
OMR IT Park,2026-08-21,8,4,300,243,57,78,80.11,81.0,HIGH
OMR IT Park,2026-08-21,9,4,300,245,55,100,84.4,81.67,HIGH
OMR IT Park,2026-08-21,10,4,300,220,80,91,83.44,73.33,MEDIUM
OMR IT Park,2026-08-21,11,4,300,252,48,121,74.8,84.0,HIGH
OMR IT Park,2026-08-21,12,4,300,263,37,89,98.0,87.67,HIGH
OMR IT Park,2026-08-21,13,4,300,287,13,126,94.62,95.67,HIGH
OMR IT Park,2026-08-21,14,4,300,264,36,57,98.0,88.0,HIGH
OMR IT Park,2026-08-21,15,4,300,252,48,95,75.1,84.0,HIGH
OMR IT Park,2026-08-21,16,4,300,255,45,119,93.73,85.0,HIGH
OMR IT Park,2026-08-21,17,4,300,227,73,50,74.8,75.67,MEDIUM
OMR IT Park,2026-08-21,18,4,300,168,132,50,53.51,56.0,MEDIUM
OMR IT Park,2026-08-21,19,4,300,185,115,92,70.03,61.67,MEDIUM
OMR IT Park,2026-08-21,20,4,300,44,256,13,16.57,14.67,LOW
OMR IT Park,2026-08-21,21,4,300,61,239,20,18.69,20.33,LOW
OMR IT Park,2026-08-21,22,4,300,77,223,38,26.85,25.67,LOW
OMR IT Park,2026-08-21,23,4,300,13,287,3,13.3,4.33,LOW
Anna Nagar Center,2026-08-21,0,4,100,8,92,3,5.0,8.0,LOW
Anna Nagar Center,2026-08-21,1,4,100,21,79,7,18.46,21.0,LOW
Anna Nagar Center,2026-08-21,2,4,100,9,91,4,10.68,9.0,LOW
Anna Nagar Center,2026-08-21,3,4,100,8,92,4,13.26,8.0,LOW
Anna Nagar Center,2026-08-21,4,4,100,27,73,6,31.28,27.0,LOW
Anna Nagar Center,2026-08-21,5,4,100,21,79,7,28.43,21.0,LOW
Anna Nagar Center,2026-08-21,6,4,100,4,96,2,8.12,4.0,LOW
Anna Nagar Center,2026-08-21,7,4,100,20,80,8,17.73,20.0,LOW
Anna Nagar Center,2026-08-21,8,4,100,50,50,17,54.75,50.0,MEDIUM
Anna Nagar Center,2026-08-21,9,4,100,64,36,31,72.7,64.0,MEDIUM
Anna Nagar Center,2026-08-21,10,4,100,40,60,19,39.14,40.0,LOW
Anna Nagar Center,2026-08-21,11,4,100,61,39,18,63.57,61.0,MEDIUM
Anna Nagar Center,2026-08-21,12,4,100,73,27,32,82.05,73.0,MEDIUM
Anna Nagar Center,2026-08-21,13,4,100,75,25,24,71.47,75.0,MEDIUM
Anna Nagar Center,2026-08-21,14,4,100,68,32,17,60.15,68.0,MEDIUM
Anna Nagar Center,2026-08-21,15,4,100,69,31,32,69.98,69.0,MEDIUM
Anna Nagar Center,2026-08-21,16,4,100,65,35,25,57.44,65.0,MEDIUM
Anna Nagar Center,2026-08-21,17,4,100,39,61,9,39.95,39.0,LOW
Anna Nagar Center,2026-08-21,18,4,100,62,38,14,64.38,62.0,MEDIUM
Anna Nagar Center,2026-08-21,19,4,100,79,21,17,77.1,79.0,MEDIUM
Anna Nagar Center,2026-08-21,20,4,100,70,30,17,71.2,70.0,MEDIUM
Anna Nagar Center,2026-08-21,21,4,100,82,18,25,92.65,82.0,HIGH
Anna Nagar Center,2026-08-21,22,4,100,23,77,7,28.04,23.0,LOW
Anna Nagar Center,2026-08-21,23,4,100,18,82,6,23.36,18.0,LOW
Guindy Corporate Park,2026-08-21,0,4,180,4,176,1,5.0,2.22,LOW
Guindy Corporate Park,2026-08-21,1,4,180,4,176,1,5.0,2.22,LOW
Guindy Corporate Park,2026-08-21,2,4,180,4,176,1,5.0,2.22,LOW
Guindy Corporate Park,2026-08-21,3,4,180,17,163,7,5.1,9.44,LOW
Guindy Corporate Park,2026-08-21,4,4,180,19,161,6,10.35,10.56,LOW
Guindy Corporate Park,2026-08-21,5,4,180,10,170,2,13.4,5.56,LOW
Guindy Corporate Park,2026-08-21,6,4,180,4,176,2,5.0,2.22,LOW
Guindy Corporate Park,2026-08-21,7,4,180,12,168,3,7.27,6.67,LOW
Guindy Corporate Park,2026-08-21,8,4,180,159,21,71,89.1,88.33,HIGH
Guindy Corporate Park,2026-08-21,9,4,180,141,39,29,77.2,78.33,MEDIUM
Guindy Corporate Park,2026-08-21,10,4,180,157,23,73,93.25,87.22,HIGH
Guindy Corporate Park,2026-08-21,11,4,180,160,20,53,88.01,88.89,HIGH
Guindy Corporate Park,2026-08-21,12,4,180,148,32,57,78.68,82.22,HIGH
Guindy Corporate Park,2026-08-21,13,4,180,157,23,69,95.03,87.22,HIGH
Guindy Corporate Park,2026-08-21,14,4,180,150,30,35,86.8,83.33,HIGH
Guindy Corporate Park,2026-08-21,15,4,180,159,21,59,98.0,88.33,HIGH
Guindy Corporate Park,2026-08-21,16,4,180,180,0,57,98.0,100.0,HIGH
Guindy Corporate Park,2026-08-21,17,4,180,119,61,26,64.39,66.11,MEDIUM
Guindy Corporate Park,2026-08-21,18,4,180,110,70,35,59.07,61.11,MEDIUM
Guindy Corporate Park,2026-08-21,19,4,180,118,62,24,60.41,65.56,MEDIUM
Guindy Corporate Park,2026-08-21,20,4,180,39,141,13,24.14,21.67,LOW
Guindy Corporate Park,2026-08-21,21,4,180,66,114,25,36.93,36.67,LOW
Guindy Corporate Park,2026-08-21,22,4,180,58,122,22,27.17,32.22,LOW
Guindy Corporate Park,2026-08-21,23,4,180,15,165,5,5.0,8.33,LOW
Chennai Mall,2026-08-22,0,5,150,47,103,12,15.5,31.33,LOW
Chennai Mall,2026-08-22,1,5,150,26,124,12,17.85,17.33,LOW
Chennai Mall,2026-08-22,2,5,150,13,137,3,8.4,8.67,LOW
Chennai Mall,2026-08-22,3,5,150,9,141,4,7.87,6.0,LOW
Chennai Mall,2026-08-22,4,5,150,18,132,7,11.51,12.0,LOW
Chennai Mall,2026-08-22,5,5,150,9,141,3,12.13,6.0,LOW
Chennai Mall,2026-08-22,6,5,150,21,129,6,19.25,14.0,LOW
Chennai Mall,2026-08-22,7,5,150,21,129,9,21.74,14.0,LOW
Chennai Mall,2026-08-22,8,5,150,40,110,12,16.84,26.67,LOW
Chennai Mall,2026-08-22,9,5,150,18,132,7,10.43,12.0,LOW
Chennai Mall,2026-08-22,10,5,150,22,128,5,18.55,14.67,LOW
Chennai Mall,2026-08-22,11,5,150,120,30,49,93.12,80.0,HIGH
Chennai Mall,2026-08-22,12,5,150,106,44,27,64.82,70.67,MEDIUM
Chennai Mall,2026-08-22,13,5,150,129,21,54,89.49,86.0,HIGH
Chennai Mall,2026-08-22,14,5,150,123,27,47,81.02,82.0,HIGH
Chennai Mall,2026-08-22,15,5,150,145,5,62,95.76,96.67,HIGH
Chennai Mall,2026-08-22,16,5,150,142,8,61,98.0,94.67,HIGH
Chennai Mall,2026-08-22,17,5,150,137,13,53,91.78,91.33,HIGH
Chennai Mall,2026-08-22,18,5,150,134,16,38,95.48,89.33,HIGH
Chennai Mall,2026-08-22,19,5,150,146,4,30,94.47,97.33,HIGH
Chennai Mall,2026-08-22,20,5,150,150,0,30,95.56,100.0,HIGH
Chennai Mall,2026-08-22,21,5,150,138,12,42,98.0,92.0,HIGH
Chennai Mall,2026-08-22,22,5,150,43,107,15,29.97,28.67,LOW
Chennai Mall,2026-08-22,23,5,150,68,82,17,41.91,45.33,LOW
T Nagar Commercial Hub,2026-08-22,0,5,120,57,63,14,40.14,47.5,LOW
T Nagar Commercial Hub,2026-08-22,1,5,120,45,75,22,39.8,37.5,LOW
T Nagar Commercial Hub,2026-08-22,2,5,120,16,104,5,19.01,13.33,LOW
T Nagar Commercial Hub,2026-08-22,3,5,120,39,81,9,32.67,32.5,LOW
T Nagar Commercial Hub,2026-08-22,4,5,120,51,69,18,31.76,42.5,LOW
T Nagar Commercial Hub,2026-08-22,5,5,120,34,86,9,21.31,28.33,LOW
T Nagar Commercial Hub,2026-08-22,6,5,120,19,101,7,16.0,15.83,LOW
T Nagar Commercial Hub,2026-08-22,7,5,120,22,98,4,16.94,18.33,LOW
T Nagar Commercial Hub,2026-08-22,8,5,120,28,92,10,28.35,23.33,LOW
T Nagar Commercial Hub,2026-08-22,9,5,120,28,92,7,21.66,23.33,LOW
T Nagar Commercial Hub,2026-08-22,10,5,120,30,90,9,22.23,25.0,LOW
T Nagar Commercial Hub,2026-08-22,11,5,120,108,12,38,89.7,90.0,HIGH
T Nagar Commercial Hub,2026-08-22,12,5,120,112,8,39,90.63,93.33,HIGH
T Nagar Commercial Hub,2026-08-22,13,5,120,116,4,39,95.0,96.67,HIGH
T Nagar Commercial Hub,2026-08-22,14,5,120,115,5,57,91.98,95.83,HIGH
T Nagar Commercial Hub,2026-08-22,15,5,120,98,22,24,84.12,81.67,HIGH
T Nagar Commercial Hub,2026-08-22,16,5,120,108,12,43,98.0,90.0,HIGH
T Nagar Commercial Hub,2026-08-22,17,5,120,105,15,39,86.37,87.5,HIGH
T Nagar Commercial Hub,2026-08-22,18,5,120,99,21,45,79.26,82.5,HIGH
T Nagar Commercial Hub,2026-08-22,19,5,120,98,22,21,86.17,81.67,HIGH
T Nagar Commercial Hub,2026-08-22,20,5,120,113,7,53,89.57,94.17,HIGH
T Nagar Commercial Hub,2026-08-22,21,5,120,100,20,29,90.28,83.33,HIGH
T Nagar Commercial Hub,2026-08-22,22,5,120,21,99,7,25.1,17.5,LOW
T Nagar Commercial Hub,2026-08-22,23,5,120,49,71,12,41.2,40.83,LOW
Velachery Metro Station,2026-08-22,0,5,200,71,129,29,41.41,35.5,LOW
Velachery Metro Station,2026-08-22,1,5,200,83,117,38,45.53,41.5,LOW
Velachery Metro Station,2026-08-22,2,5,200,33,167,12,11.26,16.5,LOW
Velachery Metro Station,2026-08-22,3,5,200,81,119,18,26.45,40.5,LOW
Velachery Metro Station,2026-08-22,4,5,200,65,135,30,31.8,32.5,LOW
Velachery Metro Station,2026-08-22,5,5,200,60,140,13,18.23,30.0,LOW
Velachery Metro Station,2026-08-22,6,5,200,92,108,22,44.11,46.0,LOW
Velachery Metro Station,2026-08-22,7,5,200,41,159,17,21.04,20.5,LOW
Velachery Metro Station,2026-08-22,8,5,200,96,104,26,46.9,48.0,LOW
Velachery Metro Station,2026-08-22,9,5,200,81,119,34,33.46,40.5,LOW
Velachery Metro Station,2026-08-22,10,5,200,81,119,26,38.69,40.5,LOW
Velachery Metro Station,2026-08-22,11,5,200,31,169,7,14.27,15.5,LOW
Velachery Metro Station,2026-08-22,12,5,200,76,124,33,44.1,38.0,LOW
Velachery Metro Station,2026-08-22,13,5,200,83,117,41,36.88,41.5,LOW
Velachery Metro Station,2026-08-22,14,5,200,88,112,25,43.17,44.0,LOW
Velachery Metro Station,2026-08-22,15,5,200,62,138,24,29.88,31.0,LOW
Velachery Metro Station,2026-08-22,16,5,200,102,98,49,46.75,51.0,MEDIUM
Velachery Metro Station,2026-08-22,17,5,200,66,134,24,29.06,33.0,LOW
Velachery Metro Station,2026-08-22,18,5,200,28,172,13,30.46,14.0,LOW
Velachery Metro Station,2026-08-22,19,5,200,64,136,20,31.53,32.0,LOW
Velachery Metro Station,2026-08-22,20,5,200,50,150,16,34.9,25.0,LOW
Velachery Metro Station,2026-08-22,21,5,200,64,136,31,22.55,32.0,LOW
Velachery Metro Station,2026-08-22,22,5,200,75,125,31,38.27,37.5,LOW
Velachery Metro Station,2026-08-22,23,5,200,68,132,21,34.6,34.0,LOW
OMR IT Park,2026-08-22,0,5,300,52,248,19,24.07,17.33,LOW
OMR IT Park,2026-08-22,1,5,300,48,252,17,10.06,16.0,LOW
OMR IT Park,2026-08-22,2,5,300,27,273,11,5.0,9.0,LOW
OMR IT Park,2026-08-22,3,5,300,49,251,18,15.24,16.33,LOW
OMR IT Park,2026-08-22,4,5,300,60,240,17,19.18,20.0,LOW
OMR IT Park,2026-08-22,5,5,300,19,281,10,9.22,6.33,LOW
OMR IT Park,2026-08-22,6,5,300,37,263,9,12.05,12.33,LOW
OMR IT Park,2026-08-22,7,5,300,66,234,27,20.07,22.0,LOW
OMR IT Park,2026-08-22,8,5,300,55,245,11,11.33,18.33,LOW
OMR IT Park,2026-08-22,9,5,300,53,247,24,18.95,17.67,LOW
OMR IT Park,2026-08-22,10,5,300,51,249,25,11.33,17.0,LOW
OMR IT Park,2026-08-22,11,5,300,34,266,11,18.3,11.33,LOW
OMR IT Park,2026-08-22,12,5,300,51,249,25,18.03,17.0,LOW
OMR IT Park,2026-08-22,13,5,300,36,264,17,11.36,12.0,LOW
OMR IT Park,2026-08-22,14,5,300,14,286,7,10.06,4.67,LOW
OMR IT Park,2026-08-22,15,5,300,64,236,30,18.72,21.33,LOW
OMR IT Park,2026-08-22,16,5,300,63,237,20,21.48,21.0,LOW
OMR IT Park,2026-08-22,17,5,300,38,262,18,14.43,12.67,LOW
OMR IT Park,2026-08-22,18,5,300,30,270,13,13.75,10.0,LOW
OMR IT Park,2026-08-22,19,5,300,11,289,5,10.22,3.67,LOW
OMR IT Park,2026-08-22,20,5,300,57,243,28,12.3,19.0,LOW
OMR IT Park,2026-08-22,21,5,300,22,278,10,15.39,7.33,LOW
OMR IT Park,2026-08-22,22,5,300,48,252,17,10.15,16.0,LOW
OMR IT Park,2026-08-22,23,5,300,39,261,18,15.62,13.0,LOW
Anna Nagar Center,2026-08-22,0,5,100,19,81,7,16.63,19.0,LOW
Anna Nagar Center,2026-08-22,1,5,100,21,79,9,23.22,21.0,LOW
Anna Nagar Center,2026-08-22,2,5,100,31,69,14,28.07,31.0,LOW
Anna Nagar Center,2026-08-22,3,5,100,33,67,16,39.31,33.0,LOW
Anna Nagar Center,2026-08-22,4,5,100,33,67,13,29.17,33.0,LOW
Anna Nagar Center,2026-08-22,5,5,100,20,80,4,21.12,20.0,LOW
Anna Nagar Center,2026-08-22,6,5,100,35,65,15,26.7,35.0,LOW
Anna Nagar Center,2026-08-22,7,5,100,26,74,9,29.0,26.0,LOW
Anna Nagar Center,2026-08-22,8,5,100,33,67,13,37.63,33.0,LOW
Anna Nagar Center,2026-08-22,9,5,100,22,78,5,29.44,22.0,LOW
Anna Nagar Center,2026-08-22,10,5,100,28,72,9,27.11,28.0,LOW
Anna Nagar Center,2026-08-22,11,5,100,23,77,5,21.86,23.0,LOW
Anna Nagar Center,2026-08-22,12,5,100,76,24,30,81.88,76.0,MEDIUM
Anna Nagar Center,2026-08-22,13,5,100,72,28,24,70.58,72.0,MEDIUM
Anna Nagar Center,2026-08-22,14,5,100,72,28,19,79.02,72.0,MEDIUM
Anna Nagar Center,2026-08-22,15,5,100,85,15,17,83.23,85.0,HIGH
Anna Nagar Center,2026-08-22,16,5,100,90,10,30,95.81,90.0,HIGH
Anna Nagar Center,2026-08-22,17,5,100,86,14,30,80.94,86.0,HIGH
Anna Nagar Center,2026-08-22,18,5,100,72,28,18,82.42,72.0,MEDIUM
Anna Nagar Center,2026-08-22,19,5,100,83,17,34,78.83,83.0,HIGH
Anna Nagar Center,2026-08-22,20,5,100,84,16,40,76.77,84.0,HIGH
Anna Nagar Center,2026-08-22,21,5,100,88,12,19,90.61,88.0,HIGH
Anna Nagar Center,2026-08-22,22,5,100,79,21,31,87.6,79.0,MEDIUM
Anna Nagar Center,2026-08-22,23,5,100,35,65,16,35.45,35.0,LOW
Guindy Corporate Park,2026-08-22,0,5,180,38,142,17,22.03,21.11,LOW
Guindy Corporate Park,2026-08-22,1,5,180,17,163,5,17.76,9.44,LOW
Guindy Corporate Park,2026-08-22,2,5,180,22,158,7,21.62,12.22,LOW
Guindy Corporate Park,2026-08-22,3,5,180,37,143,17,19.38,20.56,LOW
Guindy Corporate Park,2026-08-22,4,5,180,36,144,11,9.72,20.0,LOW
Guindy Corporate Park,2026-08-22,5,5,180,25,155,11,23.96,13.89,LOW
Guindy Corporate Park,2026-08-22,6,5,180,23,157,9,19.26,12.78,LOW
Guindy Corporate Park,2026-08-22,7,5,180,33,147,11,15.93,18.33,LOW
Guindy Corporate Park,2026-08-22,8,5,180,27,153,9,20.05,15.0,LOW
Guindy Corporate Park,2026-08-22,9,5,180,29,151,6,10.34,16.11,LOW
Guindy Corporate Park,2026-08-22,10,5,180,12,168,4,5.43,6.67,LOW
Guindy Corporate Park,2026-08-22,11,5,180,34,146,12,9.69,18.89,LOW
Guindy Corporate Park,2026-08-22,12,5,180,24,156,11,14.68,13.33,LOW
Guindy Corporate Park,2026-08-22,13,5,180,27,153,6,18.65,15.0,LOW
Guindy Corporate Park,2026-08-22,14,5,180,12,168,3,6.25,6.67,LOW
Guindy Corporate Park,2026-08-22,15,5,180,23,157,5,15.05,12.78,LOW
Guindy Corporate Park,2026-08-22,16,5,180,32,148,8,22.15,17.78,LOW
Guindy Corporate Park,2026-08-22,17,5,180,7,173,1,10.24,3.89,LOW
Guindy Corporate Park,2026-08-22,18,5,180,15,165,5,16.78,8.33,LOW
Guindy Corporate Park,2026-08-22,19,5,180,4,176,1,5.0,2.22,LOW
Guindy Corporate Park,2026-08-22,20,5,180,19,161,5,10.32,10.56,LOW
Guindy Corporate Park,2026-08-22,21,5,180,4,176,2,5.0,2.22,LOW
Guindy Corporate Park,2026-08-22,22,5,180,31,149,15,8.4,17.22,LOW
Guindy Corporate Park,2026-08-22,23,5,180,25,155,12,14.43,13.89,LOW
Chennai Mall,2026-08-23,0,6,150,24,126,7,25.21,16.0,LOW
Chennai Mall,2026-08-23,1,6,150,12,138,5,17.59,8.0,LOW
Chennai Mall,2026-08-23,2,6,150,28,122,13,21.3,18.67,LOW
Chennai Mall,2026-08-23,3,6,150,13,137,5,9.05,8.67,LOW
Chennai Mall,2026-08-23,4,6,150,36,114,10,18.63,24.0,LOW
Chennai Mall,2026-08-23,5,6,150,29,121,9,19.88,19.33,LOW
Chennai Mall,2026-08-23,6,6,150,21,129,8,9.28,14.0,LOW
Chennai Mall,2026-08-23,7,6,150,25,125,12,22.44,16.67,LOW
Chennai Mall,2026-08-23,8,6,150,24,126,8,21.27,16.0,LOW
Chennai Mall,2026-08-23,9,6,150,42,108,19,16.55,28.0,LOW
Chennai Mall,2026-08-23,10,6,150,38,112,12,11.98,25.33,LOW
Chennai Mall,2026-08-23,11,6,150,112,38,35,70.6,74.67,MEDIUM
Chennai Mall,2026-08-23,12,6,150,128,22,63,82.44,85.33,HIGH
Chennai Mall,2026-08-23,13,6,150,126,24,53,79.2,84.0,HIGH
Chennai Mall,2026-08-23,14,6,150,128,22,40,79.37,85.33,HIGH
Chennai Mall,2026-08-23,15,6,150,144,6,47,92.4,96.0,HIGH
Chennai Mall,2026-08-23,16,6,150,140,10,49,84.4,93.33,HIGH
Chennai Mall,2026-08-23,17,6,150,150,0,71,98.0,100.0,HIGH
Chennai Mall,2026-08-23,18,6,150,138,12,63,83.16,92.0,HIGH
Chennai Mall,2026-08-23,19,6,150,135,15,54,82.05,90.0,HIGH
Chennai Mall,2026-08-23,20,6,150,124,26,57,85.87,82.67,HIGH
Chennai Mall,2026-08-23,21,6,150,148,2,58,92.87,98.67,HIGH
Chennai Mall,2026-08-23,22,6,150,63,87,18,48.68,42.0,LOW
Chennai Mall,2026-08-23,23,6,150,50,100,25,37.43,33.33,LOW
T Nagar Commercial Hub,2026-08-23,0,6,120,39,81,17,29.79,32.5,LOW
T Nagar Commercial Hub,2026-08-23,1,6,120,24,96,11,20.5,20.0,LOW
T Nagar Commercial Hub,2026-08-23,2,6,120,46,74,15,37.25,38.33,LOW
T Nagar Commercial Hub,2026-08-23,3,6,120,39,81,17,31.34,32.5,LOW
T Nagar Commercial Hub,2026-08-23,4,6,120,19,101,5,11.88,15.83,LOW
T Nagar Commercial Hub,2026-08-23,5,6,120,46,74,17,27.3,38.33,LOW
T Nagar Commercial Hub,2026-08-23,6,6,120,32,88,15,19.68,26.67,LOW
T Nagar Commercial Hub,2026-08-23,7,6,120,25,95,11,22.54,20.83,LOW
T Nagar Commercial Hub,2026-08-23,8,6,120,48,72,22,33.21,40.0,LOW
T Nagar Commercial Hub,2026-08-23,9,6,120,23,97,10,24.6,19.17,LOW
T Nagar Commercial Hub,2026-08-23,10,6,120,46,74,16,30.47,38.33,LOW
T Nagar Commercial Hub,2026-08-23,11,6,120,110,10,49,79.85,91.67,HIGH
T Nagar Commercial Hub,2026-08-23,12,6,120,97,23,41,85.98,80.83,HIGH
T Nagar Commercial Hub,2026-08-23,13,6,120,111,9,38,89.18,92.5,HIGH
T Nagar Commercial Hub,2026-08-23,14,6,120,114,6,51,94.37,95.0,HIGH
T Nagar Commercial Hub,2026-08-23,15,6,120,108,12,44,87.81,90.0,HIGH
T Nagar Commercial Hub,2026-08-23,16,6,120,95,25,33,80.72,79.17,MEDIUM
T Nagar Commercial Hub,2026-08-23,17,6,120,104,16,42,81.29,86.67,HIGH
T Nagar Commercial Hub,2026-08-23,18,6,120,115,5,48,91.59,95.83,HIGH
T Nagar Commercial Hub,2026-08-23,19,6,120,98,22,46,83.23,81.67,HIGH
T Nagar Commercial Hub,2026-08-23,20,6,120,116,4,31,98.0,96.67,HIGH
T Nagar Commercial Hub,2026-08-23,21,6,120,113,7,52,93.05,94.17,HIGH
T Nagar Commercial Hub,2026-08-23,22,6,120,38,82,11,34.53,31.67,LOW
T Nagar Commercial Hub,2026-08-23,23,6,120,42,78,13,33.38,35.0,LOW
Velachery Metro Station,2026-08-23,0,6,200,66,134,24,24.41,33.0,LOW
Velachery Metro Station,2026-08-23,1,6,200,50,150,17,21.88,25.0,LOW
Velachery Metro Station,2026-08-23,2,6,200,54,146,15,29.38,27.0,LOW
Velachery Metro Station,2026-08-23,3,6,200,69,131,17,24.45,34.5,LOW
Velachery Metro Station,2026-08-23,4,6,200,40,160,19,17.46,20.0,LOW
Velachery Metro Station,2026-08-23,5,6,200,53,147,25,22.71,26.5,LOW
Velachery Metro Station,2026-08-23,6,6,200,51,149,19,25.88,25.5,LOW
Velachery Metro Station,2026-08-23,7,6,200,49,151,23,28.43,24.5,LOW
Velachery Metro Station,2026-08-23,8,6,200,58,142,19,32.9,29.0,LOW
Velachery Metro Station,2026-08-23,9,6,200,86,114,42,45.48,43.0,LOW
Velachery Metro Station,2026-08-23,10,6,200,63,137,24,27.24,31.5,LOW
Velachery Metro Station,2026-08-23,11,6,200,79,121,19,41.32,39.5,LOW
Velachery Metro Station,2026-08-23,12,6,200,63,137,14,35.75,31.5,LOW
Velachery Metro Station,2026-08-23,13,6,200,56,144,21,30.53,28.0,LOW
Velachery Metro Station,2026-08-23,14,6,200,48,152,17,24.69,24.0,LOW
Velachery Metro Station,2026-08-23,15,6,200,46,154,17,22.76,23.0,LOW
Velachery Metro Station,2026-08-23,16,6,200,84,116,32,38.82,42.0,LOW
Velachery Metro Station,2026-08-23,17,6,200,66,134,25,36.75,33.0,LOW
Velachery Metro Station,2026-08-23,18,6,200,47,153,22,24.98,23.5,LOW
Velachery Metro Station,2026-08-23,19,6,200,41,159,20,21.79,20.5,LOW
Velachery Metro Station,2026-08-23,20,6,200,67,133,14,39.3,33.5,LOW
Velachery Metro Station,2026-08-23,21,6,200,65,135,19,33.06,32.5,LOW
Velachery Metro Station,2026-08-23,22,6,200,73,127,31,31.24,36.5,LOW
Velachery Metro Station,2026-08-23,23,6,200,92,108,33,50.96,46.0,LOW
OMR IT Park,2026-08-23,0,6,300,44,256,11,19.51,14.67,LOW
OMR IT Park,2026-08-23,1,6,300,41,259,11,7.02,13.67,LOW
OMR IT Park,2026-08-23,2,6,300,8,292,2,5.0,2.67,LOW
OMR IT Park,2026-08-23,3,6,300,51,249,13,22.61,17.0,LOW
OMR IT Park,2026-08-23,4,6,300,26,274,12,8.36,8.67,LOW
OMR IT Park,2026-08-23,5,6,300,34,266,16,9.75,11.33,LOW
OMR IT Park,2026-08-23,6,6,300,64,236,15,21.37,21.33,LOW
OMR IT Park,2026-08-23,7,6,300,61,239,13,16.99,20.33,LOW
OMR IT Park,2026-08-23,8,6,300,37,263,11,13.27,12.33,LOW
OMR IT Park,2026-08-23,9,6,300,32,268,9,20.53,10.67,LOW
OMR IT Park,2026-08-23,10,6,300,23,277,7,15.69,7.67,LOW
OMR IT Park,2026-08-23,11,6,300,52,248,16,15.17,17.33,LOW
OMR IT Park,2026-08-23,12,6,300,43,257,9,16.34,14.33,LOW
OMR IT Park,2026-08-23,13,6,300,18,282,6,5.0,6.0,LOW
OMR IT Park,2026-08-23,14,6,300,57,243,12,11.34,19.0,LOW
OMR IT Park,2026-08-23,15,6,300,49,251,13,21.33,16.33,LOW
OMR IT Park,2026-08-23,16,6,300,27,273,8,16.64,9.0,LOW
OMR IT Park,2026-08-23,17,6,300,67,233,14,21.58,22.33,LOW
OMR IT Park,2026-08-23,18,6,300,51,249,13,5.0,17.0,LOW
OMR IT Park,2026-08-23,19,6,300,28,272,11,19.04,9.33,LOW
OMR IT Park,2026-08-23,20,6,300,23,277,9,10.38,7.67,LOW
OMR IT Park,2026-08-23,21,6,300,27,273,10,14.65,9.0,LOW
OMR IT Park,2026-08-23,22,6,300,57,243,18,12.36,19.0,LOW
OMR IT Park,2026-08-23,23,6,300,64,236,17,23.24,21.33,LOW
Anna Nagar Center,2026-08-23,0,6,100,21,79,7,19.62,21.0,LOW
Anna Nagar Center,2026-08-23,1,6,100,26,74,6,25.04,26.0,LOW
Anna Nagar Center,2026-08-23,2,6,100,38,62,18,44.22,38.0,LOW
Anna Nagar Center,2026-08-23,3,6,100,26,74,10,26.84,26.0,LOW
Anna Nagar Center,2026-08-23,4,6,100,49,51,22,36.39,49.0,LOW
Anna Nagar Center,2026-08-23,5,6,100,39,61,13,34.93,39.0,LOW
Anna Nagar Center,2026-08-23,6,6,100,31,69,9,36.09,31.0,LOW
Anna Nagar Center,2026-08-23,7,6,100,29,71,13,32.43,29.0,LOW
Anna Nagar Center,2026-08-23,8,6,100,31,69,10,36.2,31.0,LOW
Anna Nagar Center,2026-08-23,9,6,100,24,76,6,29.51,24.0,LOW
Anna Nagar Center,2026-08-23,10,6,100,20,80,7,17.52,20.0,LOW
Anna Nagar Center,2026-08-23,11,6,100,42,58,16,35.86,42.0,LOW
Anna Nagar Center,2026-08-23,12,6,100,74,26,26,69.87,74.0,MEDIUM
Anna Nagar Center,2026-08-23,13,6,100,73,27,26,82.16,73.0,MEDIUM
Anna Nagar Center,2026-08-23,14,6,100,69,31,15,72.55,69.0,MEDIUM
Anna Nagar Center,2026-08-23,15,6,100,84,16,18,75.92,84.0,HIGH
Anna Nagar Center,2026-08-23,16,6,100,82,18,18,81.09,82.0,HIGH
Anna Nagar Center,2026-08-23,17,6,100,69,31,29,67.97,69.0,MEDIUM
Anna Nagar Center,2026-08-23,18,6,100,81,19,16,84.58,81.0,HIGH
Anna Nagar Center,2026-08-23,19,6,100,75,25,33,72.45,75.0,MEDIUM
Anna Nagar Center,2026-08-23,20,6,100,92,8,41,85.77,92.0,HIGH
Anna Nagar Center,2026-08-23,21,6,100,94,6,34,82.16,94.0,HIGH
Anna Nagar Center,2026-08-23,22,6,100,86,14,36,77.4,86.0,HIGH
Anna Nagar Center,2026-08-23,23,6,100,14,86,6,12.37,14.0,LOW
Guindy Corporate Park,2026-08-23,0,6,180,39,141,11,13.33,21.67,LOW
Guindy Corporate Park,2026-08-23,1,6,180,18,162,7,7.48,10.0,LOW
Guindy Corporate Park,2026-08-23,2,6,180,10,170,3,12.1,5.56,LOW
Guindy Corporate Park,2026-08-23,3,6,180,35,145,9,17.01,19.44,LOW
Guindy Corporate Park,2026-08-23,4,6,180,4,176,1,11.6,2.22,LOW
Guindy Corporate Park,2026-08-23,5,6,180,11,169,4,13.55,6.11,LOW
Guindy Corporate Park,2026-08-23,6,6,180,30,150,12,19.35,16.67,LOW
Guindy Corporate Park,2026-08-23,7,6,180,21,159,6,6.44,11.67,LOW
Guindy Corporate Park,2026-08-23,8,6,180,25,155,10,14.17,13.89,LOW
Guindy Corporate Park,2026-08-23,9,6,180,22,158,8,15.02,12.22,LOW
Guindy Corporate Park,2026-08-23,10,6,180,30,150,13,16.03,16.67,LOW
Guindy Corporate Park,2026-08-23,11,6,180,42,138,10,14.88,23.33,LOW
Guindy Corporate Park,2026-08-23,12,6,180,34,146,16,24.37,18.89,LOW
Guindy Corporate Park,2026-08-23,13,6,180,37,143,18,18.14,20.56,LOW
Guindy Corporate Park,2026-08-23,14,6,180,14,166,5,5.75,7.78,LOW
Guindy Corporate Park,2026-08-23,15,6,180,15,165,7,8.24,8.33,LOW
Guindy Corporate Park,2026-08-23,16,6,180,14,166,5,13.51,7.78,LOW
Guindy Corporate Park,2026-08-23,17,6,180,18,162,4,8.67,10.0,LOW
Guindy Corporate Park,2026-08-23,18,6,180,22,158,11,22.45,12.22,LOW
Guindy Corporate Park,2026-08-23,19,6,180,13,167,5,6.11,7.22,LOW
Guindy Corporate Park,2026-08-23,20,6,180,18,162,5,6.44,10.0,LOW
Guindy Corporate Park,2026-08-23,21,6,180,22,158,8,14.13,12.22,LOW
Guindy Corporate Park,2026-08-23,22,6,180,28,152,13,11.16,15.56,LOW
Guindy Corporate Park,2026-08-23,23,6,180,30,150,11,12.95,16.67,LOW
Chennai Mall,2026-08-24,0,0,150,25,125,10,18.79,16.67,LOW
Chennai Mall,2026-08-24,1,0,150,32,118,15,18.94,21.33,LOW
Chennai Mall,2026-08-24,2,0,150,18,132,7,12.15,12.0,LOW
Chennai Mall,2026-08-24,3,0,150,20,130,5,18.51,13.33,LOW
Chennai Mall,2026-08-24,4,0,150,28,122,9,22.38,18.67,LOW
Chennai Mall,2026-08-24,5,0,150,17,133,6,16.31,11.33,LOW
Chennai Mall,2026-08-24,6,0,150,14,136,6,17.02,9.33,LOW
Chennai Mall,2026-08-24,7,0,150,12,138,3,5.0,8.0,LOW
Chennai Mall,2026-08-24,8,0,150,7,143,3,17.91,4.67,LOW
Chennai Mall,2026-08-24,9,0,150,9,141,3,9.74,6.0,LOW
Chennai Mall,2026-08-24,10,0,150,33,117,11,28.27,22.0,LOW
Chennai Mall,2026-08-24,11,0,150,20,130,6,5.0,13.33,LOW
Chennai Mall,2026-08-24,12,0,150,73,77,21,40.51,48.67,LOW
Chennai Mall,2026-08-24,13,0,150,77,73,33,51.2,51.33,MEDIUM
Chennai Mall,2026-08-24,14,0,150,91,59,26,68.75,60.67,MEDIUM
Chennai Mall,2026-08-24,15,0,150,82,68,40,55.2,54.67,MEDIUM
Chennai Mall,2026-08-24,16,0,150,15,135,6,5.96,10.0,LOW
Chennai Mall,2026-08-24,17,0,150,109,41,39,73.52,72.67,MEDIUM
Chennai Mall,2026-08-24,18,0,150,117,33,52,80.43,78.0,MEDIUM
Chennai Mall,2026-08-24,19,0,150,118,32,36,89.66,78.67,MEDIUM
Chennai Mall,2026-08-24,20,0,150,122,28,58,81.55,81.33,HIGH
Chennai Mall,2026-08-24,21,0,150,116,34,50,80.65,77.33,MEDIUM
Chennai Mall,2026-08-24,22,0,150,57,93,17,39.47,38.0,LOW
Chennai Mall,2026-08-24,23,0,150,41,109,12,23.97,27.33,LOW
T Nagar Commercial Hub,2026-08-24,0,0,120,15,105,4,15.93,12.5,LOW
T Nagar Commercial Hub,2026-08-24,1,0,120,15,105,6,12.14,12.5,LOW
T Nagar Commercial Hub,2026-08-24,2,0,120,8,112,3,12.01,6.67,LOW
T Nagar Commercial Hub,2026-08-24,3,0,120,8,112,4,5.0,6.67,LOW
T Nagar Commercial Hub,2026-08-24,4,0,120,3,117,1,5.0,2.5,LOW
T Nagar Commercial Hub,2026-08-24,5,0,120,23,97,11,12.85,19.17,LOW
T Nagar Commercial Hub,2026-08-24,6,0,120,3,117,1,12.72,2.5,LOW
T Nagar Commercial Hub,2026-08-24,7,0,120,18,102,6,16.0,15.0,LOW
T Nagar Commercial Hub,2026-08-24,8,0,120,21,99,9,23.4,17.5,LOW
T Nagar Commercial Hub,2026-08-24,9,0,120,2,118,1,9.25,1.67,LOW
T Nagar Commercial Hub,2026-08-24,10,0,120,94,26,38,72.01,78.33,MEDIUM
T Nagar Commercial Hub,2026-08-24,11,0,120,104,16,33,89.77,86.67,HIGH
T Nagar Commercial Hub,2026-08-24,12,0,120,75,45,30,59.43,62.5,MEDIUM
T Nagar Commercial Hub,2026-08-24,13,0,120,91,29,35,78.75,75.83,MEDIUM
T Nagar Commercial Hub,2026-08-24,14,0,120,97,23,46,69.78,80.83,HIGH
T Nagar Commercial Hub,2026-08-24,15,0,120,85,35,38,74.61,70.83,MEDIUM
T Nagar Commercial Hub,2026-08-24,16,0,120,97,23,34,75.45,80.83,HIGH
T Nagar Commercial Hub,2026-08-24,17,0,120,95,25,36,72.97,79.17,MEDIUM
T Nagar Commercial Hub,2026-08-24,18,0,120,87,33,18,70.49,72.5,MEDIUM
T Nagar Commercial Hub,2026-08-24,19,0,120,83,37,18,80.82,69.17,MEDIUM
T Nagar Commercial Hub,2026-08-24,20,0,120,48,72,19,33.38,40.0,LOW
T Nagar Commercial Hub,2026-08-24,21,0,120,53,67,24,41.15,44.17,LOW
T Nagar Commercial Hub,2026-08-24,22,0,120,47,73,13,41.16,39.17,LOW
T Nagar Commercial Hub,2026-08-24,23,0,120,24,96,12,8.32,20.0,LOW
Velachery Metro Station,2026-08-24,0,0,200,19,181,5,12.14,9.5,LOW
Velachery Metro Station,2026-08-24,1,0,200,31,169,12,14.31,15.5,LOW
Velachery Metro Station,2026-08-24,2,0,200,33,167,8,14.34,16.5,LOW
Velachery Metro Station,2026-08-24,3,0,200,19,181,8,7.45,9.5,LOW
Velachery Metro Station,2026-08-24,4,0,200,14,186,7,22.37,7.0,LOW
Velachery Metro Station,2026-08-24,5,0,200,20,180,4,13.39,10.0,LOW
Velachery Metro Station,2026-08-24,6,0,200,35,165,14,10.9,17.5,LOW
Velachery Metro Station,2026-08-24,7,0,200,184,16,47,98.0,92.0,HIGH
Velachery Metro Station,2026-08-24,8,0,200,198,2,81,98.0,99.0,HIGH
Velachery Metro Station,2026-08-24,9,0,200,174,26,71,88.71,87.0,HIGH
Velachery Metro Station,2026-08-24,10,0,200,193,7,55,80.45,96.5,HIGH
Velachery Metro Station,2026-08-24,11,0,200,146,54,64,75.44,73.0,MEDIUM
Velachery Metro Station,2026-08-24,12,0,200,148,52,51,78.27,74.0,MEDIUM
Velachery Metro Station,2026-08-24,13,0,200,179,21,74,74.33,89.5,HIGH
Velachery Metro Station,2026-08-24,14,0,200,150,50,56,75.8,75.0,MEDIUM
Velachery Metro Station,2026-08-24,15,0,200,156,44,43,85.81,78.0,MEDIUM
Velachery Metro Station,2026-08-24,16,0,200,145,55,36,69.98,72.5,MEDIUM
Velachery Metro Station,2026-08-24,17,0,200,191,9,88,98.0,95.5,HIGH
Velachery Metro Station,2026-08-24,18,0,200,175,25,40,87.81,87.5,HIGH
Velachery Metro Station,2026-08-24,19,0,200,175,25,53,89.02,87.5,HIGH
Velachery Metro Station,2026-08-24,20,0,200,177,23,87,95.74,88.5,HIGH
Velachery Metro Station,2026-08-24,21,0,200,119,81,39,52.98,59.5,MEDIUM
Velachery Metro Station,2026-08-24,22,0,200,67,133,22,38.72,33.5,LOW
Velachery Metro Station,2026-08-24,23,0,200,57,143,16,40.04,28.5,LOW
OMR IT Park,2026-08-24,0,0,300,28,272,12,5.0,9.33,LOW
OMR IT Park,2026-08-24,1,0,300,10,290,3,5.15,3.33,LOW
OMR IT Park,2026-08-24,2,0,300,6,294,2,5.0,2.0,LOW
OMR IT Park,2026-08-24,3,0,300,35,265,10,10.02,11.67,LOW
OMR IT Park,2026-08-24,4,0,300,15,285,5,5.32,5.0,LOW
OMR IT Park,2026-08-24,5,0,300,13,287,4,7.59,4.33,LOW
OMR IT Park,2026-08-24,6,0,300,6,294,2,5.0,2.0,LOW
OMR IT Park,2026-08-24,7,0,300,25,275,12,7.14,8.33,LOW
OMR IT Park,2026-08-24,8,0,300,263,37,94,85.81,87.67,HIGH
OMR IT Park,2026-08-24,9,0,300,240,60,111,73.24,80.0,HIGH
OMR IT Park,2026-08-24,10,0,300,223,77,84,70.93,74.33,MEDIUM
OMR IT Park,2026-08-24,11,0,300,263,37,106,82.09,87.67,HIGH
OMR IT Park,2026-08-24,12,0,300,253,47,111,74.7,84.33,HIGH
OMR IT Park,2026-08-24,13,0,300,300,0,84,98.0,100.0,HIGH
OMR IT Park,2026-08-24,14,0,300,268,32,130,95.9,89.33,HIGH
OMR IT Park,2026-08-24,15,0,300,269,31,129,96.45,89.67,HIGH
OMR IT Park,2026-08-24,16,0,300,244,56,63,82.75,81.33,HIGH
OMR IT Park,2026-08-24,17,0,300,183,117,62,56.46,61.0,MEDIUM
OMR IT Park,2026-08-24,18,0,300,193,107,41,64.83,64.33,MEDIUM
OMR IT Park,2026-08-24,19,0,300,174,126,48,50.0,58.0,MEDIUM
OMR IT Park,2026-08-24,20,0,300,82,218,38,14.24,27.33,LOW
OMR IT Park,2026-08-24,21,0,300,105,195,43,47.15,35.0,LOW
OMR IT Park,2026-08-24,22,0,300,101,199,35,29.23,33.67,LOW
OMR IT Park,2026-08-24,23,0,300,29,271,9,6.91,9.67,LOW
Anna Nagar Center,2026-08-24,0,0,100,20,80,8,13.78,20.0,LOW
Anna Nagar Center,2026-08-24,1,0,100,10,90,4,24.8,10.0,LOW
Anna Nagar Center,2026-08-24,2,0,100,19,81,5,20.93,19.0,LOW
Anna Nagar Center,2026-08-24,3,0,100,17,83,6,14.94,17.0,LOW
Anna Nagar Center,2026-08-24,4,0,100,24,76,6,16.66,24.0,LOW
Anna Nagar Center,2026-08-24,5,0,100,30,70,12,25.28,30.0,LOW
Anna Nagar Center,2026-08-24,6,0,100,12,88,4,15.03,12.0,LOW
Anna Nagar Center,2026-08-24,7,0,100,19,81,4,13.79,19.0,LOW
Anna Nagar Center,2026-08-24,8,0,100,52,48,20,53.83,52.0,MEDIUM
Anna Nagar Center,2026-08-24,9,0,100,57,43,17,60.24,57.0,MEDIUM
Anna Nagar Center,2026-08-24,10,0,100,62,38,17,66.86,62.0,MEDIUM
Anna Nagar Center,2026-08-24,11,0,100,41,59,9,52.83,41.0,LOW
Anna Nagar Center,2026-08-24,12,0,100,73,27,29,73.73,73.0,MEDIUM
Anna Nagar Center,2026-08-24,13,0,100,67,33,23,72.08,67.0,MEDIUM
Anna Nagar Center,2026-08-24,14,0,100,87,13,38,85.42,87.0,HIGH
Anna Nagar Center,2026-08-24,15,0,100,67,33,18,66.3,67.0,MEDIUM
Anna Nagar Center,2026-08-24,16,0,100,51,49,17,60.46,51.0,MEDIUM
Anna Nagar Center,2026-08-24,17,0,100,42,58,19,40.72,42.0,LOW
Anna Nagar Center,2026-08-24,18,0,100,69,31,21,61.71,69.0,MEDIUM
Anna Nagar Center,2026-08-24,19,0,100,82,18,28,78.1,82.0,HIGH
Anna Nagar Center,2026-08-24,20,0,100,81,19,32,87.29,81.0,HIGH
Anna Nagar Center,2026-08-24,21,0,100,71,29,21,69.07,71.0,MEDIUM
Anna Nagar Center,2026-08-24,22,0,100,10,90,5,11.46,10.0,LOW
Anna Nagar Center,2026-08-24,23,0,100,16,84,6,17.55,16.0,LOW
Guindy Corporate Park,2026-08-24,0,0,180,4,176,1,5.0,2.22,LOW
Guindy Corporate Park,2026-08-24,1,0,180,5,175,1,7.22,2.78,LOW
Guindy Corporate Park,2026-08-24,2,0,180,4,176,1,5.0,2.22,LOW
Guindy Corporate Park,2026-08-24,3,0,180,12,168,6,12.96,6.67,LOW
Guindy Corporate Park,2026-08-24,4,0,180,17,163,5,5.0,9.44,LOW
Guindy Corporate Park,2026-08-24,5,0,180,12,168,4,10.32,6.67,LOW
Guindy Corporate Park,2026-08-24,6,0,180,15,165,3,16.35,8.33,LOW
Guindy Corporate Park,2026-08-24,7,0,180,10,170,5,5.0,5.56,LOW
Guindy Corporate Park,2026-08-24,8,0,180,159,21,66,86.38,88.33,HIGH
Guindy Corporate Park,2026-08-24,9,0,180,149,31,62,80.26,82.78,HIGH
Guindy Corporate Park,2026-08-24,10,0,180,160,20,68,93.52,88.89,HIGH
Guindy Corporate Park,2026-08-24,11,0,180,170,10,80,95.28,94.44,HIGH
Guindy Corporate Park,2026-08-24,12,0,180,146,34,65,72.91,81.11,HIGH
Guindy Corporate Park,2026-08-24,13,0,180,143,37,31,79.73,79.44,MEDIUM
Guindy Corporate Park,2026-08-24,14,0,180,179,1,85,98.0,99.44,HIGH
Guindy Corporate Park,2026-08-24,15,0,180,142,38,39,80.47,78.89,MEDIUM
Guindy Corporate Park,2026-08-24,16,0,180,164,16,65,85.52,91.11,HIGH
Guindy Corporate Park,2026-08-24,17,0,180,99,81,45,58.5,55.0,MEDIUM
Guindy Corporate Park,2026-08-24,18,0,180,106,74,25,49.4,58.89,MEDIUM
Guindy Corporate Park,2026-08-24,19,0,180,93,87,46,58.21,51.67,MEDIUM
Guindy Corporate Park,2026-08-24,20,0,180,41,139,19,22.31,22.78,LOW
Guindy Corporate Park,2026-08-24,21,0,180,35,145,14,17.83,19.44,LOW
Guindy Corporate Park,2026-08-24,22,0,180,44,136,14,25.74,24.44,LOW
Guindy Corporate Park,2026-08-24,23,0,180,10,170,3,6.88,5.56,LOW
Chennai Mall,2026-08-25,0,1,150,27,123,6,15.34,18.0,LOW
Chennai Mall,2026-08-25,1,1,150,21,129,7,22.49,14.0,LOW
Chennai Mall,2026-08-25,2,1,150,11,139,4,6.67,7.33,LOW
Chennai Mall,2026-08-25,3,1,150,20,130,6,26.0,13.33,LOW
Chennai Mall,2026-08-25,4,1,150,18,132,8,11.31,12.0,LOW
Chennai Mall,2026-08-25,5,1,150,9,141,3,5.67,6.0,LOW
Chennai Mall,2026-08-25,6,1,150,16,134,5,11.34,10.67,LOW
Chennai Mall,2026-08-25,7,1,150,13,137,4,5.45,8.67,LOW
Chennai Mall,2026-08-25,8,1,150,17,133,5,7.53,11.33,LOW
Chennai Mall,2026-08-25,9,1,150,24,126,11,25.1,16.0,LOW
Chennai Mall,2026-08-25,10,1,150,27,123,7,29.54,18.0,LOW
Chennai Mall,2026-08-25,11,1,150,16,134,4,9.62,10.67,LOW
Chennai Mall,2026-08-25,12,1,150,61,89,24,38.74,40.67,LOW
Chennai Mall,2026-08-25,13,1,150,72,78,33,61.08,48.0,LOW
Chennai Mall,2026-08-25,14,1,150,84,66,17,58.76,56.0,MEDIUM
Chennai Mall,2026-08-25,15,1,150,73,77,24,59.02,48.67,LOW
Chennai Mall,2026-08-25,16,1,150,30,120,10,17.12,20.0,LOW
Chennai Mall,2026-08-25,17,1,150,124,26,46,80.02,82.67,HIGH
Chennai Mall,2026-08-25,18,1,150,105,45,43,70.06,70.0,MEDIUM
Chennai Mall,2026-08-25,19,1,150,92,58,21,71.8,61.33,MEDIUM
Chennai Mall,2026-08-25,20,1,150,129,21,34,81.73,86.0,HIGH
Chennai Mall,2026-08-25,21,1,150,122,28,36,82.05,81.33,HIGH
Chennai Mall,2026-08-25,22,1,150,51,99,21,37.82,34.0,LOW
Chennai Mall,2026-08-25,23,1,150,52,98,17,44.03,34.67,LOW
T Nagar Commercial Hub,2026-08-25,0,1,120,19,101,6,5.0,15.83,LOW
T Nagar Commercial Hub,2026-08-25,1,1,120,20,100,9,10.85,16.67,LOW
T Nagar Commercial Hub,2026-08-25,2,1,120,13,107,7,21.96,10.83,LOW
T Nagar Commercial Hub,2026-08-25,3,1,120,21,99,5,20.17,17.5,LOW
T Nagar Commercial Hub,2026-08-25,4,1,120,15,105,3,5.0,12.5,LOW
T Nagar Commercial Hub,2026-08-25,5,1,120,8,112,2,6.31,6.67,LOW
T Nagar Commercial Hub,2026-08-25,6,1,120,24,96,11,14.95,20.0,LOW
T Nagar Commercial Hub,2026-08-25,7,1,120,16,104,6,5.29,13.33,LOW
T Nagar Commercial Hub,2026-08-25,8,1,120,28,92,12,23.16,23.33,LOW
T Nagar Commercial Hub,2026-08-25,9,1,120,5,115,1,7.65,4.17,LOW
T Nagar Commercial Hub,2026-08-25,10,1,120,83,37,20,66.46,69.17,MEDIUM
T Nagar Commercial Hub,2026-08-25,11,1,120,94,26,45,77.43,78.33,MEDIUM
T Nagar Commercial Hub,2026-08-25,12,1,120,70,50,20,57.11,58.33,MEDIUM
T Nagar Commercial Hub,2026-08-25,13,1,120,83,37,26,64.33,69.17,MEDIUM
T Nagar Commercial Hub,2026-08-25,14,1,120,89,31,32,79.29,74.17,MEDIUM
T Nagar Commercial Hub,2026-08-25,15,1,120,80,40,36,63.88,66.67,MEDIUM
T Nagar Commercial Hub,2026-08-25,16,1,120,91,29,29,77.34,75.83,MEDIUM
T Nagar Commercial Hub,2026-08-25,17,1,120,93,27,20,79.63,77.5,MEDIUM
T Nagar Commercial Hub,2026-08-25,18,1,120,84,36,24,65.11,70.0,MEDIUM
T Nagar Commercial Hub,2026-08-25,19,1,120,93,27,36,89.88,77.5,MEDIUM
T Nagar Commercial Hub,2026-08-25,20,1,120,50,70,15,42.48,41.67,LOW
T Nagar Commercial Hub,2026-08-25,21,1,120,50,70,22,33.44,41.67,LOW
T Nagar Commercial Hub,2026-08-25,22,1,120,50,70,11,43.83,41.67,LOW
T Nagar Commercial Hub,2026-08-25,23,1,120,17,103,7,12.91,14.17,LOW
Velachery Metro Station,2026-08-25,0,1,200,17,183,4,7.62,8.5,LOW
Velachery Metro Station,2026-08-25,1,1,200,22,178,6,5.0,11.0,LOW
Velachery Metro Station,2026-08-25,2,1,200,33,167,10,8.01,16.5,LOW
Velachery Metro Station,2026-08-25,3,1,200,29,171,11,6.59,14.5,LOW
Velachery Metro Station,2026-08-25,4,1,200,30,170,14,16.76,15.0,LOW
Velachery Metro Station,2026-08-25,5,1,200,41,159,17,17.11,20.5,LOW
Velachery Metro Station,2026-08-25,6,1,200,17,183,5,12.7,8.5,LOW
Velachery Metro Station,2026-08-25,7,1,200,177,23,81,86.67,88.5,HIGH
Velachery Metro Station,2026-08-25,8,1,200,182,18,79,95.91,91.0,HIGH
Velachery Metro Station,2026-08-25,9,1,200,176,24,67,90.17,88.0,HIGH
Velachery Metro Station,2026-08-25,10,1,200,182,18,55,93.51,91.0,HIGH
Velachery Metro Station,2026-08-25,11,1,200,155,45,59,84.06,77.5,MEDIUM
Velachery Metro Station,2026-08-25,12,1,200,161,39,33,85.92,80.5,HIGH
Velachery Metro Station,2026-08-25,13,1,200,140,60,31,74.82,70.0,MEDIUM
Velachery Metro Station,2026-08-25,14,1,200,167,33,62,88.29,83.5,HIGH
Velachery Metro Station,2026-08-25,15,1,200,138,62,44,62.88,69.0,MEDIUM
Velachery Metro Station,2026-08-25,16,1,200,168,32,45,84.81,84.0,HIGH
Velachery Metro Station,2026-08-25,17,1,200,185,15,52,88.43,92.5,HIGH
Velachery Metro Station,2026-08-25,18,1,200,179,21,77,86.29,89.5,HIGH
Velachery Metro Station,2026-08-25,19,1,200,191,9,82,89.69,95.5,HIGH
Velachery Metro Station,2026-08-25,20,1,200,182,18,61,86.26,91.0,HIGH
Velachery Metro Station,2026-08-25,21,1,200,91,109,23,45.76,45.5,LOW
Velachery Metro Station,2026-08-25,22,1,200,85,115,31,38.61,42.5,LOW
Velachery Metro Station,2026-08-25,23,1,200,93,107,40,55.35,46.5,LOW
OMR IT Park,2026-08-25,0,1,300,19,281,9,7.07,6.33,LOW
OMR IT Park,2026-08-25,1,1,300,30,270,12,11.2,10.0,LOW
OMR IT Park,2026-08-25,2,1,300,15,285,7,11.63,5.0,LOW
OMR IT Park,2026-08-25,3,1,300,21,279,8,8.87,7.0,LOW
OMR IT Park,2026-08-25,4,1,300,21,279,5,14.0,7.0,LOW
OMR IT Park,2026-08-25,5,1,300,32,268,11,5.0,10.67,LOW
OMR IT Park,2026-08-25,6,1,300,26,274,13,11.95,8.67,LOW
OMR IT Park,2026-08-25,7,1,300,6,294,3,7.37,2.0,LOW
OMR IT Park,2026-08-25,8,1,300,264,36,131,91.43,88.0,HIGH
OMR IT Park,2026-08-25,9,1,300,291,9,136,84.17,97.0,HIGH
OMR IT Park,2026-08-25,10,1,300,262,38,103,90.11,87.33,HIGH
OMR IT Park,2026-08-25,11,1,300,280,20,129,78.73,93.33,HIGH
OMR IT Park,2026-08-25,12,1,300,283,17,123,98.0,94.33,HIGH
OMR IT Park,2026-08-25,13,1,300,268,32,78,96.4,89.33,HIGH
OMR IT Park,2026-08-25,14,1,300,263,37,87,81.03,87.67,HIGH
OMR IT Park,2026-08-25,15,1,300,267,33,120,90.97,89.0,HIGH
OMR IT Park,2026-08-25,16,1,300,279,21,110,88.72,93.0,HIGH
OMR IT Park,2026-08-25,17,1,300,206,94,89,68.42,68.67,MEDIUM
OMR IT Park,2026-08-25,18,1,300,178,122,36,63.68,59.33,MEDIUM
OMR IT Park,2026-08-25,19,1,300,184,116,38,68.21,61.33,MEDIUM
OMR IT Park,2026-08-25,20,1,300,59,241,26,13.14,19.67,LOW
OMR IT Park,2026-08-25,21,1,300,65,235,25,21.19,21.67,LOW
OMR IT Park,2026-08-25,22,1,300,104,196,42,25.99,34.67,LOW
OMR IT Park,2026-08-25,23,1,300,18,282,8,18.52,6.0,LOW
Anna Nagar Center,2026-08-25,0,1,100,7,93,2,13.76,7.0,LOW
Anna Nagar Center,2026-08-25,1,1,100,8,92,2,8.67,8.0,LOW
Anna Nagar Center,2026-08-25,2,1,100,9,91,2,9.59,9.0,LOW
Anna Nagar Center,2026-08-25,3,1,100,17,83,4,14.19,17.0,LOW
Anna Nagar Center,2026-08-25,4,1,100,22,78,6,26.38,22.0,LOW
Anna Nagar Center,2026-08-25,5,1,100,20,80,7,20.64,20.0,LOW
Anna Nagar Center,2026-08-25,6,1,100,19,81,5,19.21,19.0,LOW
Anna Nagar Center,2026-08-25,7,1,100,16,84,4,12.0,16.0,LOW
Anna Nagar Center,2026-08-25,8,1,100,57,43,28,49.09,57.0,MEDIUM
Anna Nagar Center,2026-08-25,9,1,100,48,52,15,43.65,48.0,LOW
Anna Nagar Center,2026-08-25,10,1,100,45,55,12,46.72,45.0,LOW
Anna Nagar Center,2026-08-25,11,1,100,45,55,9,28.81,45.0,LOW
Anna Nagar Center,2026-08-25,12,1,100,86,14,35,86.87,86.0,HIGH
Anna Nagar Center,2026-08-25,13,1,100,70,30,34,71.94,70.0,MEDIUM
Anna Nagar Center,2026-08-25,14,1,100,76,24,17,69.79,76.0,MEDIUM
Anna Nagar Center,2026-08-25,15,1,100,83,17,34,82.98,83.0,HIGH
Anna Nagar Center,2026-08-25,16,1,100,60,40,18,67.78,60.0,MEDIUM
Anna Nagar Center,2026-08-25,17,1,100,45,55,17,48.9,45.0,LOW
Anna Nagar Center,2026-08-25,18,1,100,81,19,25,89.56,81.0,HIGH
Anna Nagar Center,2026-08-25,19,1,100,66,34,26,68.53,66.0,MEDIUM
Anna Nagar Center,2026-08-25,20,1,100,70,30,33,72.66,70.0,MEDIUM
Anna Nagar Center,2026-08-25,21,1,100,68,32,14,68.12,68.0,MEDIUM
Anna Nagar Center,2026-08-25,22,1,100,22,78,7,21.59,22.0,LOW
Anna Nagar Center,2026-08-25,23,1,100,4,96,1,7.96,4.0,LOW
Guindy Corporate Park,2026-08-25,0,1,180,9,171,4,10.9,5.0,LOW
Guindy Corporate Park,2026-08-25,1,1,180,8,172,2,5.0,4.44,LOW
Guindy Corporate Park,2026-08-25,2,1,180,4,176,1,5.0,2.22,LOW
Guindy Corporate Park,2026-08-25,3,1,180,4,176,1,5.0,2.22,LOW
Guindy Corporate Park,2026-08-25,4,1,180,4,176,1,6.46,2.22,LOW
Guindy Corporate Park,2026-08-25,5,1,180,14,166,6,6.27,7.78,LOW
Guindy Corporate Park,2026-08-25,6,1,180,4,176,1,8.11,2.22,LOW
Guindy Corporate Park,2026-08-25,7,1,180,9,171,4,5.0,5.0,LOW
Guindy Corporate Park,2026-08-25,8,1,180,134,46,60,68.21,74.44,MEDIUM
Guindy Corporate Park,2026-08-25,9,1,180,126,54,35,72.41,70.0,MEDIUM
Guindy Corporate Park,2026-08-25,10,1,180,135,45,29,69.8,75.0,MEDIUM
Guindy Corporate Park,2026-08-25,11,1,180,159,21,44,85.35,88.33,HIGH
Guindy Corporate Park,2026-08-25,12,1,180,179,1,82,98.0,99.44,HIGH
Guindy Corporate Park,2026-08-25,13,1,180,154,26,72,81.47,85.56,HIGH
Guindy Corporate Park,2026-08-25,14,1,180,145,35,65,81.25,80.56,HIGH
Guindy Corporate Park,2026-08-25,15,1,180,170,10,39,95.36,94.44,HIGH
Guindy Corporate Park,2026-08-25,16,1,180,162,18,80,97.93,90.0,HIGH
Guindy Corporate Park,2026-08-25,17,1,180,134,46,44,66.65,74.44,MEDIUM
Guindy Corporate Park,2026-08-25,18,1,180,122,58,59,73.15,67.78,MEDIUM
Guindy Corporate Park,2026-08-25,19,1,180,92,88,30,47.72,51.11,MEDIUM
Guindy Corporate Park,2026-08-25,20,1,180,60,120,13,27.53,33.33,LOW
Guindy Corporate Park,2026-08-25,21,1,180,69,111,30,35.57,38.33,LOW
Guindy Corporate Park,2026-08-25,22,1,180,41,139,16,29.11,22.78,LOW
Guindy Corporate Park,2026-08-25,23,1,180,15,165,3,5.0,8.33,LOW
Chennai Mall,2026-08-26,0,2,150,13,137,4,11.53,8.67,LOW
Chennai Mall,2026-08-26,1,2,150,38,112,10,22.29,25.33,LOW
Chennai Mall,2026-08-26,2,2,150,30,120,7,12.2,20.0,LOW
Chennai Mall,2026-08-26,3,2,150,23,127,11,14.34,15.33,LOW
Chennai Mall,2026-08-26,4,2,150,37,113,10,30.69,24.67,LOW
Chennai Mall,2026-08-26,5,2,150,20,130,6,6.93,13.33,LOW
Chennai Mall,2026-08-26,6,2,150,47,103,13,19.17,31.33,LOW
Chennai Mall,2026-08-26,7,2,150,21,129,10,12.18,14.0,LOW
Chennai Mall,2026-08-26,8,2,150,9,141,4,11.79,6.0,LOW
Chennai Mall,2026-08-26,9,2,150,26,124,12,9.8,17.33,LOW
Chennai Mall,2026-08-26,10,2,150,18,132,9,17.27,12.0,LOW
Chennai Mall,2026-08-26,11,2,150,7,143,2,5.0,4.67,LOW
Chennai Mall,2026-08-26,12,2,150,81,69,17,36.04,54.0,MEDIUM
Chennai Mall,2026-08-26,13,2,150,71,79,21,48.06,47.33,LOW
Chennai Mall,2026-08-26,14,2,150,79,71,39,49.29,52.67,MEDIUM
Chennai Mall,2026-08-26,15,2,150,68,82,14,53.24,45.33,LOW
Chennai Mall,2026-08-26,16,2,150,32,118,14,14.45,21.33,LOW
Chennai Mall,2026-08-26,17,2,150,127,23,41,72.99,84.67,HIGH
Chennai Mall,2026-08-26,18,2,150,113,37,28,74.09,75.33,MEDIUM
Chennai Mall,2026-08-26,19,2,150,136,14,68,91.05,90.67,HIGH
Chennai Mall,2026-08-26,20,2,150,117,33,24,75.48,78.0,MEDIUM
Chennai Mall,2026-08-26,21,2,150,127,23,28,85.3,84.67,HIGH
Chennai Mall,2026-08-26,22,2,150,56,94,28,40.21,37.33,LOW
Chennai Mall,2026-08-26,23,2,150,47,103,12,25.3,31.33,LOW
T Nagar Commercial Hub,2026-08-26,0,2,120,6,114,3,7.68,5.0,LOW
T Nagar Commercial Hub,2026-08-26,1,2,120,11,109,5,7.46,9.17,LOW
T Nagar Commercial Hub,2026-08-26,2,2,120,20,100,6,13.83,16.67,LOW
T Nagar Commercial Hub,2026-08-26,3,2,120,14,106,7,23.25,11.67,LOW
T Nagar Commercial Hub,2026-08-26,4,2,120,12,108,5,5.0,10.0,LOW
T Nagar Commercial Hub,2026-08-26,5,2,120,6,114,1,6.83,5.0,LOW
T Nagar Commercial Hub,2026-08-26,6,2,120,21,99,5,15.9,17.5,LOW
T Nagar Commercial Hub,2026-08-26,7,2,120,21,99,5,22.94,17.5,LOW
T Nagar Commercial Hub,2026-08-26,8,2,120,24,96,8,15.63,20.0,LOW
T Nagar Commercial Hub,2026-08-26,9,2,120,9,111,4,18.93,7.5,LOW
T Nagar Commercial Hub,2026-08-26,10,2,120,94,26,42,94.54,78.33,MEDIUM
T Nagar Commercial Hub,2026-08-26,11,2,120,100,20,25,71.86,83.33,HIGH
T Nagar Commercial Hub,2026-08-26,12,2,120,90,30,27,78.07,75.0,MEDIUM
T Nagar Commercial Hub,2026-08-26,13,2,120,87,33,26,74.8,72.5,MEDIUM
T Nagar Commercial Hub,2026-08-26,14,2,120,79,41,30,75.68,65.83,MEDIUM
T Nagar Commercial Hub,2026-08-26,15,2,120,99,21,46,81.6,82.5,HIGH
T Nagar Commercial Hub,2026-08-26,16,2,120,99,21,33,76.17,82.5,HIGH
T Nagar Commercial Hub,2026-08-26,17,2,120,81,39,35,78.65,67.5,MEDIUM
T Nagar Commercial Hub,2026-08-26,18,2,120,76,44,29,63.36,63.33,MEDIUM
T Nagar Commercial Hub,2026-08-26,19,2,120,91,29,32,72.3,75.83,MEDIUM
T Nagar Commercial Hub,2026-08-26,20,2,120,41,79,17,40.5,34.17,LOW
T Nagar Commercial Hub,2026-08-26,21,2,120,57,63,18,38.54,47.5,LOW
T Nagar Commercial Hub,2026-08-26,22,2,120,67,53,14,54.71,55.83,MEDIUM
T Nagar Commercial Hub,2026-08-26,23,2,120,29,91,9,5.0,24.17,LOW
Velachery Metro Station,2026-08-26,0,2,200,36,164,16,24.79,18.0,LOW
Velachery Metro Station,2026-08-26,1,2,200,18,182,7,5.0,9.0,LOW
Velachery Metro Station,2026-08-26,2,2,200,21,179,5,5.0,10.5,LOW
Velachery Metro Station,2026-08-26,3,2,200,19,181,8,9.77,9.5,LOW
Velachery Metro Station,2026-08-26,4,2,200,24,176,5,8.22,12.0,LOW
Velachery Metro Station,2026-08-26,5,2,200,37,163,9,15.68,18.5,LOW
Velachery Metro Station,2026-08-26,6,2,200,21,179,8,18.2,10.5,LOW
Velachery Metro Station,2026-08-26,7,2,200,179,21,85,92.53,89.5,HIGH
Velachery Metro Station,2026-08-26,8,2,200,172,28,54,70.58,86.0,HIGH
Velachery Metro Station,2026-08-26,9,2,200,161,39,46,81.69,80.5,HIGH
Velachery Metro Station,2026-08-26,10,2,200,168,32,81,87.33,84.0,HIGH
Velachery Metro Station,2026-08-26,11,2,200,156,44,62,83.69,78.0,MEDIUM
Velachery Metro Station,2026-08-26,12,2,200,164,36,65,71.77,82.0,HIGH
Velachery Metro Station,2026-08-26,13,2,200,171,29,40,76.27,85.5,HIGH
Velachery Metro Station,2026-08-26,14,2,200,147,53,57,75.12,73.5,MEDIUM
Velachery Metro Station,2026-08-26,15,2,200,151,49,44,74.71,75.5,MEDIUM
Velachery Metro Station,2026-08-26,16,2,200,157,43,54,82.72,78.5,MEDIUM
Velachery Metro Station,2026-08-26,17,2,200,169,31,63,83.97,84.5,HIGH
Velachery Metro Station,2026-08-26,18,2,200,179,21,72,85.37,89.5,HIGH
Velachery Metro Station,2026-08-26,19,2,200,190,10,60,98.0,95.0,HIGH
Velachery Metro Station,2026-08-26,20,2,200,182,18,53,83.42,91.0,HIGH
Velachery Metro Station,2026-08-26,21,2,200,57,143,28,28.99,28.5,LOW
Velachery Metro Station,2026-08-26,22,2,200,112,88,47,54.91,56.0,MEDIUM
Velachery Metro Station,2026-08-26,23,2,200,69,131,28,41.15,34.5,LOW
OMR IT Park,2026-08-26,0,2,300,10,290,2,8.34,3.33,LOW
OMR IT Park,2026-08-26,1,2,300,33,267,11,14.44,11.0,LOW
OMR IT Park,2026-08-26,2,2,300,6,294,2,5.0,2.0,LOW
OMR IT Park,2026-08-26,3,2,300,14,286,6,5.0,4.67,LOW
OMR IT Park,2026-08-26,4,2,300,6,294,1,5.0,2.0,LOW
OMR IT Park,2026-08-26,5,2,300,22,278,5,19.0,7.33,LOW
OMR IT Park,2026-08-26,6,2,300,17,283,6,5.46,5.67,LOW
OMR IT Park,2026-08-26,7,2,300,27,273,7,5.0,9.0,LOW
OMR IT Park,2026-08-26,8,2,300,212,88,88,75.19,70.67,MEDIUM
OMR IT Park,2026-08-26,9,2,300,266,34,67,88.61,88.67,HIGH
OMR IT Park,2026-08-26,10,2,300,221,79,85,84.55,73.67,MEDIUM
OMR IT Park,2026-08-26,11,2,300,278,22,131,88.96,92.67,HIGH
OMR IT Park,2026-08-26,12,2,300,261,39,108,85.83,87.0,HIGH
OMR IT Park,2026-08-26,13,2,300,262,38,85,93.54,87.33,HIGH
OMR IT Park,2026-08-26,14,2,300,278,22,65,94.19,92.67,HIGH
OMR IT Park,2026-08-26,15,2,300,270,30,73,88.16,90.0,HIGH
OMR IT Park,2026-08-26,16,2,300,262,38,71,98.0,87.33,HIGH
OMR IT Park,2026-08-26,17,2,300,221,79,90,79.05,73.67,MEDIUM
OMR IT Park,2026-08-26,18,2,300,172,128,76,58.43,57.33,MEDIUM
OMR IT Park,2026-08-26,19,2,300,169,131,74,64.84,56.33,MEDIUM
OMR IT Park,2026-08-26,20,2,300,62,238,25,19.51,20.67,LOW
OMR IT Park,2026-08-26,21,2,300,110,190,24,34.69,36.67,LOW
OMR IT Park,2026-08-26,22,2,300,61,239,22,20.32,20.33,LOW
OMR IT Park,2026-08-26,23,2,300,28,272,7,13.91,9.33,LOW
Anna Nagar Center,2026-08-26,0,2,100,14,86,5,10.06,14.0,LOW
Anna Nagar Center,2026-08-26,1,2,100,14,86,3,17.51,14.0,LOW
Anna Nagar Center,2026-08-26,2,2,100,6,94,1,15.17,6.0,LOW
Anna Nagar Center,2026-08-26,3,2,100,21,79,9,13.32,21.0,LOW
Anna Nagar Center,2026-08-26,4,2,100,17,83,5,17.79,17.0,LOW
Anna Nagar Center,2026-08-26,5,2,100,13,87,6,9.09,13.0,LOW
Anna Nagar Center,2026-08-26,6,2,100,32,68,12,27.96,32.0,LOW
Anna Nagar Center,2026-08-26,7,2,100,10,90,5,13.0,10.0,LOW
Anna Nagar Center,2026-08-26,8,2,100,58,42,22,59.7,58.0,MEDIUM
Anna Nagar Center,2026-08-26,9,2,100,61,39,28,51.78,61.0,MEDIUM
Anna Nagar Center,2026-08-26,10,2,100,54,46,18,58.0,54.0,MEDIUM
Anna Nagar Center,2026-08-26,11,2,100,62,38,23,66.1,62.0,MEDIUM
Anna Nagar Center,2026-08-26,12,2,100,77,23,23,90.09,77.0,MEDIUM
Anna Nagar Center,2026-08-26,13,2,100,73,27,33,73.85,73.0,MEDIUM
Anna Nagar Center,2026-08-26,14,2,100,72,28,23,64.22,72.0,MEDIUM
Anna Nagar Center,2026-08-26,15,2,100,68,32,20,65.22,68.0,MEDIUM
Anna Nagar Center,2026-08-26,16,2,100,35,65,13,37.22,35.0,LOW
Anna Nagar Center,2026-08-26,17,2,100,66,34,22,67.48,66.0,MEDIUM
Anna Nagar Center,2026-08-26,18,2,100,74,26,32,74.37,74.0,MEDIUM
Anna Nagar Center,2026-08-26,19,2,100,90,10,28,93.13,90.0,HIGH
Anna Nagar Center,2026-08-26,20,2,100,78,22,16,82.29,78.0,MEDIUM
Anna Nagar Center,2026-08-26,21,2,100,75,25,17,81.52,75.0,MEDIUM
Anna Nagar Center,2026-08-26,22,2,100,29,71,13,30.33,29.0,LOW
Anna Nagar Center,2026-08-26,23,2,100,18,82,9,19.55,18.0,LOW
Guindy Corporate Park,2026-08-26,0,2,180,8,172,4,10.6,4.44,LOW
Guindy Corporate Park,2026-08-26,1,2,180,15,165,7,5.0,8.33,LOW
Guindy Corporate Park,2026-08-26,2,2,180,9,171,4,5.0,5.0,LOW
Guindy Corporate Park,2026-08-26,3,2,180,10,170,3,12.02,5.56,LOW
Guindy Corporate Park,2026-08-26,4,2,180,4,176,1,5.0,2.22,LOW
Guindy Corporate Park,2026-08-26,5,2,180,4,176,2,5.0,2.22,LOW
Guindy Corporate Park,2026-08-26,6,2,180,17,163,6,12.54,9.44,LOW
Guindy Corporate Park,2026-08-26,7,2,180,13,167,6,6.87,7.22,LOW
Guindy Corporate Park,2026-08-26,8,2,180,176,4,85,97.11,97.78,HIGH
Guindy Corporate Park,2026-08-26,9,2,180,130,50,28,72.56,72.22,MEDIUM
Guindy Corporate Park,2026-08-26,10,2,180,156,24,40,87.44,86.67,HIGH
Guindy Corporate Park,2026-08-26,11,2,180,148,32,68,83.27,82.22,HIGH
Guindy Corporate Park,2026-08-26,12,2,180,172,8,43,98.0,95.56,HIGH
Guindy Corporate Park,2026-08-26,13,2,180,164,16,37,91.19,91.11,HIGH
Guindy Corporate Park,2026-08-26,14,2,180,155,25,67,92.22,86.11,HIGH
Guindy Corporate Park,2026-08-26,15,2,180,141,39,65,79.62,78.33,MEDIUM
Guindy Corporate Park,2026-08-26,16,2,180,180,0,65,97.14,100.0,HIGH
Guindy Corporate Park,2026-08-26,17,2,180,103,77,21,58.38,57.22,MEDIUM
Guindy Corporate Park,2026-08-26,18,2,180,122,58,47,68.84,67.78,MEDIUM
Guindy Corporate Park,2026-08-26,19,2,180,116,64,30,51.74,64.44,MEDIUM
Guindy Corporate Park,2026-08-26,20,2,180,39,141,19,25.42,21.67,LOW
Guindy Corporate Park,2026-08-26,21,2,180,30,150,10,15.89,16.67,LOW
Guindy Corporate Park,2026-08-26,22,2,180,60,120,24,37.28,33.33,LOW
Guindy Corporate Park,2026-08-26,23,2,180,9,171,4,12.19,5.0,LOW
Chennai Mall,2026-08-27,0,3,150,24,126,8,24.5,16.0,LOW
Chennai Mall,2026-08-27,1,3,150,21,129,5,8.68,14.0,LOW
Chennai Mall,2026-08-27,2,3,150,22,128,5,6.87,14.67,LOW
Chennai Mall,2026-08-27,3,3,150,10,140,4,10.54,6.67,LOW
Chennai Mall,2026-08-27,4,3,150,16,134,7,5.0,10.67,LOW
Chennai Mall,2026-08-27,5,3,150,24,126,7,17.14,16.0,LOW
Chennai Mall,2026-08-27,6,3,150,30,120,15,23.89,20.0,LOW
Chennai Mall,2026-08-27,7,3,150,3,147,1,5.0,2.0,LOW
Chennai Mall,2026-08-27,8,3,150,24,126,6,12.15,16.0,LOW
Chennai Mall,2026-08-27,9,3,150,14,136,5,11.04,9.33,LOW
Chennai Mall,2026-08-27,10,3,150,3,147,1,5.0,2.0,LOW
Chennai Mall,2026-08-27,11,3,150,20,130,10,5.0,13.33,LOW
Chennai Mall,2026-08-27,12,3,150,70,80,31,39.33,46.67,LOW
Chennai Mall,2026-08-27,13,3,150,69,81,29,43.41,46.0,LOW
Chennai Mall,2026-08-27,14,3,150,89,61,25,70.0,59.33,MEDIUM
Chennai Mall,2026-08-27,15,3,150,71,79,31,44.61,47.33,LOW
Chennai Mall,2026-08-27,16,3,150,12,138,3,22.03,8.0,LOW
Chennai Mall,2026-08-27,17,3,150,100,50,28,66.65,66.67,MEDIUM
Chennai Mall,2026-08-27,18,3,150,101,49,49,56.14,67.33,MEDIUM
Chennai Mall,2026-08-27,19,3,150,109,41,49,71.54,72.67,MEDIUM
Chennai Mall,2026-08-27,20,3,150,111,39,32,71.68,74.0,MEDIUM
Chennai Mall,2026-08-27,21,3,150,133,17,51,91.89,88.67,HIGH
Chennai Mall,2026-08-27,22,3,150,33,117,11,30.91,22.0,LOW
Chennai Mall,2026-08-27,23,3,150,34,116,12,12.76,22.67,LOW
T Nagar Commercial Hub,2026-08-27,0,3,120,18,102,6,9.2,15.0,LOW
T Nagar Commercial Hub,2026-08-27,1,3,120,18,102,6,15.04,15.0,LOW
T Nagar Commercial Hub,2026-08-27,2,3,120,18,102,8,15.43,15.0,LOW
T Nagar Commercial Hub,2026-08-27,3,3,120,8,112,3,11.77,6.67,LOW
T Nagar Commercial Hub,2026-08-27,4,3,120,17,103,7,12.42,14.17,LOW
T Nagar Commercial Hub,2026-08-27,5,3,120,24,96,11,6.39,20.0,LOW
T Nagar Commercial Hub,2026-08-27,6,3,120,10,110,5,7.77,8.33,LOW
T Nagar Commercial Hub,2026-08-27,7,3,120,10,110,3,16.94,8.33,LOW
T Nagar Commercial Hub,2026-08-27,8,3,120,31,89,8,12.08,25.83,LOW
T Nagar Commercial Hub,2026-08-27,9,3,120,9,111,3,16.03,7.5,LOW
T Nagar Commercial Hub,2026-08-27,10,3,120,77,43,33,66.24,64.17,MEDIUM
T Nagar Commercial Hub,2026-08-27,11,3,120,76,44,22,64.43,63.33,MEDIUM
T Nagar Commercial Hub,2026-08-27,12,3,120,84,36,28,80.56,70.0,MEDIUM
T Nagar Commercial Hub,2026-08-27,13,3,120,75,45,29,65.73,62.5,MEDIUM
T Nagar Commercial Hub,2026-08-27,14,3,120,96,24,31,83.62,80.0,HIGH
T Nagar Commercial Hub,2026-08-27,15,3,120,105,15,28,86.51,87.5,HIGH
T Nagar Commercial Hub,2026-08-27,16,3,120,76,44,35,63.22,63.33,MEDIUM
T Nagar Commercial Hub,2026-08-27,17,3,120,87,33,18,74.26,72.5,MEDIUM
T Nagar Commercial Hub,2026-08-27,18,3,120,78,42,20,57.37,65.0,MEDIUM
T Nagar Commercial Hub,2026-08-27,19,3,120,82,38,18,70.86,68.33,MEDIUM
T Nagar Commercial Hub,2026-08-27,20,3,120,60,60,24,49.81,50.0,MEDIUM
T Nagar Commercial Hub,2026-08-27,21,3,120,68,52,31,52.59,56.67,MEDIUM
T Nagar Commercial Hub,2026-08-27,22,3,120,67,53,14,65.8,55.83,MEDIUM
T Nagar Commercial Hub,2026-08-27,23,3,120,9,111,3,10.92,7.5,LOW
Velachery Metro Station,2026-08-27,0,3,200,33,167,13,18.31,16.5,LOW
Velachery Metro Station,2026-08-27,1,3,200,39,161,11,14.11,19.5,LOW
Velachery Metro Station,2026-08-27,2,3,200,30,170,11,10.3,15.0,LOW
Velachery Metro Station,2026-08-27,3,3,200,37,163,10,17.89,18.5,LOW
Velachery Metro Station,2026-08-27,4,3,200,29,171,11,9.51,14.5,LOW
Velachery Metro Station,2026-08-27,5,3,200,5,195,2,5.0,2.5,LOW
Velachery Metro Station,2026-08-27,6,3,200,15,185,3,5.0,7.5,LOW
Velachery Metro Station,2026-08-27,7,3,200,193,7,51,98.0,96.5,HIGH
Velachery Metro Station,2026-08-27,8,3,200,176,24,39,84.23,88.0,HIGH
Velachery Metro Station,2026-08-27,9,3,200,186,14,38,83.82,93.0,HIGH
Velachery Metro Station,2026-08-27,10,3,200,173,27,52,89.46,86.5,HIGH
Velachery Metro Station,2026-08-27,11,3,200,135,65,46,71.26,67.5,MEDIUM
Velachery Metro Station,2026-08-27,12,3,200,150,50,68,83.52,75.0,MEDIUM
Velachery Metro Station,2026-08-27,13,3,200,172,28,56,94.49,86.0,HIGH
Velachery Metro Station,2026-08-27,14,3,200,171,29,65,79.79,85.5,HIGH
Velachery Metro Station,2026-08-27,15,3,200,140,60,56,75.18,70.0,MEDIUM
Velachery Metro Station,2026-08-27,16,3,200,177,23,39,88.41,88.5,HIGH
Velachery Metro Station,2026-08-27,17,3,200,195,5,46,95.0,97.5,HIGH
Velachery Metro Station,2026-08-27,18,3,200,200,0,97,90.54,100.0,HIGH
Velachery Metro Station,2026-08-27,19,3,200,181,19,45,96.96,90.5,HIGH
Velachery Metro Station,2026-08-27,20,3,200,191,9,45,88.63,95.5,HIGH
Velachery Metro Station,2026-08-27,21,3,200,81,119,24,40.98,40.5,LOW
Velachery Metro Station,2026-08-27,22,3,200,67,133,22,38.4,33.5,LOW
Velachery Metro Station,2026-08-27,23,3,200,62,138,18,30.06,31.0,LOW
OMR IT Park,2026-08-27,0,3,300,45,255,21,6.59,15.0,LOW
OMR IT Park,2026-08-27,1,3,300,8,292,4,5.0,2.67,LOW
OMR IT Park,2026-08-27,2,3,300,34,266,9,6.34,11.33,LOW
OMR IT Park,2026-08-27,3,3,300,24,276,7,5.54,8.0,LOW
OMR IT Park,2026-08-27,4,3,300,6,294,3,5.0,2.0,LOW
OMR IT Park,2026-08-27,5,3,300,30,270,12,6.8,10.0,LOW
OMR IT Park,2026-08-27,6,3,300,6,294,3,5.0,2.0,LOW
OMR IT Park,2026-08-27,7,3,300,35,265,11,7.19,11.67,LOW
OMR IT Park,2026-08-27,8,3,300,266,34,108,91.63,88.67,HIGH
OMR IT Park,2026-08-27,9,3,300,274,26,97,90.72,91.33,HIGH
OMR IT Park,2026-08-27,10,3,300,280,20,99,98.0,93.33,HIGH
OMR IT Park,2026-08-27,11,3,300,296,4,81,91.14,98.67,HIGH
OMR IT Park,2026-08-27,12,3,300,239,61,108,90.51,79.67,MEDIUM
OMR IT Park,2026-08-27,13,3,300,281,19,58,88.15,93.67,HIGH
OMR IT Park,2026-08-27,14,3,300,254,46,113,91.53,84.67,HIGH
OMR IT Park,2026-08-27,15,3,300,240,60,56,72.06,80.0,HIGH
OMR IT Park,2026-08-27,16,3,300,294,6,109,98.0,98.0,HIGH
OMR IT Park,2026-08-27,17,3,300,214,86,94,75.66,71.33,MEDIUM
OMR IT Park,2026-08-27,18,3,300,178,122,74,43.37,59.33,MEDIUM
OMR IT Park,2026-08-27,19,3,300,162,138,65,60.24,54.0,MEDIUM
OMR IT Park,2026-08-27,20,3,300,73,227,25,28.57,24.33,LOW
OMR IT Park,2026-08-27,21,3,300,101,199,27,40.2,33.67,LOW
OMR IT Park,2026-08-27,22,3,300,88,212,20,41.39,29.33,LOW
OMR IT Park,2026-08-27,23,3,300,32,268,12,5.0,10.67,LOW
Anna Nagar Center,2026-08-27,0,3,100,26,74,6,22.16,26.0,LOW
Anna Nagar Center,2026-08-27,1,3,100,17,83,6,12.1,17.0,LOW
Anna Nagar Center,2026-08-27,2,3,100,21,79,5,23.89,21.0,LOW
Anna Nagar Center,2026-08-27,3,3,100,11,89,4,5.0,11.0,LOW
Anna Nagar Center,2026-08-27,4,3,100,12,88,5,8.89,12.0,LOW
Anna Nagar Center,2026-08-27,5,3,100,19,81,8,24.94,19.0,LOW
Anna Nagar Center,2026-08-27,6,3,100,6,94,1,5.0,6.0,LOW
Anna Nagar Center,2026-08-27,7,3,100,15,85,4,5.0,15.0,LOW
Anna Nagar Center,2026-08-27,8,3,100,56,44,16,63.32,56.0,MEDIUM
Anna Nagar Center,2026-08-27,9,3,100,53,47,18,51.41,53.0,MEDIUM
Anna Nagar Center,2026-08-27,10,3,100,66,34,14,64.63,66.0,MEDIUM
Anna Nagar Center,2026-08-27,11,3,100,67,33,21,63.79,67.0,MEDIUM
Anna Nagar Center,2026-08-27,12,3,100,78,22,38,77.65,78.0,MEDIUM
Anna Nagar Center,2026-08-27,13,3,100,82,18,39,87.17,82.0,HIGH
Anna Nagar Center,2026-08-27,14,3,100,85,15,36,73.64,85.0,HIGH
Anna Nagar Center,2026-08-27,15,3,100,82,18,26,81.23,82.0,HIGH
Anna Nagar Center,2026-08-27,16,3,100,53,47,13,47.19,53.0,MEDIUM
Anna Nagar Center,2026-08-27,17,3,100,58,42,18,53.76,58.0,MEDIUM
Anna Nagar Center,2026-08-27,18,3,100,68,32,18,71.42,68.0,MEDIUM
Anna Nagar Center,2026-08-27,19,3,100,79,21,16,82.94,79.0,MEDIUM
Anna Nagar Center,2026-08-27,20,3,100,73,27,20,82.13,73.0,MEDIUM
Anna Nagar Center,2026-08-27,21,3,100,74,26,21,76.75,74.0,MEDIUM
Anna Nagar Center,2026-08-27,22,3,100,20,80,5,17.44,20.0,LOW
Anna Nagar Center,2026-08-27,23,3,100,25,75,12,36.69,25.0,LOW
Guindy Corporate Park,2026-08-27,0,3,180,10,170,3,5.9,5.56,LOW
Guindy Corporate Park,2026-08-27,1,3,180,4,176,1,5.0,2.22,LOW
Guindy Corporate Park,2026-08-27,2,3,180,26,154,6,10.56,14.44,LOW
Guindy Corporate Park,2026-08-27,3,3,180,7,173,2,5.0,3.89,LOW
Guindy Corporate Park,2026-08-27,4,3,180,9,171,3,5.0,5.0,LOW
Guindy Corporate Park,2026-08-27,5,3,180,13,167,3,9.71,7.22,LOW
Guindy Corporate Park,2026-08-27,6,3,180,5,175,2,5.0,2.78,LOW
Guindy Corporate Park,2026-08-27,7,3,180,4,176,1,7.28,2.22,LOW
Guindy Corporate Park,2026-08-27,8,3,180,164,16,54,93.91,91.11,HIGH
Guindy Corporate Park,2026-08-27,9,3,180,153,27,56,84.59,85.0,HIGH
Guindy Corporate Park,2026-08-27,10,3,180,121,59,29,71.79,67.22,MEDIUM
Guindy Corporate Park,2026-08-27,11,3,180,156,24,48,93.22,86.67,HIGH
Guindy Corporate Park,2026-08-27,12,3,180,155,25,42,81.36,86.11,HIGH
Guindy Corporate Park,2026-08-27,13,3,180,158,22,47,86.01,87.78,HIGH
Guindy Corporate Park,2026-08-27,14,3,180,164,16,40,90.13,91.11,HIGH
Guindy Corporate Park,2026-08-27,15,3,180,151,29,34,72.13,83.89,HIGH
Guindy Corporate Park,2026-08-27,16,3,180,142,38,36,90.24,78.89,MEDIUM
Guindy Corporate Park,2026-08-27,17,3,180,100,80,35,56.03,55.56,MEDIUM
Guindy Corporate Park,2026-08-27,18,3,180,109,71,44,61.95,60.56,MEDIUM
Guindy Corporate Park,2026-08-27,19,3,180,115,65,34,66.32,63.89,MEDIUM
Guindy Corporate Park,2026-08-27,20,3,180,59,121,20,39.72,32.78,LOW
Guindy Corporate Park,2026-08-27,21,3,180,43,137,18,21.59,23.89,LOW
Guindy Corporate Park,2026-08-27,22,3,180,47,133,13,28.62,26.11,LOW
Guindy Corporate Park,2026-08-27,23,3,180,8,172,4,5.57,4.44,LOW
Chennai Mall,2026-08-28,0,4,150,16,134,6,7.24,10.67,LOW
Chennai Mall,2026-08-28,1,4,150,28,122,8,15.32,18.67,LOW
Chennai Mall,2026-08-28,2,4,150,33,117,16,18.35,22.0,LOW
Chennai Mall,2026-08-28,3,4,150,21,129,8,11.5,14.0,LOW
Chennai Mall,2026-08-28,4,4,150,8,142,3,7.58,5.33,LOW
Chennai Mall,2026-08-28,5,4,150,23,127,9,17.56,15.33,LOW
Chennai Mall,2026-08-28,6,4,150,29,121,6,18.09,19.33,LOW
Chennai Mall,2026-08-28,7,4,150,29,121,7,15.94,19.33,LOW
Chennai Mall,2026-08-28,8,4,150,38,112,17,31.0,25.33,LOW
Chennai Mall,2026-08-28,9,4,150,26,124,11,23.01,17.33,LOW
Chennai Mall,2026-08-28,10,4,150,26,124,13,25.09,17.33,LOW
Chennai Mall,2026-08-28,11,4,150,32,118,10,18.79,21.33,LOW
Chennai Mall,2026-08-28,12,4,150,84,66,22,48.39,56.0,MEDIUM
Chennai Mall,2026-08-28,13,4,150,87,63,31,63.71,58.0,MEDIUM
Chennai Mall,2026-08-28,14,4,150,72,78,25,48.98,48.0,LOW
Chennai Mall,2026-08-28,15,4,150,83,67,22,55.6,55.33,MEDIUM
Chennai Mall,2026-08-28,16,4,150,21,129,6,7.38,14.0,LOW
Chennai Mall,2026-08-28,17,4,150,116,34,24,76.33,77.33,MEDIUM
Chennai Mall,2026-08-28,18,4,150,114,36,41,78.23,76.0,MEDIUM
Chennai Mall,2026-08-28,19,4,150,116,34,28,77.09,77.33,MEDIUM
Chennai Mall,2026-08-28,20,4,150,119,31,30,84.93,79.33,MEDIUM
Chennai Mall,2026-08-28,21,4,150,121,29,56,83.92,80.67,HIGH
Chennai Mall,2026-08-28,22,4,150,29,121,13,16.29,19.33,LOW
Chennai Mall,2026-08-28,23,4,150,40,110,18,27.5,26.67,LOW
T Nagar Commercial Hub,2026-08-28,0,4,120,2,118,1,5.0,1.67,LOW
T Nagar Commercial Hub,2026-08-28,1,4,120,2,118,1,6.43,1.67,LOW
T Nagar Commercial Hub,2026-08-28,2,4,120,18,102,7,13.07,15.0,LOW
T Nagar Commercial Hub,2026-08-28,3,4,120,9,111,4,15.19,7.5,LOW
T Nagar Commercial Hub,2026-08-28,4,4,120,17,103,5,8.35,14.17,LOW
T Nagar Commercial Hub,2026-08-28,5,4,120,13,107,6,9.28,10.83,LOW
T Nagar Commercial Hub,2026-08-28,6,4,120,10,110,4,7.18,8.33,LOW
T Nagar Commercial Hub,2026-08-28,7,4,120,13,107,4,8.54,10.83,LOW
T Nagar Commercial Hub,2026-08-28,8,4,120,24,96,10,14.52,20.0,LOW
T Nagar Commercial Hub,2026-08-28,9,4,120,10,110,2,12.5,8.33,LOW
T Nagar Commercial Hub,2026-08-28,10,4,120,95,25,45,81.61,79.17,MEDIUM
T Nagar Commercial Hub,2026-08-28,11,4,120,100,20,25,83.23,83.33,HIGH
T Nagar Commercial Hub,2026-08-28,12,4,120,92,28,43,80.6,76.67,MEDIUM
T Nagar Commercial Hub,2026-08-28,13,4,120,71,49,25,59.97,59.17,MEDIUM
T Nagar Commercial Hub,2026-08-28,14,4,120,89,31,38,73.36,74.17,MEDIUM
T Nagar Commercial Hub,2026-08-28,15,4,120,93,27,41,73.6,77.5,MEDIUM
T Nagar Commercial Hub,2026-08-28,16,4,120,88,32,26,79.95,73.33,MEDIUM
T Nagar Commercial Hub,2026-08-28,17,4,120,100,20,36,85.26,83.33,HIGH
T Nagar Commercial Hub,2026-08-28,18,4,120,82,38,32,59.53,68.33,MEDIUM
T Nagar Commercial Hub,2026-08-28,19,4,120,103,17,47,69.9,85.83,HIGH
T Nagar Commercial Hub,2026-08-28,20,4,120,63,57,19,55.84,52.5,MEDIUM
T Nagar Commercial Hub,2026-08-28,21,4,120,61,59,20,48.24,50.83,MEDIUM
T Nagar Commercial Hub,2026-08-28,22,4,120,72,48,25,59.64,60.0,MEDIUM
T Nagar Commercial Hub,2026-08-28,23,4,120,25,95,8,15.82,20.83,LOW
Velachery Metro Station,2026-08-28,0,4,200,34,166,10,8.91,17.0,LOW
Velachery Metro Station,2026-08-28,1,4,200,6,194,2,5.0,3.0,LOW
Velachery Metro Station,2026-08-28,2,4,200,22,178,7,24.53,11.0,LOW
Velachery Metro Station,2026-08-28,3,4,200,15,185,6,15.63,7.5,LOW
Velachery Metro Station,2026-08-28,4,4,200,30,170,9,9.76,15.0,LOW
Velachery Metro Station,2026-08-28,5,4,200,25,175,11,12.52,12.5,LOW
Velachery Metro Station,2026-08-28,6,4,200,20,180,5,8.27,10.0,LOW
Velachery Metro Station,2026-08-28,7,4,200,170,30,56,86.3,85.0,HIGH
Velachery Metro Station,2026-08-28,8,4,200,177,23,40,86.3,88.5,HIGH
Velachery Metro Station,2026-08-28,9,4,200,189,11,85,96.88,94.5,HIGH
Velachery Metro Station,2026-08-28,10,4,200,169,31,64,82.4,84.5,HIGH
Velachery Metro Station,2026-08-28,11,4,200,144,56,71,68.67,72.0,MEDIUM
Velachery Metro Station,2026-08-28,12,4,200,161,39,44,78.12,80.5,HIGH
Velachery Metro Station,2026-08-28,13,4,200,150,50,32,77.95,75.0,MEDIUM
Velachery Metro Station,2026-08-28,14,4,200,161,39,51,86.16,80.5,HIGH
Velachery Metro Station,2026-08-28,15,4,200,156,44,34,79.41,78.0,MEDIUM
Velachery Metro Station,2026-08-28,16,4,200,163,37,60,82.63,81.5,HIGH
Velachery Metro Station,2026-08-28,17,4,200,193,7,57,92.82,96.5,HIGH
Velachery Metro Station,2026-08-28,18,4,200,178,22,88,94.07,89.0,HIGH
Velachery Metro Station,2026-08-28,19,4,200,171,29,79,76.75,85.5,HIGH
Velachery Metro Station,2026-08-28,20,4,200,178,22,58,93.07,89.0,HIGH
Velachery Metro Station,2026-08-28,21,4,200,63,137,30,33.11,31.5,LOW
Velachery Metro Station,2026-08-28,22,4,200,89,111,34,39.91,44.5,LOW
Velachery Metro Station,2026-08-28,23,4,200,72,128,27,40.82,36.0,LOW
OMR IT Park,2026-08-28,0,4,300,41,259,9,6.83,13.67,LOW
OMR IT Park,2026-08-28,1,4,300,26,274,9,16.59,8.67,LOW
OMR IT Park,2026-08-28,2,4,300,6,294,2,5.0,2.0,LOW
OMR IT Park,2026-08-28,3,4,300,22,278,8,6.34,7.33,LOW
OMR IT Park,2026-08-28,4,4,300,23,277,7,5.47,7.67,LOW
OMR IT Park,2026-08-28,5,4,300,35,265,11,7.47,11.67,LOW
OMR IT Park,2026-08-28,6,4,300,33,267,15,11.32,11.0,LOW
OMR IT Park,2026-08-28,7,4,300,29,271,9,5.0,9.67,LOW
OMR IT Park,2026-08-28,8,4,300,214,86,51,77.43,71.33,MEDIUM
OMR IT Park,2026-08-28,9,4,300,251,49,103,86.73,83.67,HIGH
OMR IT Park,2026-08-28,10,4,300,257,43,58,84.6,85.67,HIGH
OMR IT Park,2026-08-28,11,4,300,259,41,119,84.28,86.33,HIGH
OMR IT Park,2026-08-28,12,4,300,241,59,100,74.94,80.33,HIGH
OMR IT Park,2026-08-28,13,4,300,256,44,123,88.99,85.33,HIGH
OMR IT Park,2026-08-28,14,4,300,279,21,132,98.0,93.0,HIGH
OMR IT Park,2026-08-28,15,4,300,273,27,83,89.79,91.0,HIGH
OMR IT Park,2026-08-28,16,4,300,281,19,92,88.41,93.67,HIGH
OMR IT Park,2026-08-28,17,4,300,182,118,75,61.16,60.67,MEDIUM
OMR IT Park,2026-08-28,18,4,300,174,126,66,65.19,58.0,MEDIUM
OMR IT Park,2026-08-28,19,4,300,212,88,106,66.77,70.67,MEDIUM
OMR IT Park,2026-08-28,20,4,300,105,195,31,36.53,35.0,LOW
OMR IT Park,2026-08-28,21,4,300,65,235,25,31.08,21.67,LOW
OMR IT Park,2026-08-28,22,4,300,80,220,33,29.08,26.67,LOW
OMR IT Park,2026-08-28,23,4,300,13,287,3,5.0,4.33,LOW
Anna Nagar Center,2026-08-28,0,4,100,11,89,2,15.9,11.0,LOW
Anna Nagar Center,2026-08-28,1,4,100,15,85,6,14.24,15.0,LOW
Anna Nagar Center,2026-08-28,2,4,100,14,86,6,19.92,14.0,LOW
Anna Nagar Center,2026-08-28,3,4,100,7,93,3,5.0,7.0,LOW
Anna Nagar Center,2026-08-28,4,4,100,23,77,9,30.26,23.0,LOW
Anna Nagar Center,2026-08-28,5,4,100,9,91,3,22.12,9.0,LOW
Anna Nagar Center,2026-08-28,6,4,100,27,73,8,21.53,27.0,LOW
Anna Nagar Center,2026-08-28,7,4,100,23,77,9,28.83,23.0,LOW
Anna Nagar Center,2026-08-28,8,4,100,63,37,26,48.92,63.0,MEDIUM
Anna Nagar Center,2026-08-28,9,4,100,54,46,18,46.08,54.0,MEDIUM
Anna Nagar Center,2026-08-28,10,4,100,49,51,18,45.39,49.0,LOW
Anna Nagar Center,2026-08-28,11,4,100,51,49,19,56.29,51.0,MEDIUM
Anna Nagar Center,2026-08-28,12,4,100,75,25,24,70.7,75.0,MEDIUM
Anna Nagar Center,2026-08-28,13,4,100,73,27,32,70.79,73.0,MEDIUM
Anna Nagar Center,2026-08-28,14,4,100,76,24,29,68.31,76.0,MEDIUM
Anna Nagar Center,2026-08-28,15,4,100,66,34,14,67.72,66.0,MEDIUM
Anna Nagar Center,2026-08-28,16,4,100,65,35,17,64.83,65.0,MEDIUM
Anna Nagar Center,2026-08-28,17,4,100,54,46,19,44.55,54.0,MEDIUM
Anna Nagar Center,2026-08-28,18,4,100,77,23,35,71.58,77.0,MEDIUM
Anna Nagar Center,2026-08-28,19,4,100,76,24,32,70.13,76.0,MEDIUM
Anna Nagar Center,2026-08-28,20,4,100,70,30,22,68.51,70.0,MEDIUM
Anna Nagar Center,2026-08-28,21,4,100,65,35,17,66.68,65.0,MEDIUM
Anna Nagar Center,2026-08-28,22,4,100,7,93,3,5.0,7.0,LOW
Anna Nagar Center,2026-08-28,23,4,100,13,87,4,15.42,13.0,LOW
Guindy Corporate Park,2026-08-28,0,4,180,4,176,1,9.62,2.22,LOW
Guindy Corporate Park,2026-08-28,1,4,180,8,172,2,5.0,4.44,LOW
Guindy Corporate Park,2026-08-28,2,4,180,20,160,5,5.0,11.11,LOW
Guindy Corporate Park,2026-08-28,3,4,180,9,171,2,5.0,5.0,LOW
Guindy Corporate Park,2026-08-28,4,4,180,7,173,1,5.81,3.89,LOW
Guindy Corporate Park,2026-08-28,5,4,180,6,174,3,11.46,3.33,LOW
Guindy Corporate Park,2026-08-28,6,4,180,22,158,7,5.0,12.22,LOW
Guindy Corporate Park,2026-08-28,7,4,180,18,162,4,5.0,10.0,LOW
Guindy Corporate Park,2026-08-28,8,4,180,155,25,73,85.18,86.11,HIGH
Guindy Corporate Park,2026-08-28,9,4,180,140,40,31,80.59,77.78,MEDIUM
Guindy Corporate Park,2026-08-28,10,4,180,131,49,31,77.79,72.78,MEDIUM
Guindy Corporate Park,2026-08-28,11,4,180,161,19,36,95.5,89.44,HIGH
Guindy Corporate Park,2026-08-28,12,4,180,167,13,37,91.04,92.78,HIGH
Guindy Corporate Park,2026-08-28,13,4,180,160,20,38,93.67,88.89,HIGH
Guindy Corporate Park,2026-08-28,14,4,180,167,13,66,97.16,92.78,HIGH
Guindy Corporate Park,2026-08-28,15,4,180,149,31,53,87.66,82.78,HIGH
Guindy Corporate Park,2026-08-28,16,4,180,172,8,67,94.6,95.56,HIGH
Guindy Corporate Park,2026-08-28,17,4,180,97,83,36,50.21,53.89,MEDIUM
Guindy Corporate Park,2026-08-28,18,4,180,103,77,37,61.68,57.22,MEDIUM
Guindy Corporate Park,2026-08-28,19,4,180,98,82,35,53.62,54.44,MEDIUM
Guindy Corporate Park,2026-08-28,20,4,180,45,135,17,28.29,25.0,LOW
Guindy Corporate Park,2026-08-28,21,4,180,42,138,15,21.82,23.33,LOW
Guindy Corporate Park,2026-08-28,22,4,180,40,140,17,21.97,22.22,LOW
Guindy Corporate Park,2026-08-28,23,4,180,20,160,8,7.34,11.11,LOW
Chennai Mall,2026-08-29,0,5,150,24,126,5,21.68,16.0,LOW
Chennai Mall,2026-08-29,1,5,150,38,112,12,26.41,25.33,LOW
Chennai Mall,2026-08-29,2,5,150,40,110,16,20.12,26.67,LOW
Chennai Mall,2026-08-29,3,5,150,27,123,13,23.94,18.0,LOW
Chennai Mall,2026-08-29,4,5,150,21,129,6,8.51,14.0,LOW
Chennai Mall,2026-08-29,5,5,150,41,109,20,17.24,27.33,LOW
Chennai Mall,2026-08-29,6,5,150,37,113,18,24.54,24.67,LOW
Chennai Mall,2026-08-29,7,5,150,31,119,7,14.08,20.67,LOW
Chennai Mall,2026-08-29,8,5,150,9,141,3,18.18,6.0,LOW
Chennai Mall,2026-08-29,9,5,150,34,116,11,25.45,22.67,LOW
Chennai Mall,2026-08-29,10,5,150,37,113,11,25.11,24.67,LOW
Chennai Mall,2026-08-29,11,5,150,105,45,36,74.09,70.0,MEDIUM
Chennai Mall,2026-08-29,12,5,150,110,40,52,64.4,73.33,MEDIUM
Chennai Mall,2026-08-29,13,5,150,119,31,43,83.62,79.33,MEDIUM
Chennai Mall,2026-08-29,14,5,150,116,34,46,71.28,77.33,MEDIUM
Chennai Mall,2026-08-29,15,5,150,133,17,66,86.54,88.67,HIGH
Chennai Mall,2026-08-29,16,5,150,134,16,28,98.0,89.33,HIGH
Chennai Mall,2026-08-29,17,5,150,147,3,65,93.99,98.0,HIGH
Chennai Mall,2026-08-29,18,5,150,145,5,48,98.0,96.67,HIGH
Chennai Mall,2026-08-29,19,5,150,144,6,50,98.0,96.0,HIGH
Chennai Mall,2026-08-29,20,5,150,134,16,37,89.6,89.33,HIGH
Chennai Mall,2026-08-29,21,5,150,149,1,63,96.69,99.33,HIGH
Chennai Mall,2026-08-29,22,5,150,57,93,27,30.48,38.0,LOW
Chennai Mall,2026-08-29,23,5,150,74,76,26,50.61,49.33,LOW
T Nagar Commercial Hub,2026-08-29,0,5,120,26,94,8,11.76,21.67,LOW
T Nagar Commercial Hub,2026-08-29,1,5,120,43,77,19,37.03,35.83,LOW
T Nagar Commercial Hub,2026-08-29,2,5,120,49,71,23,31.48,40.83,LOW
T Nagar Commercial Hub,2026-08-29,3,5,120,25,95,6,23.09,20.83,LOW
T Nagar Commercial Hub,2026-08-29,4,5,120,43,77,18,36.54,35.83,LOW
T Nagar Commercial Hub,2026-08-29,5,5,120,25,95,9,13.08,20.83,LOW
T Nagar Commercial Hub,2026-08-29,6,5,120,45,75,12,41.81,37.5,LOW
T Nagar Commercial Hub,2026-08-29,7,5,120,20,100,5,13.03,16.67,LOW
T Nagar Commercial Hub,2026-08-29,8,5,120,52,68,17,41.9,43.33,LOW
T Nagar Commercial Hub,2026-08-29,9,5,120,41,79,18,32.96,34.17,LOW
T Nagar Commercial Hub,2026-08-29,10,5,120,34,86,14,35.9,28.33,LOW
T Nagar Commercial Hub,2026-08-29,11,5,120,118,2,42,93.14,98.33,HIGH
T Nagar Commercial Hub,2026-08-29,12,5,120,112,8,43,97.45,93.33,HIGH
T Nagar Commercial Hub,2026-08-29,13,5,120,113,7,56,91.66,94.17,HIGH
T Nagar Commercial Hub,2026-08-29,14,5,120,98,22,31,88.06,81.67,HIGH
T Nagar Commercial Hub,2026-08-29,15,5,120,120,0,25,94.66,100.0,HIGH
T Nagar Commercial Hub,2026-08-29,16,5,120,104,16,32,87.2,86.67,HIGH
T Nagar Commercial Hub,2026-08-29,17,5,120,118,2,34,88.79,98.33,HIGH
T Nagar Commercial Hub,2026-08-29,18,5,120,97,23,28,72.75,80.83,HIGH
T Nagar Commercial Hub,2026-08-29,19,5,120,107,13,45,91.09,89.17,HIGH
T Nagar Commercial Hub,2026-08-29,20,5,120,104,16,28,80.26,86.67,HIGH
T Nagar Commercial Hub,2026-08-29,21,5,120,106,14,47,86.95,88.33,HIGH
T Nagar Commercial Hub,2026-08-29,22,5,120,28,92,9,28.03,23.33,LOW
T Nagar Commercial Hub,2026-08-29,23,5,120,13,107,3,17.73,10.83,LOW
Velachery Metro Station,2026-08-29,0,5,200,80,120,36,33.62,40.0,LOW
Velachery Metro Station,2026-08-29,1,5,200,27,173,6,15.44,13.5,LOW
Velachery Metro Station,2026-08-29,2,5,200,51,149,20,22.76,25.5,LOW
Velachery Metro Station,2026-08-29,3,5,200,89,111,29,37.77,44.5,LOW
Velachery Metro Station,2026-08-29,4,5,200,69,131,29,32.92,34.5,LOW
Velachery Metro Station,2026-08-29,5,5,200,97,103,24,49.89,48.5,LOW
Velachery Metro Station,2026-08-29,6,5,200,62,138,26,35.96,31.0,LOW
Velachery Metro Station,2026-08-29,7,5,200,75,125,29,44.12,37.5,LOW
Velachery Metro Station,2026-08-29,8,5,200,59,141,27,29.89,29.5,LOW
Velachery Metro Station,2026-08-29,9,5,200,35,165,16,22.47,17.5,LOW
Velachery Metro Station,2026-08-29,10,5,200,55,145,13,25.08,27.5,LOW
Velachery Metro Station,2026-08-29,11,5,200,61,139,29,19.74,30.5,LOW
Velachery Metro Station,2026-08-29,12,5,200,81,119,24,46.85,40.5,LOW
Velachery Metro Station,2026-08-29,13,5,200,79,121,22,46.65,39.5,LOW
Velachery Metro Station,2026-08-29,14,5,200,60,140,28,30.93,30.0,LOW
Velachery Metro Station,2026-08-29,15,5,200,67,133,24,38.0,33.5,LOW
Velachery Metro Station,2026-08-29,16,5,200,92,108,29,42.0,46.0,LOW
Velachery Metro Station,2026-08-29,17,5,200,53,147,21,39.12,26.5,LOW
Velachery Metro Station,2026-08-29,18,5,200,71,129,16,26.85,35.5,LOW
Velachery Metro Station,2026-08-29,19,5,200,94,106,22,50.69,47.0,LOW
Velachery Metro Station,2026-08-29,20,5,200,92,108,43,37.83,46.0,LOW
Velachery Metro Station,2026-08-29,21,5,200,73,127,35,40.17,36.5,LOW
Velachery Metro Station,2026-08-29,22,5,200,56,144,21,25.31,28.0,LOW
Velachery Metro Station,2026-08-29,23,5,200,91,109,23,49.65,45.5,LOW
OMR IT Park,2026-08-29,0,5,300,53,247,23,16.64,17.67,LOW
OMR IT Park,2026-08-29,1,5,300,21,279,5,7.22,7.0,LOW
OMR IT Park,2026-08-29,2,5,300,33,267,14,7.69,11.0,LOW
OMR IT Park,2026-08-29,3,5,300,39,261,8,15.37,13.0,LOW
OMR IT Park,2026-08-29,4,5,300,43,257,12,7.36,14.33,LOW
OMR IT Park,2026-08-29,5,5,300,62,238,23,14.64,20.67,LOW
OMR IT Park,2026-08-29,6,5,300,6,294,3,5.0,2.0,LOW
OMR IT Park,2026-08-29,7,5,300,38,262,15,20.75,12.67,LOW
OMR IT Park,2026-08-29,8,5,300,20,280,6,13.63,6.67,LOW
OMR IT Park,2026-08-29,9,5,300,77,223,38,18.17,25.67,LOW
OMR IT Park,2026-08-29,10,5,300,35,265,7,19.76,11.67,LOW
OMR IT Park,2026-08-29,11,5,300,52,248,18,20.75,17.33,LOW
OMR IT Park,2026-08-29,12,5,300,31,269,10,11.72,10.33,LOW
OMR IT Park,2026-08-29,13,5,300,23,277,9,5.46,7.67,LOW
OMR IT Park,2026-08-29,14,5,300,64,236,30,24.2,21.33,LOW
OMR IT Park,2026-08-29,15,5,300,32,268,7,5.49,10.67,LOW
OMR IT Park,2026-08-29,16,5,300,54,246,16,27.05,18.0,LOW
OMR IT Park,2026-08-29,17,5,300,20,280,9,5.0,6.67,LOW
OMR IT Park,2026-08-29,18,5,300,22,278,5,10.4,7.33,LOW
OMR IT Park,2026-08-29,19,5,300,61,239,18,27.67,20.33,LOW
OMR IT Park,2026-08-29,20,5,300,46,254,21,24.24,15.33,LOW
OMR IT Park,2026-08-29,21,5,300,33,267,16,6.59,11.0,LOW
OMR IT Park,2026-08-29,22,5,300,34,266,16,5.3,11.33,LOW
OMR IT Park,2026-08-29,23,5,300,30,270,12,19.31,10.0,LOW
Anna Nagar Center,2026-08-29,0,5,100,33,67,11,33.87,33.0,LOW
Anna Nagar Center,2026-08-29,1,5,100,22,78,7,24.06,22.0,LOW
Anna Nagar Center,2026-08-29,2,5,100,37,63,15,35.23,37.0,LOW
Anna Nagar Center,2026-08-29,3,5,100,27,73,8,18.61,27.0,LOW
Anna Nagar Center,2026-08-29,4,5,100,40,60,18,31.47,40.0,LOW
Anna Nagar Center,2026-08-29,5,5,100,16,84,6,20.55,16.0,LOW
Anna Nagar Center,2026-08-29,6,5,100,19,81,4,28.99,19.0,LOW
Anna Nagar Center,2026-08-29,7,5,100,38,62,14,37.9,38.0,LOW
Anna Nagar Center,2026-08-29,8,5,100,35,65,17,33.29,35.0,LOW
Anna Nagar Center,2026-08-29,9,5,100,34,66,7,33.54,34.0,LOW
Anna Nagar Center,2026-08-29,10,5,100,26,74,11,24.61,26.0,LOW
Anna Nagar Center,2026-08-29,11,5,100,36,64,15,31.67,36.0,LOW
Anna Nagar Center,2026-08-29,12,5,100,82,18,24,80.31,82.0,HIGH
Anna Nagar Center,2026-08-29,13,5,100,87,13,43,81.6,87.0,HIGH
Anna Nagar Center,2026-08-29,14,5,100,89,11,23,91.42,89.0,HIGH
Anna Nagar Center,2026-08-29,15,5,100,78,22,27,82.33,78.0,MEDIUM
Anna Nagar Center,2026-08-29,16,5,100,90,10,40,90.48,90.0,HIGH
Anna Nagar Center,2026-08-29,17,5,100,80,20,17,74.31,80.0,HIGH
Anna Nagar Center,2026-08-29,18,5,100,78,22,27,86.43,78.0,MEDIUM
Anna Nagar Center,2026-08-29,19,5,100,85,15,25,92.12,85.0,HIGH
Anna Nagar Center,2026-08-29,20,5,100,87,13,28,96.09,87.0,HIGH
Anna Nagar Center,2026-08-29,21,5,100,80,20,35,86.21,80.0,HIGH
Anna Nagar Center,2026-08-29,22,5,100,89,11,21,88.41,89.0,HIGH
Anna Nagar Center,2026-08-29,23,5,100,24,76,9,17.95,24.0,LOW
Guindy Corporate Park,2026-08-29,0,5,180,17,163,9,18.41,9.44,LOW
Guindy Corporate Park,2026-08-29,1,5,180,32,148,11,11.11,17.78,LOW
Guindy Corporate Park,2026-08-29,2,5,180,31,149,12,11.85,17.22,LOW
Guindy Corporate Park,2026-08-29,3,5,180,35,145,13,23.87,19.44,LOW
Guindy Corporate Park,2026-08-29,4,5,180,35,145,16,19.52,19.44,LOW
Guindy Corporate Park,2026-08-29,5,5,180,41,139,12,12.96,22.78,LOW
Guindy Corporate Park,2026-08-29,6,5,180,21,159,7,9.29,11.67,LOW
Guindy Corporate Park,2026-08-29,7,5,180,24,156,11,9.25,13.33,LOW
Guindy Corporate Park,2026-08-29,8,5,180,18,162,9,5.0,10.0,LOW
Guindy Corporate Park,2026-08-29,9,5,180,32,148,13,14.64,17.78,LOW
Guindy Corporate Park,2026-08-29,10,5,180,32,148,10,15.31,17.78,LOW
Guindy Corporate Park,2026-08-29,11,5,180,17,163,4,10.67,9.44,LOW
Guindy Corporate Park,2026-08-29,12,5,180,7,173,2,7.67,3.89,LOW
Guindy Corporate Park,2026-08-29,13,5,180,30,150,8,14.72,16.67,LOW
Guindy Corporate Park,2026-08-29,14,5,180,4,176,1,10.0,2.22,LOW
Guindy Corporate Park,2026-08-29,15,5,180,28,152,7,11.39,15.56,LOW
Guindy Corporate Park,2026-08-29,16,5,180,32,148,7,8.25,17.78,LOW
Guindy Corporate Park,2026-08-29,17,5,180,26,154,11,12.84,14.44,LOW
Guindy Corporate Park,2026-08-29,18,5,180,21,159,8,7.57,11.67,LOW
Guindy Corporate Park,2026-08-29,19,5,180,11,169,2,5.0,6.11,LOW
Guindy Corporate Park,2026-08-29,20,5,180,21,159,8,19.49,11.67,LOW
Guindy Corporate Park,2026-08-29,21,5,180,22,158,10,5.32,12.22,LOW
Guindy Corporate Park,2026-08-29,22,5,180,23,157,5,20.55,12.78,LOW
Guindy Corporate Park,2026-08-29,23,5,180,30,150,9,10.44,16.67,LOW
